<?xml version="1.0" encoding="UTF-8"?>
<gpx version="1.1" creator="runaway-sim" xmlns="http://www.topografix.com/GPX/1/1">
<trk><name>clean10</name><trkseg>
<trkpt lat="37.8940245" lon="127.1999874"><time>2026-09-10T06:00:00Z</time><extensions><accuracy>8.5</accuracy></extensions></trkpt>
<trkpt lat="37.8940487" lon="127.1999721"><time>2026-09-10T06:00:01Z</time><extensions><accuracy>9.8</accuracy></extensions></trkpt>
<trkpt lat="37.8940606" lon="127.1999775"><time>2026-09-10T06:00:02Z</time><extensions><accuracy>6.1</accuracy></extensions></trkpt>
<trkpt lat="37.8940885" lon="127.1999770"><time>2026-09-10T06:00:03Z</time><extensions><accuracy>8.6</accuracy></extensions></trkpt>
<trkpt lat="37.8941142" lon="127.1999876"><time>2026-09-10T06:00:04Z</time><extensions><accuracy>7.9</accuracy></extensions></trkpt>
<trkpt lat="37.8941436" lon="127.1999893"><time>2026-09-10T06:00:05Z</time><extensions><accuracy>8.3</accuracy></extensions></trkpt>
<trkpt lat="37.8941772" lon="127.1999846"><time>2026-09-10T06:00:06Z</time><extensions><accuracy>7.1</accuracy></extensions></trkpt>
<trkpt lat="37.8942029" lon="127.1999826"><time>2026-09-10T06:00:07Z</time><extensions><accuracy>6.6</accuracy></extensions></trkpt>
<trkpt lat="37.8942280" lon="127.1999849"><time>2026-09-10T06:00:08Z</time><extensions><accuracy>8.5</accuracy></extensions></trkpt>
<trkpt lat="37.8942538" lon="127.1999917"><time>2026-09-10T06:00:09Z</time><extensions><accuracy>9.5</accuracy></extensions></trkpt>
<trkpt lat="37.8942818" lon="127.1999893"><time>2026-09-10T06:00:10Z</time><extensions><accuracy>9.9</accuracy></extensions></trkpt>
<trkpt lat="37.8942982" lon="127.1999888"><time>2026-09-10T06:00:11Z</time><extensions><accuracy>9.8</accuracy></extensions></trkpt>
<trkpt lat="37.8943312" lon="127.1999872"><time>2026-09-10T06:00:12Z</time><extensions><accuracy>6.8</accuracy></extensions></trkpt>
<trkpt lat="37.8943596" lon="127.1999861"><time>2026-09-10T06:00:13Z</time><extensions><accuracy>9.9</accuracy></extensions></trkpt>
<trkpt lat="37.8943856" lon="127.1999924"><time>2026-09-10T06:00:14Z</time><extensions><accuracy>7.4</accuracy></extensions></trkpt>
<trkpt lat="37.8944076" lon="127.2000043"><time>2026-09-10T06:00:15Z</time><extensions><accuracy>6.3</accuracy></extensions></trkpt>
<trkpt lat="37.8944299" lon="127.2000008"><time>2026-09-10T06:00:16Z</time><extensions><accuracy>6.0</accuracy></extensions></trkpt>
<trkpt lat="37.8944572" lon="127.1999961"><time>2026-09-10T06:00:17Z</time><extensions><accuracy>7.2</accuracy></extensions></trkpt>
<trkpt lat="37.8944731" lon="127.2000005"><time>2026-09-10T06:00:18Z</time><extensions><accuracy>7.3</accuracy></extensions></trkpt>
<trkpt lat="37.8944992" lon="127.2000034"><time>2026-09-10T06:00:19Z</time><extensions><accuracy>6.2</accuracy></extensions></trkpt>
<trkpt lat="37.8945248" lon="127.2000055"><time>2026-09-10T06:00:20Z</time><extensions><accuracy>9.0</accuracy></extensions></trkpt>
<trkpt lat="37.8945447" lon="127.2000158"><time>2026-09-10T06:00:21Z</time><extensions><accuracy>9.2</accuracy></extensions></trkpt>
<trkpt lat="37.8945732" lon="127.2000201"><time>2026-09-10T06:00:22Z</time><extensions><accuracy>6.0</accuracy></extensions></trkpt>
<trkpt lat="37.8946013" lon="127.2000344"><time>2026-09-10T06:00:23Z</time><extensions><accuracy>9.8</accuracy></extensions></trkpt>
<trkpt lat="37.8946309" lon="127.2000347"><time>2026-09-10T06:00:24Z</time><extensions><accuracy>9.7</accuracy></extensions></trkpt>
<trkpt lat="37.8946458" lon="127.2000356"><time>2026-09-10T06:00:25Z</time><extensions><accuracy>7.4</accuracy></extensions></trkpt>
<trkpt lat="37.8946707" lon="127.2000259"><time>2026-09-10T06:00:26Z</time><extensions><accuracy>6.4</accuracy></extensions></trkpt>
<trkpt lat="37.8947089" lon="127.2000336"><time>2026-09-10T06:00:27Z</time><extensions><accuracy>9.4</accuracy></extensions></trkpt>
<trkpt lat="37.8947291" lon="127.2000454"><time>2026-09-10T06:00:28Z</time><extensions><accuracy>6.4</accuracy></extensions></trkpt>
<trkpt lat="37.8947468" lon="127.2000624"><time>2026-09-10T06:00:29Z</time><extensions><accuracy>9.7</accuracy></extensions></trkpt>
<trkpt lat="37.8947698" lon="127.2000708"><time>2026-09-10T06:00:30Z</time><extensions><accuracy>8.2</accuracy></extensions></trkpt>
<trkpt lat="37.8947976" lon="127.2000753"><time>2026-09-10T06:00:31Z</time><extensions><accuracy>6.7</accuracy></extensions></trkpt>
<trkpt lat="37.8948258" lon="127.2000779"><time>2026-09-10T06:00:32Z</time><extensions><accuracy>8.8</accuracy></extensions></trkpt>
<trkpt lat="37.8948573" lon="127.2000800"><time>2026-09-10T06:00:33Z</time><extensions><accuracy>6.2</accuracy></extensions></trkpt>
<trkpt lat="37.8948822" lon="127.2000925"><time>2026-09-10T06:00:34Z</time><extensions><accuracy>7.6</accuracy></extensions></trkpt>
<trkpt lat="37.8949009" lon="127.2000972"><time>2026-09-10T06:00:35Z</time><extensions><accuracy>9.3</accuracy></extensions></trkpt>
<trkpt lat="37.8949267" lon="127.2000990"><time>2026-09-10T06:00:36Z</time><extensions><accuracy>6.2</accuracy></extensions></trkpt>
<trkpt lat="37.8949528" lon="127.2000988"><time>2026-09-10T06:00:37Z</time><extensions><accuracy>8.0</accuracy></extensions></trkpt>
<trkpt lat="37.8949848" lon="127.2000989"><time>2026-09-10T06:00:38Z</time><extensions><accuracy>8.9</accuracy></extensions></trkpt>
<trkpt lat="37.8950135" lon="127.2001073"><time>2026-09-10T06:00:39Z</time><extensions><accuracy>9.2</accuracy></extensions></trkpt>
<trkpt lat="37.8950400" lon="127.2001058"><time>2026-09-10T06:00:40Z</time><extensions><accuracy>6.6</accuracy></extensions></trkpt>
<trkpt lat="37.8950748" lon="127.2001097"><time>2026-09-10T06:00:41Z</time><extensions><accuracy>7.8</accuracy></extensions></trkpt>
<trkpt lat="37.8950918" lon="127.2001161"><time>2026-09-10T06:00:42Z</time><extensions><accuracy>9.9</accuracy></extensions></trkpt>
<trkpt lat="37.8951108" lon="127.2001210"><time>2026-09-10T06:00:43Z</time><extensions><accuracy>8.9</accuracy></extensions></trkpt>
<trkpt lat="37.8951380" lon="127.2001307"><time>2026-09-10T06:00:44Z</time><extensions><accuracy>7.6</accuracy></extensions></trkpt>
<trkpt lat="37.8951694" lon="127.2001322"><time>2026-09-10T06:00:45Z</time><extensions><accuracy>10.0</accuracy></extensions></trkpt>
<trkpt lat="37.8951915" lon="127.2001392"><time>2026-09-10T06:00:46Z</time><extensions><accuracy>8.0</accuracy></extensions></trkpt>
<trkpt lat="37.8952172" lon="127.2001295"><time>2026-09-10T06:00:47Z</time><extensions><accuracy>7.1</accuracy></extensions></trkpt>
<trkpt lat="37.8952428" lon="127.2001227"><time>2026-09-10T06:00:48Z</time><extensions><accuracy>7.4</accuracy></extensions></trkpt>
<trkpt lat="37.8952613" lon="127.2001184"><time>2026-09-10T06:00:49Z</time><extensions><accuracy>8.8</accuracy></extensions></trkpt>
<trkpt lat="37.8952837" lon="127.2001193"><time>2026-09-10T06:00:50Z</time><extensions><accuracy>7.5</accuracy></extensions></trkpt>
<trkpt lat="37.8953085" lon="127.2001154"><time>2026-09-10T06:00:51Z</time><extensions><accuracy>7.9</accuracy></extensions></trkpt>
<trkpt lat="37.8953399" lon="127.2001194"><time>2026-09-10T06:00:52Z</time><extensions><accuracy>7.2</accuracy></extensions></trkpt>
<trkpt lat="37.8953704" lon="127.2001277"><time>2026-09-10T06:00:53Z</time><extensions><accuracy>8.3</accuracy></extensions></trkpt>
<trkpt lat="37.8953905" lon="127.2001283"><time>2026-09-10T06:00:54Z</time><extensions><accuracy>7.0</accuracy></extensions></trkpt>
<trkpt lat="37.8954077" lon="127.2001261"><time>2026-09-10T06:00:55Z</time><extensions><accuracy>9.3</accuracy></extensions></trkpt>
<trkpt lat="37.8954256" lon="127.2001255"><time>2026-09-10T06:00:56Z</time><extensions><accuracy>7.4</accuracy></extensions></trkpt>
<trkpt lat="37.8954432" lon="127.2001456"><time>2026-09-10T06:00:57Z</time><extensions><accuracy>9.3</accuracy></extensions></trkpt>
<trkpt lat="37.8954617" lon="127.2001360"><time>2026-09-10T06:00:58Z</time><extensions><accuracy>9.5</accuracy></extensions></trkpt>
<trkpt lat="37.8954793" lon="127.2001443"><time>2026-09-10T06:00:59Z</time><extensions><accuracy>9.8</accuracy></extensions></trkpt>
<trkpt lat="37.8955110" lon="127.2001393"><time>2026-09-10T06:01:00Z</time><extensions><accuracy>6.7</accuracy></extensions></trkpt>
<trkpt lat="37.8955323" lon="127.2001387"><time>2026-09-10T06:01:01Z</time><extensions><accuracy>7.9</accuracy></extensions></trkpt>
<trkpt lat="37.8955615" lon="127.2001601"><time>2026-09-10T06:01:02Z</time><extensions><accuracy>8.9</accuracy></extensions></trkpt>
<trkpt lat="37.8955829" lon="127.2001636"><time>2026-09-10T06:01:03Z</time><extensions><accuracy>8.3</accuracy></extensions></trkpt>
<trkpt lat="37.8956086" lon="127.2001637"><time>2026-09-10T06:01:04Z</time><extensions><accuracy>8.5</accuracy></extensions></trkpt>
<trkpt lat="37.8956363" lon="127.2001751"><time>2026-09-10T06:01:05Z</time><extensions><accuracy>8.9</accuracy></extensions></trkpt>
<trkpt lat="37.8956582" lon="127.2001815"><time>2026-09-10T06:01:06Z</time><extensions><accuracy>7.8</accuracy></extensions></trkpt>
<trkpt lat="37.8956814" lon="127.2001907"><time>2026-09-10T06:01:07Z</time><extensions><accuracy>8.7</accuracy></extensions></trkpt>
<trkpt lat="37.8957060" lon="127.2002037"><time>2026-09-10T06:01:08Z</time><extensions><accuracy>7.9</accuracy></extensions></trkpt>
<trkpt lat="37.8957288" lon="127.2002183"><time>2026-09-10T06:01:09Z</time><extensions><accuracy>6.5</accuracy></extensions></trkpt>
<trkpt lat="37.8957593" lon="127.2002303"><time>2026-09-10T06:01:10Z</time><extensions><accuracy>6.8</accuracy></extensions></trkpt>
<trkpt lat="37.8957776" lon="127.2002344"><time>2026-09-10T06:01:11Z</time><extensions><accuracy>7.5</accuracy></extensions></trkpt>
<trkpt lat="37.8958021" lon="127.2002447"><time>2026-09-10T06:01:12Z</time><extensions><accuracy>7.0</accuracy></extensions></trkpt>
<trkpt lat="37.8958253" lon="127.2002623"><time>2026-09-10T06:01:13Z</time><extensions><accuracy>7.6</accuracy></extensions></trkpt>
<trkpt lat="37.8958522" lon="127.2002664"><time>2026-09-10T06:01:14Z</time><extensions><accuracy>6.5</accuracy></extensions></trkpt>
<trkpt lat="37.8958745" lon="127.2002747"><time>2026-09-10T06:01:15Z</time><extensions><accuracy>6.1</accuracy></extensions></trkpt>
<trkpt lat="37.8958947" lon="127.2002931"><time>2026-09-10T06:01:16Z</time><extensions><accuracy>8.2</accuracy></extensions></trkpt>
<trkpt lat="37.8959215" lon="127.2002964"><time>2026-09-10T06:01:17Z</time><extensions><accuracy>9.8</accuracy></extensions></trkpt>
<trkpt lat="37.8959423" lon="127.2003016"><time>2026-09-10T06:01:18Z</time><extensions><accuracy>9.3</accuracy></extensions></trkpt>
<trkpt lat="37.8959607" lon="127.2003071"><time>2026-09-10T06:01:19Z</time><extensions><accuracy>6.6</accuracy></extensions></trkpt>
<trkpt lat="37.8959928" lon="127.2003161"><time>2026-09-10T06:01:20Z</time><extensions><accuracy>9.8</accuracy></extensions></trkpt>
<trkpt lat="37.8960172" lon="127.2003270"><time>2026-09-10T06:01:21Z</time><extensions><accuracy>7.4</accuracy></extensions></trkpt>
<trkpt lat="37.8960342" lon="127.2003342"><time>2026-09-10T06:01:22Z</time><extensions><accuracy>6.4</accuracy></extensions></trkpt>
<trkpt lat="37.8960505" lon="127.2003345"><time>2026-09-10T06:01:23Z</time><extensions><accuracy>6.6</accuracy></extensions></trkpt>
<trkpt lat="37.8960717" lon="127.2003485"><time>2026-09-10T06:01:24Z</time><extensions><accuracy>7.5</accuracy></extensions></trkpt>
<trkpt lat="37.8961020" lon="127.2003590"><time>2026-09-10T06:01:25Z</time><extensions><accuracy>7.2</accuracy></extensions></trkpt>
<trkpt lat="37.8961330" lon="127.2003658"><time>2026-09-10T06:01:26Z</time><extensions><accuracy>9.8</accuracy></extensions></trkpt>
<trkpt lat="37.8961637" lon="127.2003768"><time>2026-09-10T06:01:27Z</time><extensions><accuracy>7.0</accuracy></extensions></trkpt>
<trkpt lat="37.8961807" lon="127.2004074"><time>2026-09-10T06:01:28Z</time><extensions><accuracy>7.7</accuracy></extensions></trkpt>
<trkpt lat="37.8962034" lon="127.2004264"><time>2026-09-10T06:01:29Z</time><extensions><accuracy>8.0</accuracy></extensions></trkpt>
<trkpt lat="37.8962232" lon="127.2004317"><time>2026-09-10T06:01:30Z</time><extensions><accuracy>6.5</accuracy></extensions></trkpt>
<trkpt lat="37.8962496" lon="127.2004297"><time>2026-09-10T06:01:31Z</time><extensions><accuracy>7.2</accuracy></extensions></trkpt>
<trkpt lat="37.8962693" lon="127.2004403"><time>2026-09-10T06:01:32Z</time><extensions><accuracy>6.1</accuracy></extensions></trkpt>
<trkpt lat="37.8962945" lon="127.2004469"><time>2026-09-10T06:01:33Z</time><extensions><accuracy>9.7</accuracy></extensions></trkpt>
<trkpt lat="37.8963282" lon="127.2004766"><time>2026-09-10T06:01:34Z</time><extensions><accuracy>7.1</accuracy></extensions></trkpt>
<trkpt lat="37.8963469" lon="127.2004828"><time>2026-09-10T06:01:35Z</time><extensions><accuracy>7.2</accuracy></extensions></trkpt>
<trkpt lat="37.8963635" lon="127.2004872"><time>2026-09-10T06:01:36Z</time><extensions><accuracy>8.6</accuracy></extensions></trkpt>
<trkpt lat="37.8963880" lon="127.2004931"><time>2026-09-10T06:01:37Z</time><extensions><accuracy>6.5</accuracy></extensions></trkpt>
<trkpt lat="37.8964098" lon="127.2005105"><time>2026-09-10T06:01:38Z</time><extensions><accuracy>8.1</accuracy></extensions></trkpt>
<trkpt lat="37.8964288" lon="127.2005241"><time>2026-09-10T06:01:39Z</time><extensions><accuracy>8.1</accuracy></extensions></trkpt>
<trkpt lat="37.8964519" lon="127.2005351"><time>2026-09-10T06:01:40Z</time><extensions><accuracy>9.0</accuracy></extensions></trkpt>
<trkpt lat="37.8964643" lon="127.2005515"><time>2026-09-10T06:01:41Z</time><extensions><accuracy>7.0</accuracy></extensions></trkpt>
<trkpt lat="37.8964883" lon="127.2005631"><time>2026-09-10T06:01:42Z</time><extensions><accuracy>9.6</accuracy></extensions></trkpt>
<trkpt lat="37.8965065" lon="127.2005793"><time>2026-09-10T06:01:43Z</time><extensions><accuracy>9.1</accuracy></extensions></trkpt>
<trkpt lat="37.8965272" lon="127.2005851"><time>2026-09-10T06:01:44Z</time><extensions><accuracy>8.8</accuracy></extensions></trkpt>
<trkpt lat="37.8965482" lon="127.2006020"><time>2026-09-10T06:01:45Z</time><extensions><accuracy>9.6</accuracy></extensions></trkpt>
<trkpt lat="37.8965750" lon="127.2006198"><time>2026-09-10T06:01:46Z</time><extensions><accuracy>9.4</accuracy></extensions></trkpt>
<trkpt lat="37.8966099" lon="127.2006371"><time>2026-09-10T06:01:47Z</time><extensions><accuracy>9.3</accuracy></extensions></trkpt>
<trkpt lat="37.8966301" lon="127.2006512"><time>2026-09-10T06:01:48Z</time><extensions><accuracy>8.8</accuracy></extensions></trkpt>
<trkpt lat="37.8966573" lon="127.2006608"><time>2026-09-10T06:01:49Z</time><extensions><accuracy>9.1</accuracy></extensions></trkpt>
<trkpt lat="37.8966753" lon="127.2006701"><time>2026-09-10T06:01:50Z</time><extensions><accuracy>7.9</accuracy></extensions></trkpt>
<trkpt lat="37.8967041" lon="127.2006900"><time>2026-09-10T06:01:51Z</time><extensions><accuracy>7.3</accuracy></extensions></trkpt>
<trkpt lat="37.8967321" lon="127.2007040"><time>2026-09-10T06:01:52Z</time><extensions><accuracy>9.2</accuracy></extensions></trkpt>
<trkpt lat="37.8967582" lon="127.2007057"><time>2026-09-10T06:01:53Z</time><extensions><accuracy>9.3</accuracy></extensions></trkpt>
<trkpt lat="37.8967793" lon="127.2006987"><time>2026-09-10T06:01:54Z</time><extensions><accuracy>6.1</accuracy></extensions></trkpt>
<trkpt lat="37.8968026" lon="127.2007101"><time>2026-09-10T06:01:55Z</time><extensions><accuracy>10.0</accuracy></extensions></trkpt>
<trkpt lat="37.8968279" lon="127.2007338"><time>2026-09-10T06:01:56Z</time><extensions><accuracy>9.4</accuracy></extensions></trkpt>
<trkpt lat="37.8968508" lon="127.2007433"><time>2026-09-10T06:01:57Z</time><extensions><accuracy>9.8</accuracy></extensions></trkpt>
<trkpt lat="37.8968772" lon="127.2007548"><time>2026-09-10T06:01:58Z</time><extensions><accuracy>7.2</accuracy></extensions></trkpt>
<trkpt lat="37.8968977" lon="127.2007706"><time>2026-09-10T06:01:59Z</time><extensions><accuracy>8.4</accuracy></extensions></trkpt>
<trkpt lat="37.8969238" lon="127.2007851"><time>2026-09-10T06:02:00Z</time><extensions><accuracy>8.5</accuracy></extensions></trkpt>
<trkpt lat="37.8969488" lon="127.2007998"><time>2026-09-10T06:02:01Z</time><extensions><accuracy>7.5</accuracy></extensions></trkpt>
<trkpt lat="37.8969713" lon="127.2007989"><time>2026-09-10T06:02:02Z</time><extensions><accuracy>8.3</accuracy></extensions></trkpt>
<trkpt lat="37.8969900" lon="127.2008159"><time>2026-09-10T06:02:03Z</time><extensions><accuracy>6.5</accuracy></extensions></trkpt>
<trkpt lat="37.8970000" lon="127.2008313"><time>2026-09-10T06:02:04Z</time><extensions><accuracy>8.4</accuracy></extensions></trkpt>
<trkpt lat="37.8970320" lon="127.2008495"><time>2026-09-10T06:02:05Z</time><extensions><accuracy>7.5</accuracy></extensions></trkpt>
<trkpt lat="37.8970508" lon="127.2008575"><time>2026-09-10T06:02:06Z</time><extensions><accuracy>6.6</accuracy></extensions></trkpt>
<trkpt lat="37.8970669" lon="127.2008687"><time>2026-09-10T06:02:07Z</time><extensions><accuracy>9.6</accuracy></extensions></trkpt>
<trkpt lat="37.8970866" lon="127.2008818"><time>2026-09-10T06:02:08Z</time><extensions><accuracy>7.1</accuracy></extensions></trkpt>
<trkpt lat="37.8971075" lon="127.2008963"><time>2026-09-10T06:02:09Z</time><extensions><accuracy>9.0</accuracy></extensions></trkpt>
<trkpt lat="37.8971251" lon="127.2009197"><time>2026-09-10T06:02:10Z</time><extensions><accuracy>6.9</accuracy></extensions></trkpt>
<trkpt lat="37.8971474" lon="127.2009242"><time>2026-09-10T06:02:11Z</time><extensions><accuracy>6.7</accuracy></extensions></trkpt>
<trkpt lat="37.8971702" lon="127.2009367"><time>2026-09-10T06:02:12Z</time><extensions><accuracy>6.3</accuracy></extensions></trkpt>
<trkpt lat="37.8971908" lon="127.2009492"><time>2026-09-10T06:02:13Z</time><extensions><accuracy>6.5</accuracy></extensions></trkpt>
<trkpt lat="37.8972100" lon="127.2009655"><time>2026-09-10T06:02:14Z</time><extensions><accuracy>9.5</accuracy></extensions></trkpt>
<trkpt lat="37.8972430" lon="127.2009832"><time>2026-09-10T06:02:15Z</time><extensions><accuracy>9.2</accuracy></extensions></trkpt>
<trkpt lat="37.8972747" lon="127.2010129"><time>2026-09-10T06:02:16Z</time><extensions><accuracy>6.2</accuracy></extensions></trkpt>
<trkpt lat="37.8972983" lon="127.2010313"><time>2026-09-10T06:02:17Z</time><extensions><accuracy>8.7</accuracy></extensions></trkpt>
<trkpt lat="37.8973160" lon="127.2010346"><time>2026-09-10T06:02:18Z</time><extensions><accuracy>9.9</accuracy></extensions></trkpt>
<trkpt lat="37.8973354" lon="127.2010454"><time>2026-09-10T06:02:19Z</time><extensions><accuracy>6.6</accuracy></extensions></trkpt>
<trkpt lat="37.8973548" lon="127.2010696"><time>2026-09-10T06:02:20Z</time><extensions><accuracy>6.9</accuracy></extensions></trkpt>
<trkpt lat="37.8973759" lon="127.2010875"><time>2026-09-10T06:02:21Z</time><extensions><accuracy>7.4</accuracy></extensions></trkpt>
<trkpt lat="37.8973931" lon="127.2010925"><time>2026-09-10T06:02:22Z</time><extensions><accuracy>9.3</accuracy></extensions></trkpt>
<trkpt lat="37.8974207" lon="127.2011015"><time>2026-09-10T06:02:23Z</time><extensions><accuracy>7.7</accuracy></extensions></trkpt>
<trkpt lat="37.8974357" lon="127.2011126"><time>2026-09-10T06:02:24Z</time><extensions><accuracy>8.4</accuracy></extensions></trkpt>
<trkpt lat="37.8974604" lon="127.2011303"><time>2026-09-10T06:02:25Z</time><extensions><accuracy>7.6</accuracy></extensions></trkpt>
<trkpt lat="37.8974952" lon="127.2011505"><time>2026-09-10T06:02:26Z</time><extensions><accuracy>6.8</accuracy></extensions></trkpt>
<trkpt lat="37.8975178" lon="127.2011668"><time>2026-09-10T06:02:27Z</time><extensions><accuracy>7.9</accuracy></extensions></trkpt>
<trkpt lat="37.8975464" lon="127.2011770"><time>2026-09-10T06:02:28Z</time><extensions><accuracy>7.9</accuracy></extensions></trkpt>
<trkpt lat="37.8975660" lon="127.2011946"><time>2026-09-10T06:02:29Z</time><extensions><accuracy>7.7</accuracy></extensions></trkpt>
<trkpt lat="37.8975912" lon="127.2012173"><time>2026-09-10T06:02:30Z</time><extensions><accuracy>6.6</accuracy></extensions></trkpt>
<trkpt lat="37.8976156" lon="127.2012311"><time>2026-09-10T06:02:31Z</time><extensions><accuracy>7.5</accuracy></extensions></trkpt>
<trkpt lat="37.8976368" lon="127.2012521"><time>2026-09-10T06:02:32Z</time><extensions><accuracy>7.0</accuracy></extensions></trkpt>
<trkpt lat="37.8976592" lon="127.2012770"><time>2026-09-10T06:02:33Z</time><extensions><accuracy>7.1</accuracy></extensions></trkpt>
<trkpt lat="37.8976857" lon="127.2012902"><time>2026-09-10T06:02:34Z</time><extensions><accuracy>6.1</accuracy></extensions></trkpt>
<trkpt lat="37.8977039" lon="127.2012970"><time>2026-09-10T06:02:35Z</time><extensions><accuracy>9.8</accuracy></extensions></trkpt>
<trkpt lat="37.8977281" lon="127.2013130"><time>2026-09-10T06:02:36Z</time><extensions><accuracy>7.9</accuracy></extensions></trkpt>
<trkpt lat="37.8977472" lon="127.2013406"><time>2026-09-10T06:02:37Z</time><extensions><accuracy>8.7</accuracy></extensions></trkpt>
<trkpt lat="37.8977706" lon="127.2013615"><time>2026-09-10T06:02:38Z</time><extensions><accuracy>8.9</accuracy></extensions></trkpt>
<trkpt lat="37.8977921" lon="127.2013810"><time>2026-09-10T06:02:39Z</time><extensions><accuracy>6.1</accuracy></extensions></trkpt>
<trkpt lat="37.8978185" lon="127.2013966"><time>2026-09-10T06:02:40Z</time><extensions><accuracy>7.6</accuracy></extensions></trkpt>
<trkpt lat="37.8978349" lon="127.2014146"><time>2026-09-10T06:02:41Z</time><extensions><accuracy>7.2</accuracy></extensions></trkpt>
<trkpt lat="37.8978553" lon="127.2014273"><time>2026-09-10T06:02:42Z</time><extensions><accuracy>8.9</accuracy></extensions></trkpt>
<trkpt lat="37.8978701" lon="127.2014295"><time>2026-09-10T06:02:43Z</time><extensions><accuracy>7.0</accuracy></extensions></trkpt>
<trkpt lat="37.8978775" lon="127.2014557"><time>2026-09-10T06:02:44Z</time><extensions><accuracy>8.6</accuracy></extensions></trkpt>
<trkpt lat="37.8979085" lon="127.2014780"><time>2026-09-10T06:02:45Z</time><extensions><accuracy>6.0</accuracy></extensions></trkpt>
<trkpt lat="37.8979367" lon="127.2014980"><time>2026-09-10T06:02:46Z</time><extensions><accuracy>7.6</accuracy></extensions></trkpt>
<trkpt lat="37.8979525" lon="127.2015147"><time>2026-09-10T06:02:47Z</time><extensions><accuracy>10.0</accuracy></extensions></trkpt>
<trkpt lat="37.8979845" lon="127.2015388"><time>2026-09-10T06:02:48Z</time><extensions><accuracy>6.4</accuracy></extensions></trkpt>
<trkpt lat="37.8980068" lon="127.2015553"><time>2026-09-10T06:02:49Z</time><extensions><accuracy>8.0</accuracy></extensions></trkpt>
<trkpt lat="37.8980326" lon="127.2015750"><time>2026-09-10T06:02:50Z</time><extensions><accuracy>7.0</accuracy></extensions></trkpt>
<trkpt lat="37.8980526" lon="127.2015998"><time>2026-09-10T06:02:51Z</time><extensions><accuracy>6.2</accuracy></extensions></trkpt>
<trkpt lat="37.8980742" lon="127.2016176"><time>2026-09-10T06:02:52Z</time><extensions><accuracy>7.2</accuracy></extensions></trkpt>
<trkpt lat="37.8980970" lon="127.2016426"><time>2026-09-10T06:02:53Z</time><extensions><accuracy>9.9</accuracy></extensions></trkpt>
<trkpt lat="37.8981146" lon="127.2016591"><time>2026-09-10T06:02:54Z</time><extensions><accuracy>7.6</accuracy></extensions></trkpt>
<trkpt lat="37.8981400" lon="127.2016820"><time>2026-09-10T06:02:55Z</time><extensions><accuracy>7.3</accuracy></extensions></trkpt>
<trkpt lat="37.8981506" lon="127.2016909"><time>2026-09-10T06:02:56Z</time><extensions><accuracy>9.7</accuracy></extensions></trkpt>
<trkpt lat="37.8981777" lon="127.2017096"><time>2026-09-10T06:02:57Z</time><extensions><accuracy>6.9</accuracy></extensions></trkpt>
<trkpt lat="37.8981925" lon="127.2017243"><time>2026-09-10T06:02:58Z</time><extensions><accuracy>7.9</accuracy></extensions></trkpt>
<trkpt lat="37.8982105" lon="127.2017268"><time>2026-09-10T06:02:59Z</time><extensions><accuracy>8.5</accuracy></extensions></trkpt>
<trkpt lat="37.8982205" lon="127.2017499"><time>2026-09-10T06:03:00Z</time><extensions><accuracy>7.2</accuracy></extensions></trkpt>
<trkpt lat="37.8982446" lon="127.2017728"><time>2026-09-10T06:03:01Z</time><extensions><accuracy>6.9</accuracy></extensions></trkpt>
<trkpt lat="37.8982662" lon="127.2017784"><time>2026-09-10T06:03:02Z</time><extensions><accuracy>6.4</accuracy></extensions></trkpt>
<trkpt lat="37.8982879" lon="127.2017999"><time>2026-09-10T06:03:03Z</time><extensions><accuracy>7.3</accuracy></extensions></trkpt>
<trkpt lat="37.8983129" lon="127.2018231"><time>2026-09-10T06:03:04Z</time><extensions><accuracy>7.0</accuracy></extensions></trkpt>
<trkpt lat="37.8983326" lon="127.2018449"><time>2026-09-10T06:03:05Z</time><extensions><accuracy>8.3</accuracy></extensions></trkpt>
<trkpt lat="37.8983558" lon="127.2018655"><time>2026-09-10T06:03:06Z</time><extensions><accuracy>8.8</accuracy></extensions></trkpt>
<trkpt lat="37.8983734" lon="127.2018870"><time>2026-09-10T06:03:07Z</time><extensions><accuracy>7.1</accuracy></extensions></trkpt>
<trkpt lat="37.8983891" lon="127.2019172"><time>2026-09-10T06:03:08Z</time><extensions><accuracy>7.7</accuracy></extensions></trkpt>
<trkpt lat="37.8984152" lon="127.2019296"><time>2026-09-10T06:03:09Z</time><extensions><accuracy>8.2</accuracy></extensions></trkpt>
<trkpt lat="37.8984290" lon="127.2019453"><time>2026-09-10T06:03:10Z</time><extensions><accuracy>9.0</accuracy></extensions></trkpt>
<trkpt lat="37.8984406" lon="127.2019501"><time>2026-09-10T06:03:11Z</time><extensions><accuracy>9.3</accuracy></extensions></trkpt>
<trkpt lat="37.8984590" lon="127.2019650"><time>2026-09-10T06:03:12Z</time><extensions><accuracy>8.9</accuracy></extensions></trkpt>
<trkpt lat="37.8984766" lon="127.2019881"><time>2026-09-10T06:03:13Z</time><extensions><accuracy>9.2</accuracy></extensions></trkpt>
<trkpt lat="37.8984986" lon="127.2020135"><time>2026-09-10T06:03:14Z</time><extensions><accuracy>6.3</accuracy></extensions></trkpt>
<trkpt lat="37.8985178" lon="127.2020364"><time>2026-09-10T06:03:15Z</time><extensions><accuracy>8.7</accuracy></extensions></trkpt>
<trkpt lat="37.8985361" lon="127.2020561"><time>2026-09-10T06:03:16Z</time><extensions><accuracy>9.1</accuracy></extensions></trkpt>
<trkpt lat="37.8985593" lon="127.2020813"><time>2026-09-10T06:03:17Z</time><extensions><accuracy>6.2</accuracy></extensions></trkpt>
<trkpt lat="37.8985860" lon="127.2020985"><time>2026-09-10T06:03:18Z</time><extensions><accuracy>9.4</accuracy></extensions></trkpt>
<trkpt lat="37.8986001" lon="127.2021218"><time>2026-09-10T06:03:19Z</time><extensions><accuracy>6.9</accuracy></extensions></trkpt>
<trkpt lat="37.8986267" lon="127.2021430"><time>2026-09-10T06:03:20Z</time><extensions><accuracy>7.3</accuracy></extensions></trkpt>
<trkpt lat="37.8986450" lon="127.2021602"><time>2026-09-10T06:03:21Z</time><extensions><accuracy>9.3</accuracy></extensions></trkpt>
<trkpt lat="37.8986678" lon="127.2021908"><time>2026-09-10T06:03:22Z</time><extensions><accuracy>8.1</accuracy></extensions></trkpt>
<trkpt lat="37.8986955" lon="127.2022062"><time>2026-09-10T06:03:23Z</time><extensions><accuracy>7.8</accuracy></extensions></trkpt>
<trkpt lat="37.8987083" lon="127.2022413"><time>2026-09-10T06:03:24Z</time><extensions><accuracy>6.5</accuracy></extensions></trkpt>
<trkpt lat="37.8987209" lon="127.2022643"><time>2026-09-10T06:03:25Z</time><extensions><accuracy>7.8</accuracy></extensions></trkpt>
<trkpt lat="37.8987457" lon="127.2022808"><time>2026-09-10T06:03:26Z</time><extensions><accuracy>9.1</accuracy></extensions></trkpt>
<trkpt lat="37.8987616" lon="127.2022992"><time>2026-09-10T06:03:27Z</time><extensions><accuracy>9.9</accuracy></extensions></trkpt>
<trkpt lat="37.8987782" lon="127.2023208"><time>2026-09-10T06:03:28Z</time><extensions><accuracy>9.3</accuracy></extensions></trkpt>
<trkpt lat="37.8988036" lon="127.2023432"><time>2026-09-10T06:03:29Z</time><extensions><accuracy>9.9</accuracy></extensions></trkpt>
<trkpt lat="37.8988255" lon="127.2023589"><time>2026-09-10T06:03:30Z</time><extensions><accuracy>7.9</accuracy></extensions></trkpt>
<trkpt lat="37.8988424" lon="127.2023845"><time>2026-09-10T06:03:31Z</time><extensions><accuracy>6.9</accuracy></extensions></trkpt>
<trkpt lat="37.8988542" lon="127.2024146"><time>2026-09-10T06:03:32Z</time><extensions><accuracy>8.2</accuracy></extensions></trkpt>
<trkpt lat="37.8988695" lon="127.2024393"><time>2026-09-10T06:03:33Z</time><extensions><accuracy>7.0</accuracy></extensions></trkpt>
<trkpt lat="37.8988933" lon="127.2024479"><time>2026-09-10T06:03:34Z</time><extensions><accuracy>9.9</accuracy></extensions></trkpt>
<trkpt lat="37.8989084" lon="127.2024713"><time>2026-09-10T06:03:35Z</time><extensions><accuracy>8.5</accuracy></extensions></trkpt>
<trkpt lat="37.8989246" lon="127.2024924"><time>2026-09-10T06:03:36Z</time><extensions><accuracy>9.3</accuracy></extensions></trkpt>
<trkpt lat="37.8989496" lon="127.2025202"><time>2026-09-10T06:03:37Z</time><extensions><accuracy>6.7</accuracy></extensions></trkpt>
<trkpt lat="37.8989701" lon="127.2025532"><time>2026-09-10T06:03:38Z</time><extensions><accuracy>9.6</accuracy></extensions></trkpt>
<trkpt lat="37.8989826" lon="127.2025607"><time>2026-09-10T06:03:39Z</time><extensions><accuracy>7.3</accuracy></extensions></trkpt>
<trkpt lat="37.8990017" lon="127.2025754"><time>2026-09-10T06:03:40Z</time><extensions><accuracy>8.5</accuracy></extensions></trkpt>
<trkpt lat="37.8990115" lon="127.2025964"><time>2026-09-10T06:03:41Z</time><extensions><accuracy>6.0</accuracy></extensions></trkpt>
<trkpt lat="37.8990254" lon="127.2026222"><time>2026-09-10T06:03:42Z</time><extensions><accuracy>6.7</accuracy></extensions></trkpt>
<trkpt lat="37.8990410" lon="127.2026504"><time>2026-09-10T06:03:43Z</time><extensions><accuracy>6.1</accuracy></extensions></trkpt>
<trkpt lat="37.8990572" lon="127.2026650"><time>2026-09-10T06:03:44Z</time><extensions><accuracy>7.9</accuracy></extensions></trkpt>
<trkpt lat="37.8990801" lon="127.2026722"><time>2026-09-10T06:03:45Z</time><extensions><accuracy>9.9</accuracy></extensions></trkpt>
<trkpt lat="37.8990942" lon="127.2026873"><time>2026-09-10T06:03:46Z</time><extensions><accuracy>8.8</accuracy></extensions></trkpt>
<trkpt lat="37.8991069" lon="127.2027178"><time>2026-09-10T06:03:47Z</time><extensions><accuracy>9.2</accuracy></extensions></trkpt>
<trkpt lat="37.8991201" lon="127.2027399"><time>2026-09-10T06:03:48Z</time><extensions><accuracy>8.7</accuracy></extensions></trkpt>
<trkpt lat="37.8991425" lon="127.2027665"><time>2026-09-10T06:03:49Z</time><extensions><accuracy>6.3</accuracy></extensions></trkpt>
<trkpt lat="37.8991606" lon="127.2027782"><time>2026-09-10T06:03:50Z</time><extensions><accuracy>8.3</accuracy></extensions></trkpt>
<trkpt lat="37.8991822" lon="127.2027993"><time>2026-09-10T06:03:51Z</time><extensions><accuracy>7.2</accuracy></extensions></trkpt>
<trkpt lat="37.8992078" lon="127.2028282"><time>2026-09-10T06:03:52Z</time><extensions><accuracy>8.9</accuracy></extensions></trkpt>
<trkpt lat="37.8992361" lon="127.2028477"><time>2026-09-10T06:03:53Z</time><extensions><accuracy>8.7</accuracy></extensions></trkpt>
<trkpt lat="37.8992571" lon="127.2028615"><time>2026-09-10T06:03:54Z</time><extensions><accuracy>8.8</accuracy></extensions></trkpt>
<trkpt lat="37.8992747" lon="127.2028941"><time>2026-09-10T06:03:55Z</time><extensions><accuracy>8.4</accuracy></extensions></trkpt>
<trkpt lat="37.8992915" lon="127.2029373"><time>2026-09-10T06:03:56Z</time><extensions><accuracy>9.6</accuracy></extensions></trkpt>
<trkpt lat="37.8993068" lon="127.2029606"><time>2026-09-10T06:03:57Z</time><extensions><accuracy>8.2</accuracy></extensions></trkpt>
<trkpt lat="37.8993261" lon="127.2029930"><time>2026-09-10T06:03:58Z</time><extensions><accuracy>7.6</accuracy></extensions></trkpt>
<trkpt lat="37.8993482" lon="127.2030105"><time>2026-09-10T06:03:59Z</time><extensions><accuracy>9.6</accuracy></extensions></trkpt>
<trkpt lat="37.8993700" lon="127.2030404"><time>2026-09-10T06:04:00Z</time><extensions><accuracy>7.5</accuracy></extensions></trkpt>
<trkpt lat="37.8993837" lon="127.2030565"><time>2026-09-10T06:04:01Z</time><extensions><accuracy>8.2</accuracy></extensions></trkpt>
<trkpt lat="37.8993998" lon="127.2030857"><time>2026-09-10T06:04:02Z</time><extensions><accuracy>9.5</accuracy></extensions></trkpt>
<trkpt lat="37.8994061" lon="127.2030982"><time>2026-09-10T06:04:03Z</time><extensions><accuracy>7.1</accuracy></extensions></trkpt>
<trkpt lat="37.8994150" lon="127.2031129"><time>2026-09-10T06:04:04Z</time><extensions><accuracy>6.7</accuracy></extensions></trkpt>
<trkpt lat="37.8994373" lon="127.2031407"><time>2026-09-10T06:04:05Z</time><extensions><accuracy>6.9</accuracy></extensions></trkpt>
<trkpt lat="37.8994592" lon="127.2031569"><time>2026-09-10T06:04:06Z</time><extensions><accuracy>9.3</accuracy></extensions></trkpt>
<trkpt lat="37.8994680" lon="127.2031854"><time>2026-09-10T06:04:07Z</time><extensions><accuracy>7.7</accuracy></extensions></trkpt>
<trkpt lat="37.8994818" lon="127.2032153"><time>2026-09-10T06:04:08Z</time><extensions><accuracy>9.6</accuracy></extensions></trkpt>
<trkpt lat="37.8995006" lon="127.2032385"><time>2026-09-10T06:04:09Z</time><extensions><accuracy>8.4</accuracy></extensions></trkpt>
<trkpt lat="37.8995211" lon="127.2032690"><time>2026-09-10T06:04:10Z</time><extensions><accuracy>6.1</accuracy></extensions></trkpt>
<trkpt lat="37.8995374" lon="127.2032973"><time>2026-09-10T06:04:11Z</time><extensions><accuracy>8.4</accuracy></extensions></trkpt>
<trkpt lat="37.8995469" lon="127.2033126"><time>2026-09-10T06:04:12Z</time><extensions><accuracy>8.4</accuracy></extensions></trkpt>
<trkpt lat="37.8995679" lon="127.2033402"><time>2026-09-10T06:04:13Z</time><extensions><accuracy>8.9</accuracy></extensions></trkpt>
<trkpt lat="37.8995873" lon="127.2033629"><time>2026-09-10T06:04:14Z</time><extensions><accuracy>9.3</accuracy></extensions></trkpt>
<trkpt lat="37.8995939" lon="127.2033746"><time>2026-09-10T06:04:15Z</time><extensions><accuracy>9.4</accuracy></extensions></trkpt>
<trkpt lat="37.8996051" lon="127.2033870"><time>2026-09-10T06:04:16Z</time><extensions><accuracy>6.9</accuracy></extensions></trkpt>
<trkpt lat="37.8996230" lon="127.2034157"><time>2026-09-10T06:04:17Z</time><extensions><accuracy>7.9</accuracy></extensions></trkpt>
<trkpt lat="37.8996405" lon="127.2034438"><time>2026-09-10T06:04:18Z</time><extensions><accuracy>6.6</accuracy></extensions></trkpt>
<trkpt lat="37.8996626" lon="127.2034769"><time>2026-09-10T06:04:19Z</time><extensions><accuracy>8.5</accuracy></extensions></trkpt>
<trkpt lat="37.8996809" lon="127.2034906"><time>2026-09-10T06:04:20Z</time><extensions><accuracy>8.9</accuracy></extensions></trkpt>
<trkpt lat="37.8997073" lon="127.2035084"><time>2026-09-10T06:04:21Z</time><extensions><accuracy>8.9</accuracy></extensions></trkpt>
<trkpt lat="37.8997232" lon="127.2035342"><time>2026-09-10T06:04:22Z</time><extensions><accuracy>8.5</accuracy></extensions></trkpt>
<trkpt lat="37.8997400" lon="127.2035626"><time>2026-09-10T06:04:23Z</time><extensions><accuracy>6.4</accuracy></extensions></trkpt>
<trkpt lat="37.8997449" lon="127.2035918"><time>2026-09-10T06:04:24Z</time><extensions><accuracy>7.5</accuracy></extensions></trkpt>
<trkpt lat="37.8997634" lon="127.2036217"><time>2026-09-10T06:04:25Z</time><extensions><accuracy>9.0</accuracy></extensions></trkpt>
<trkpt lat="37.8997746" lon="127.2036503"><time>2026-09-10T06:04:26Z</time><extensions><accuracy>8.2</accuracy></extensions></trkpt>
<trkpt lat="37.8997820" lon="127.2036840"><time>2026-09-10T06:04:27Z</time><extensions><accuracy>8.4</accuracy></extensions></trkpt>
<trkpt lat="37.8998089" lon="127.2037057"><time>2026-09-10T06:04:28Z</time><extensions><accuracy>8.0</accuracy></extensions></trkpt>
<trkpt lat="37.8998225" lon="127.2037202"><time>2026-09-10T06:04:29Z</time><extensions><accuracy>6.3</accuracy></extensions></trkpt>
<trkpt lat="37.8998403" lon="127.2037522"><time>2026-09-10T06:04:30Z</time><extensions><accuracy>7.2</accuracy></extensions></trkpt>
<trkpt lat="37.8998520" lon="127.2037626"><time>2026-09-10T06:04:31Z</time><extensions><accuracy>7.4</accuracy></extensions></trkpt>
<trkpt lat="37.8998632" lon="127.2037979"><time>2026-09-10T06:04:32Z</time><extensions><accuracy>7.5</accuracy></extensions></trkpt>
<trkpt lat="37.8998780" lon="127.2038155"><time>2026-09-10T06:04:33Z</time><extensions><accuracy>8.8</accuracy></extensions></trkpt>
<trkpt lat="37.8998852" lon="127.2038545"><time>2026-09-10T06:04:34Z</time><extensions><accuracy>7.2</accuracy></extensions></trkpt>
<trkpt lat="37.8999039" lon="127.2038834"><time>2026-09-10T06:04:35Z</time><extensions><accuracy>8.1</accuracy></extensions></trkpt>
<trkpt lat="37.8999157" lon="127.2039075"><time>2026-09-10T06:04:36Z</time><extensions><accuracy>7.0</accuracy></extensions></trkpt>
<trkpt lat="37.8999338" lon="127.2039388"><time>2026-09-10T06:04:37Z</time><extensions><accuracy>7.1</accuracy></extensions></trkpt>
<trkpt lat="37.8999411" lon="127.2039635"><time>2026-09-10T06:04:38Z</time><extensions><accuracy>9.9</accuracy></extensions></trkpt>
<trkpt lat="37.8999584" lon="127.2039937"><time>2026-09-10T06:04:39Z</time><extensions><accuracy>9.7</accuracy></extensions></trkpt>
<trkpt lat="37.8999807" lon="127.2040206"><time>2026-09-10T06:04:40Z</time><extensions><accuracy>9.2</accuracy></extensions></trkpt>
<trkpt lat="37.8999971" lon="127.2040476"><time>2026-09-10T06:04:41Z</time><extensions><accuracy>7.4</accuracy></extensions></trkpt>
<trkpt lat="37.9000040" lon="127.2040799"><time>2026-09-10T06:04:42Z</time><extensions><accuracy>7.8</accuracy></extensions></trkpt>
<trkpt lat="37.9000193" lon="127.2041251"><time>2026-09-10T06:04:43Z</time><extensions><accuracy>6.2</accuracy></extensions></trkpt>
<trkpt lat="37.9000290" lon="127.2041510"><time>2026-09-10T06:04:44Z</time><extensions><accuracy>7.8</accuracy></extensions></trkpt>
<trkpt lat="37.9000495" lon="127.2041735"><time>2026-09-10T06:04:45Z</time><extensions><accuracy>7.1</accuracy></extensions></trkpt>
<trkpt lat="37.9000666" lon="127.2042016"><time>2026-09-10T06:04:46Z</time><extensions><accuracy>8.0</accuracy></extensions></trkpt>
<trkpt lat="37.9000712" lon="127.2042312"><time>2026-09-10T06:04:47Z</time><extensions><accuracy>9.1</accuracy></extensions></trkpt>
<trkpt lat="37.9000782" lon="127.2042488"><time>2026-09-10T06:04:48Z</time><extensions><accuracy>9.6</accuracy></extensions></trkpt>
<trkpt lat="37.9000999" lon="127.2042768"><time>2026-09-10T06:04:49Z</time><extensions><accuracy>6.1</accuracy></extensions></trkpt>
<trkpt lat="37.9001189" lon="127.2042936"><time>2026-09-10T06:04:50Z</time><extensions><accuracy>7.7</accuracy></extensions></trkpt>
<trkpt lat="37.9001151" lon="127.2043387"><time>2026-09-10T06:04:51Z</time><extensions><accuracy>9.7</accuracy></extensions></trkpt>
<trkpt lat="37.9001296" lon="127.2043620"><time>2026-09-10T06:04:52Z</time><extensions><accuracy>9.0</accuracy></extensions></trkpt>
<trkpt lat="37.9001283" lon="127.2043971"><time>2026-09-10T06:04:53Z</time><extensions><accuracy>9.1</accuracy></extensions></trkpt>
<trkpt lat="37.9001421" lon="127.2044302"><time>2026-09-10T06:04:54Z</time><extensions><accuracy>10.0</accuracy></extensions></trkpt>
<trkpt lat="37.9001500" lon="127.2044569"><time>2026-09-10T06:04:55Z</time><extensions><accuracy>7.1</accuracy></extensions></trkpt>
<trkpt lat="37.9001651" lon="127.2044855"><time>2026-09-10T06:04:56Z</time><extensions><accuracy>8.7</accuracy></extensions></trkpt>
<trkpt lat="37.9001824" lon="127.2045143"><time>2026-09-10T06:04:57Z</time><extensions><accuracy>7.8</accuracy></extensions></trkpt>
<trkpt lat="37.9001973" lon="127.2045368"><time>2026-09-10T06:04:58Z</time><extensions><accuracy>9.6</accuracy></extensions></trkpt>
<trkpt lat="37.9002160" lon="127.2045467"><time>2026-09-10T06:04:59Z</time><extensions><accuracy>6.1</accuracy></extensions></trkpt>
<trkpt lat="37.9002302" lon="127.2045775"><time>2026-09-10T06:05:00Z</time><extensions><accuracy>8.4</accuracy></extensions></trkpt>
<trkpt lat="37.9002429" lon="127.2046035"><time>2026-09-10T06:05:01Z</time><extensions><accuracy>9.7</accuracy></extensions></trkpt>
<trkpt lat="37.9002502" lon="127.2046328"><time>2026-09-10T06:05:02Z</time><extensions><accuracy>6.7</accuracy></extensions></trkpt>
<trkpt lat="37.9002549" lon="127.2046684"><time>2026-09-10T06:05:03Z</time><extensions><accuracy>9.0</accuracy></extensions></trkpt>
<trkpt lat="37.9002515" lon="127.2046926"><time>2026-09-10T06:05:04Z</time><extensions><accuracy>6.6</accuracy></extensions></trkpt>
<trkpt lat="37.9002663" lon="127.2047212"><time>2026-09-10T06:05:05Z</time><extensions><accuracy>8.8</accuracy></extensions></trkpt>
<trkpt lat="37.9002747" lon="127.2047527"><time>2026-09-10T06:05:06Z</time><extensions><accuracy>8.6</accuracy></extensions></trkpt>
<trkpt lat="37.9002743" lon="127.2047702"><time>2026-09-10T06:05:07Z</time><extensions><accuracy>7.9</accuracy></extensions></trkpt>
<trkpt lat="37.9002832" lon="127.2047950"><time>2026-09-10T06:05:08Z</time><extensions><accuracy>7.0</accuracy></extensions></trkpt>
<trkpt lat="37.9002959" lon="127.2048185"><time>2026-09-10T06:05:09Z</time><extensions><accuracy>8.2</accuracy></extensions></trkpt>
<trkpt lat="37.9003085" lon="127.2048453"><time>2026-09-10T06:05:10Z</time><extensions><accuracy>7.9</accuracy></extensions></trkpt>
<trkpt lat="37.9003154" lon="127.2048771"><time>2026-09-10T06:05:11Z</time><extensions><accuracy>9.1</accuracy></extensions></trkpt>
<trkpt lat="37.9003288" lon="127.2049024"><time>2026-09-10T06:05:12Z</time><extensions><accuracy>8.4</accuracy></extensions></trkpt>
<trkpt lat="37.9003469" lon="127.2049318"><time>2026-09-10T06:05:13Z</time><extensions><accuracy>8.0</accuracy></extensions></trkpt>
<trkpt lat="37.9003639" lon="127.2049604"><time>2026-09-10T06:05:14Z</time><extensions><accuracy>7.4</accuracy></extensions></trkpt>
<trkpt lat="37.9003686" lon="127.2049748"><time>2026-09-10T06:05:15Z</time><extensions><accuracy>7.8</accuracy></extensions></trkpt>
<trkpt lat="37.9003721" lon="127.2050012"><time>2026-09-10T06:05:16Z</time><extensions><accuracy>7.5</accuracy></extensions></trkpt>
<trkpt lat="37.9004004" lon="127.2050233"><time>2026-09-10T06:05:17Z</time><extensions><accuracy>9.7</accuracy></extensions></trkpt>
<trkpt lat="37.9004185" lon="127.2050666"><time>2026-09-10T06:05:18Z</time><extensions><accuracy>7.2</accuracy></extensions></trkpt>
<trkpt lat="37.9004209" lon="127.2050986"><time>2026-09-10T06:05:19Z</time><extensions><accuracy>6.3</accuracy></extensions></trkpt>
<trkpt lat="37.9004227" lon="127.2051373"><time>2026-09-10T06:05:20Z</time><extensions><accuracy>8.1</accuracy></extensions></trkpt>
<trkpt lat="37.9004245" lon="127.2051607"><time>2026-09-10T06:05:21Z</time><extensions><accuracy>7.2</accuracy></extensions></trkpt>
<trkpt lat="37.9004328" lon="127.2051955"><time>2026-09-10T06:05:22Z</time><extensions><accuracy>6.6</accuracy></extensions></trkpt>
<trkpt lat="37.9004468" lon="127.2052308"><time>2026-09-10T06:05:23Z</time><extensions><accuracy>8.3</accuracy></extensions></trkpt>
<trkpt lat="37.9004632" lon="127.2052617"><time>2026-09-10T06:05:24Z</time><extensions><accuracy>6.2</accuracy></extensions></trkpt>
<trkpt lat="37.9004791" lon="127.2052880"><time>2026-09-10T06:05:25Z</time><extensions><accuracy>6.6</accuracy></extensions></trkpt>
<trkpt lat="37.9004924" lon="127.2053042"><time>2026-09-10T06:05:26Z</time><extensions><accuracy>7.1</accuracy></extensions></trkpt>
<trkpt lat="37.9005072" lon="127.2053237"><time>2026-09-10T06:05:27Z</time><extensions><accuracy>7.0</accuracy></extensions></trkpt>
<trkpt lat="37.9005151" lon="127.2053486"><time>2026-09-10T06:05:28Z</time><extensions><accuracy>7.6</accuracy></extensions></trkpt>
<trkpt lat="37.9005302" lon="127.2053723"><time>2026-09-10T06:05:29Z</time><extensions><accuracy>7.1</accuracy></extensions></trkpt>
<trkpt lat="37.9005421" lon="127.2054051"><time>2026-09-10T06:05:30Z</time><extensions><accuracy>9.6</accuracy></extensions></trkpt>
<trkpt lat="37.9005520" lon="127.2054252"><time>2026-09-10T06:05:31Z</time><extensions><accuracy>6.2</accuracy></extensions></trkpt>
<trkpt lat="37.9005723" lon="127.2054584"><time>2026-09-10T06:05:32Z</time><extensions><accuracy>6.0</accuracy></extensions></trkpt>
<trkpt lat="37.9005831" lon="127.2054864"><time>2026-09-10T06:05:33Z</time><extensions><accuracy>8.0</accuracy></extensions></trkpt>
<trkpt lat="37.9005993" lon="127.2055237"><time>2026-09-10T06:05:34Z</time><extensions><accuracy>8.4</accuracy></extensions></trkpt>
<trkpt lat="37.9006054" lon="127.2055497"><time>2026-09-10T06:05:35Z</time><extensions><accuracy>8.4</accuracy></extensions></trkpt>
<trkpt lat="37.9006162" lon="127.2055808"><time>2026-09-10T06:05:36Z</time><extensions><accuracy>9.8</accuracy></extensions></trkpt>
<trkpt lat="37.9006270" lon="127.2056116"><time>2026-09-10T06:05:37Z</time><extensions><accuracy>8.7</accuracy></extensions></trkpt>
<trkpt lat="37.9006289" lon="127.2056289"><time>2026-09-10T06:05:38Z</time><extensions><accuracy>7.8</accuracy></extensions></trkpt>
<trkpt lat="37.9006455" lon="127.2056632"><time>2026-09-10T06:05:39Z</time><extensions><accuracy>8.9</accuracy></extensions></trkpt>
<trkpt lat="37.9006612" lon="127.2057012"><time>2026-09-10T06:05:40Z</time><extensions><accuracy>9.4</accuracy></extensions></trkpt>
<trkpt lat="37.9006695" lon="127.2057310"><time>2026-09-10T06:05:41Z</time><extensions><accuracy>7.0</accuracy></extensions></trkpt>
<trkpt lat="37.9006658" lon="127.2057589"><time>2026-09-10T06:05:42Z</time><extensions><accuracy>9.0</accuracy></extensions></trkpt>
<trkpt lat="37.9006770" lon="127.2057925"><time>2026-09-10T06:05:43Z</time><extensions><accuracy>7.9</accuracy></extensions></trkpt>
<trkpt lat="37.9006893" lon="127.2058203"><time>2026-09-10T06:05:44Z</time><extensions><accuracy>7.1</accuracy></extensions></trkpt>
<trkpt lat="37.9006965" lon="127.2058521"><time>2026-09-10T06:05:45Z</time><extensions><accuracy>6.4</accuracy></extensions></trkpt>
<trkpt lat="37.9006991" lon="127.2058744"><time>2026-09-10T06:05:46Z</time><extensions><accuracy>7.7</accuracy></extensions></trkpt>
<trkpt lat="37.9007120" lon="127.2059106"><time>2026-09-10T06:05:47Z</time><extensions><accuracy>6.7</accuracy></extensions></trkpt>
<trkpt lat="37.9007136" lon="127.2059431"><time>2026-09-10T06:05:48Z</time><extensions><accuracy>8.7</accuracy></extensions></trkpt>
<trkpt lat="37.9007250" lon="127.2059770"><time>2026-09-10T06:05:49Z</time><extensions><accuracy>9.6</accuracy></extensions></trkpt>
<trkpt lat="37.9007218" lon="127.2060028"><time>2026-09-10T06:05:50Z</time><extensions><accuracy>8.0</accuracy></extensions></trkpt>
<trkpt lat="37.9007277" lon="127.2060260"><time>2026-09-10T06:05:51Z</time><extensions><accuracy>8.2</accuracy></extensions></trkpt>
<trkpt lat="37.9007392" lon="127.2060508"><time>2026-09-10T06:05:52Z</time><extensions><accuracy>9.1</accuracy></extensions></trkpt>
<trkpt lat="37.9007477" lon="127.2060876"><time>2026-09-10T06:05:53Z</time><extensions><accuracy>6.4</accuracy></extensions></trkpt>
<trkpt lat="37.9007556" lon="127.2061275"><time>2026-09-10T06:05:54Z</time><extensions><accuracy>9.6</accuracy></extensions></trkpt>
<trkpt lat="37.9007670" lon="127.2061559"><time>2026-09-10T06:05:55Z</time><extensions><accuracy>8.6</accuracy></extensions></trkpt>
<trkpt lat="37.9007740" lon="127.2061882"><time>2026-09-10T06:05:56Z</time><extensions><accuracy>9.1</accuracy></extensions></trkpt>
<trkpt lat="37.9007865" lon="127.2062098"><time>2026-09-10T06:05:57Z</time><extensions><accuracy>8.5</accuracy></extensions></trkpt>
<trkpt lat="37.9008000" lon="127.2062385"><time>2026-09-10T06:05:58Z</time><extensions><accuracy>6.2</accuracy></extensions></trkpt>
<trkpt lat="37.9008070" lon="127.2062630"><time>2026-09-10T06:05:59Z</time><extensions><accuracy>8.5</accuracy></extensions></trkpt>
<trkpt lat="37.9008134" lon="127.2062961"><time>2026-09-10T06:06:00Z</time><extensions><accuracy>7.6</accuracy></extensions></trkpt>
<trkpt lat="37.9008199" lon="127.2063191"><time>2026-09-10T06:06:01Z</time><extensions><accuracy>6.3</accuracy></extensions></trkpt>
<trkpt lat="37.9008319" lon="127.2063520"><time>2026-09-10T06:06:02Z</time><extensions><accuracy>9.5</accuracy></extensions></trkpt>
<trkpt lat="37.9008485" lon="127.2063781"><time>2026-09-10T06:06:03Z</time><extensions><accuracy>6.7</accuracy></extensions></trkpt>
<trkpt lat="37.9008526" lon="127.2064087"><time>2026-09-10T06:06:04Z</time><extensions><accuracy>9.6</accuracy></extensions></trkpt>
<trkpt lat="37.9008596" lon="127.2064410"><time>2026-09-10T06:06:05Z</time><extensions><accuracy>7.7</accuracy></extensions></trkpt>
<trkpt lat="37.9008657" lon="127.2064750"><time>2026-09-10T06:06:06Z</time><extensions><accuracy>8.3</accuracy></extensions></trkpt>
<trkpt lat="37.9008848" lon="127.2064985"><time>2026-09-10T06:06:07Z</time><extensions><accuracy>8.0</accuracy></extensions></trkpt>
<trkpt lat="37.9008985" lon="127.2065367"><time>2026-09-10T06:06:08Z</time><extensions><accuracy>7.9</accuracy></extensions></trkpt>
<trkpt lat="37.9009019" lon="127.2065665"><time>2026-09-10T06:06:09Z</time><extensions><accuracy>6.5</accuracy></extensions></trkpt>
<trkpt lat="37.9009018" lon="127.2065950"><time>2026-09-10T06:06:10Z</time><extensions><accuracy>9.9</accuracy></extensions></trkpt>
<trkpt lat="37.9008934" lon="127.2066197"><time>2026-09-10T06:06:11Z</time><extensions><accuracy>7.1</accuracy></extensions></trkpt>
<trkpt lat="37.9009018" lon="127.2066590"><time>2026-09-10T06:06:12Z</time><extensions><accuracy>7.7</accuracy></extensions></trkpt>
<trkpt lat="37.9009024" lon="127.2066964"><time>2026-09-10T06:06:13Z</time><extensions><accuracy>9.7</accuracy></extensions></trkpt>
<trkpt lat="37.9009044" lon="127.2067383"><time>2026-09-10T06:06:14Z</time><extensions><accuracy>9.7</accuracy></extensions></trkpt>
<trkpt lat="37.9009124" lon="127.2067698"><time>2026-09-10T06:06:15Z</time><extensions><accuracy>8.1</accuracy></extensions></trkpt>
<trkpt lat="37.9009132" lon="127.2068012"><time>2026-09-10T06:06:16Z</time><extensions><accuracy>9.8</accuracy></extensions></trkpt>
<trkpt lat="37.9009141" lon="127.2068272"><time>2026-09-10T06:06:17Z</time><extensions><accuracy>9.7</accuracy></extensions></trkpt>
<trkpt lat="37.9009210" lon="127.2068517"><time>2026-09-10T06:06:18Z</time><extensions><accuracy>7.1</accuracy></extensions></trkpt>
<trkpt lat="37.9009284" lon="127.2068723"><time>2026-09-10T06:06:19Z</time><extensions><accuracy>7.9</accuracy></extensions></trkpt>
<trkpt lat="37.9009377" lon="127.2069137"><time>2026-09-10T06:06:20Z</time><extensions><accuracy>6.5</accuracy></extensions></trkpt>
<trkpt lat="37.9009598" lon="127.2069588"><time>2026-09-10T06:06:21Z</time><extensions><accuracy>8.9</accuracy></extensions></trkpt>
<trkpt lat="37.9009666" lon="127.2069912"><time>2026-09-10T06:06:22Z</time><extensions><accuracy>6.5</accuracy></extensions></trkpt>
<trkpt lat="37.9009640" lon="127.2070112"><time>2026-09-10T06:06:23Z</time><extensions><accuracy>7.8</accuracy></extensions></trkpt>
<trkpt lat="37.9009690" lon="127.2070382"><time>2026-09-10T06:06:24Z</time><extensions><accuracy>6.7</accuracy></extensions></trkpt>
<trkpt lat="37.9009747" lon="127.2070752"><time>2026-09-10T06:06:25Z</time><extensions><accuracy>8.3</accuracy></extensions></trkpt>
<trkpt lat="37.9009799" lon="127.2071018"><time>2026-09-10T06:06:26Z</time><extensions><accuracy>6.2</accuracy></extensions></trkpt>
<trkpt lat="37.9009816" lon="127.2071403"><time>2026-09-10T06:06:27Z</time><extensions><accuracy>9.1</accuracy></extensions></trkpt>
<trkpt lat="37.9009760" lon="127.2071713"><time>2026-09-10T06:06:28Z</time><extensions><accuracy>8.6</accuracy></extensions></trkpt>
<trkpt lat="37.9009811" lon="127.2072076"><time>2026-09-10T06:06:29Z</time><extensions><accuracy>9.7</accuracy></extensions></trkpt>
<trkpt lat="37.9009912" lon="127.2072428"><time>2026-09-10T06:06:30Z</time><extensions><accuracy>9.5</accuracy></extensions></trkpt>
<trkpt lat="37.9009999" lon="127.2072718"><time>2026-09-10T06:06:31Z</time><extensions><accuracy>7.7</accuracy></extensions></trkpt>
<trkpt lat="37.9010058" lon="127.2072900"><time>2026-09-10T06:06:32Z</time><extensions><accuracy>8.6</accuracy></extensions></trkpt>
<trkpt lat="37.9010157" lon="127.2073183"><time>2026-09-10T06:06:33Z</time><extensions><accuracy>6.0</accuracy></extensions></trkpt>
<trkpt lat="37.9010176" lon="127.2073425"><time>2026-09-10T06:06:34Z</time><extensions><accuracy>9.4</accuracy></extensions></trkpt>
<trkpt lat="37.9010204" lon="127.2073675"><time>2026-09-10T06:06:35Z</time><extensions><accuracy>9.4</accuracy></extensions></trkpt>
<trkpt lat="37.9010167" lon="127.2073984"><time>2026-09-10T06:06:36Z</time><extensions><accuracy>8.9</accuracy></extensions></trkpt>
<trkpt lat="37.9010231" lon="127.2074256"><time>2026-09-10T06:06:37Z</time><extensions><accuracy>8.5</accuracy></extensions></trkpt>
<trkpt lat="37.9010383" lon="127.2074571"><time>2026-09-10T06:06:38Z</time><extensions><accuracy>8.0</accuracy></extensions></trkpt>
<trkpt lat="37.9010438" lon="127.2074868"><time>2026-09-10T06:06:39Z</time><extensions><accuracy>9.1</accuracy></extensions></trkpt>
<trkpt lat="37.9010455" lon="127.2075188"><time>2026-09-10T06:06:40Z</time><extensions><accuracy>8.1</accuracy></extensions></trkpt>
<trkpt lat="37.9010609" lon="127.2075481"><time>2026-09-10T06:06:41Z</time><extensions><accuracy>6.8</accuracy></extensions></trkpt>
<trkpt lat="37.9010686" lon="127.2075707"><time>2026-09-10T06:06:42Z</time><extensions><accuracy>7.0</accuracy></extensions></trkpt>
<trkpt lat="37.9010698" lon="127.2075987"><time>2026-09-10T06:06:43Z</time><extensions><accuracy>7.5</accuracy></extensions></trkpt>
<trkpt lat="37.9010817" lon="127.2076316"><time>2026-09-10T06:06:44Z</time><extensions><accuracy>7.1</accuracy></extensions></trkpt>
<trkpt lat="37.9010846" lon="127.2076554"><time>2026-09-10T06:06:45Z</time><extensions><accuracy>8.3</accuracy></extensions></trkpt>
<trkpt lat="37.9010846" lon="127.2076989"><time>2026-09-10T06:06:46Z</time><extensions><accuracy>7.7</accuracy></extensions></trkpt>
<trkpt lat="37.9010801" lon="127.2077240"><time>2026-09-10T06:06:47Z</time><extensions><accuracy>7.5</accuracy></extensions></trkpt>
<trkpt lat="37.9010829" lon="127.2077540"><time>2026-09-10T06:06:48Z</time><extensions><accuracy>7.8</accuracy></extensions></trkpt>
<trkpt lat="37.9010882" lon="127.2077830"><time>2026-09-10T06:06:49Z</time><extensions><accuracy>7.0</accuracy></extensions></trkpt>
<trkpt lat="37.9011011" lon="127.2078167"><time>2026-09-10T06:06:50Z</time><extensions><accuracy>6.2</accuracy></extensions></trkpt>
<trkpt lat="37.9010980" lon="127.2078511"><time>2026-09-10T06:06:51Z</time><extensions><accuracy>6.4</accuracy></extensions></trkpt>
<trkpt lat="37.9010943" lon="127.2078846"><time>2026-09-10T06:06:52Z</time><extensions><accuracy>9.2</accuracy></extensions></trkpt>
<trkpt lat="37.9011003" lon="127.2079052"><time>2026-09-10T06:06:53Z</time><extensions><accuracy>6.1</accuracy></extensions></trkpt>
<trkpt lat="37.9011074" lon="127.2079295"><time>2026-09-10T06:06:54Z</time><extensions><accuracy>8.5</accuracy></extensions></trkpt>
<trkpt lat="37.9011148" lon="127.2079547"><time>2026-09-10T06:06:55Z</time><extensions><accuracy>8.9</accuracy></extensions></trkpt>
<trkpt lat="37.9011299" lon="127.2079739"><time>2026-09-10T06:06:56Z</time><extensions><accuracy>6.1</accuracy></extensions></trkpt>
<trkpt lat="37.9011364" lon="127.2080106"><time>2026-09-10T06:06:57Z</time><extensions><accuracy>6.8</accuracy></extensions></trkpt>
<trkpt lat="37.9011363" lon="127.2080466"><time>2026-09-10T06:06:58Z</time><extensions><accuracy>6.4</accuracy></extensions></trkpt>
<trkpt lat="37.9011438" lon="127.2080804"><time>2026-09-10T06:06:59Z</time><extensions><accuracy>6.9</accuracy></extensions></trkpt>
<trkpt lat="37.9011443" lon="127.2081069"><time>2026-09-10T06:07:00Z</time><extensions><accuracy>7.2</accuracy></extensions></trkpt>
<trkpt lat="37.9011570" lon="127.2081363"><time>2026-09-10T06:07:01Z</time><extensions><accuracy>6.7</accuracy></extensions></trkpt>
<trkpt lat="37.9011588" lon="127.2081773"><time>2026-09-10T06:07:02Z</time><extensions><accuracy>8.8</accuracy></extensions></trkpt>
<trkpt lat="37.9011583" lon="127.2082116"><time>2026-09-10T06:07:03Z</time><extensions><accuracy>7.8</accuracy></extensions></trkpt>
<trkpt lat="37.9011599" lon="127.2082340"><time>2026-09-10T06:07:04Z</time><extensions><accuracy>7.8</accuracy></extensions></trkpt>
<trkpt lat="37.9011566" lon="127.2082567"><time>2026-09-10T06:07:05Z</time><extensions><accuracy>9.4</accuracy></extensions></trkpt>
<trkpt lat="37.9011661" lon="127.2082847"><time>2026-09-10T06:07:06Z</time><extensions><accuracy>9.5</accuracy></extensions></trkpt>
<trkpt lat="37.9011620" lon="127.2083103"><time>2026-09-10T06:07:07Z</time><extensions><accuracy>7.7</accuracy></extensions></trkpt>
<trkpt lat="37.9011612" lon="127.2083375"><time>2026-09-10T06:07:08Z</time><extensions><accuracy>9.5</accuracy></extensions></trkpt>
<trkpt lat="37.9011598" lon="127.2083772"><time>2026-09-10T06:07:09Z</time><extensions><accuracy>6.8</accuracy></extensions></trkpt>
<trkpt lat="37.9011609" lon="127.2084071"><time>2026-09-10T06:07:10Z</time><extensions><accuracy>8.7</accuracy></extensions></trkpt>
<trkpt lat="37.9011644" lon="127.2084360"><time>2026-09-10T06:07:11Z</time><extensions><accuracy>8.1</accuracy></extensions></trkpt>
<trkpt lat="37.9011606" lon="127.2084666"><time>2026-09-10T06:07:12Z</time><extensions><accuracy>6.4</accuracy></extensions></trkpt>
<trkpt lat="37.9011611" lon="127.2085022"><time>2026-09-10T06:07:13Z</time><extensions><accuracy>6.6</accuracy></extensions></trkpt>
<trkpt lat="37.9011593" lon="127.2085384"><time>2026-09-10T06:07:14Z</time><extensions><accuracy>6.6</accuracy></extensions></trkpt>
<trkpt lat="37.9011465" lon="127.2085672"><time>2026-09-10T06:07:15Z</time><extensions><accuracy>6.0</accuracy></extensions></trkpt>
<trkpt lat="37.9011418" lon="127.2086161"><time>2026-09-10T06:07:16Z</time><extensions><accuracy>9.3</accuracy></extensions></trkpt>
<trkpt lat="37.9011437" lon="127.2086505"><time>2026-09-10T06:07:17Z</time><extensions><accuracy>6.3</accuracy></extensions></trkpt>
<trkpt lat="37.9011374" lon="127.2086769"><time>2026-09-10T06:07:18Z</time><extensions><accuracy>6.2</accuracy></extensions></trkpt>
<trkpt lat="37.9011411" lon="127.2087034"><time>2026-09-10T06:07:19Z</time><extensions><accuracy>7.9</accuracy></extensions></trkpt>
<trkpt lat="37.9011370" lon="127.2087319"><time>2026-09-10T06:07:20Z</time><extensions><accuracy>9.7</accuracy></extensions></trkpt>
<trkpt lat="37.9011332" lon="127.2087696"><time>2026-09-10T06:07:21Z</time><extensions><accuracy>6.7</accuracy></extensions></trkpt>
<trkpt lat="37.9011354" lon="127.2088094"><time>2026-09-10T06:07:22Z</time><extensions><accuracy>9.3</accuracy></extensions></trkpt>
<trkpt lat="37.9011432" lon="127.2088467"><time>2026-09-10T06:07:23Z</time><extensions><accuracy>9.3</accuracy></extensions></trkpt>
<trkpt lat="37.9011405" lon="127.2088718"><time>2026-09-10T06:07:24Z</time><extensions><accuracy>6.9</accuracy></extensions></trkpt>
<trkpt lat="37.9011409" lon="127.2088981"><time>2026-09-10T06:07:25Z</time><extensions><accuracy>6.4</accuracy></extensions></trkpt>
<trkpt lat="37.9011480" lon="127.2089223"><time>2026-09-10T06:07:26Z</time><extensions><accuracy>7.3</accuracy></extensions></trkpt>
<trkpt lat="37.9011474" lon="127.2089532"><time>2026-09-10T06:07:27Z</time><extensions><accuracy>7.2</accuracy></extensions></trkpt>
<trkpt lat="37.9011549" lon="127.2089925"><time>2026-09-10T06:07:28Z</time><extensions><accuracy>8.1</accuracy></extensions></trkpt>
<trkpt lat="37.9011540" lon="127.2090249"><time>2026-09-10T06:07:29Z</time><extensions><accuracy>9.7</accuracy></extensions></trkpt>
<trkpt lat="37.9011481" lon="127.2090602"><time>2026-09-10T06:07:30Z</time><extensions><accuracy>8.1</accuracy></extensions></trkpt>
<trkpt lat="37.9011473" lon="127.2091015"><time>2026-09-10T06:07:31Z</time><extensions><accuracy>6.6</accuracy></extensions></trkpt>
<trkpt lat="37.9011456" lon="127.2091300"><time>2026-09-10T06:07:32Z</time><extensions><accuracy>6.3</accuracy></extensions></trkpt>
<trkpt lat="37.9011499" lon="127.2091666"><time>2026-09-10T06:07:33Z</time><extensions><accuracy>7.2</accuracy></extensions></trkpt>
<trkpt lat="37.9011491" lon="127.2092027"><time>2026-09-10T06:07:34Z</time><extensions><accuracy>9.7</accuracy></extensions></trkpt>
<trkpt lat="37.9011512" lon="127.2092346"><time>2026-09-10T06:07:35Z</time><extensions><accuracy>7.4</accuracy></extensions></trkpt>
<trkpt lat="37.9011530" lon="127.2092778"><time>2026-09-10T06:07:36Z</time><extensions><accuracy>7.4</accuracy></extensions></trkpt>
<trkpt lat="37.9011616" lon="127.2093183"><time>2026-09-10T06:07:37Z</time><extensions><accuracy>7.8</accuracy></extensions></trkpt>
<trkpt lat="37.9011580" lon="127.2093429"><time>2026-09-10T06:07:38Z</time><extensions><accuracy>7.3</accuracy></extensions></trkpt>
<trkpt lat="37.9011607" lon="127.2093769"><time>2026-09-10T06:07:39Z</time><extensions><accuracy>9.5</accuracy></extensions></trkpt>
<trkpt lat="37.9011584" lon="127.2094222"><time>2026-09-10T06:07:40Z</time><extensions><accuracy>7.1</accuracy></extensions></trkpt>
<trkpt lat="37.9011533" lon="127.2094605"><time>2026-09-10T06:07:41Z</time><extensions><accuracy>8.0</accuracy></extensions></trkpt>
<trkpt lat="37.9011465" lon="127.2094882"><time>2026-09-10T06:07:42Z</time><extensions><accuracy>9.4</accuracy></extensions></trkpt>
<trkpt lat="37.9011411" lon="127.2095146"><time>2026-09-10T06:07:43Z</time><extensions><accuracy>8.6</accuracy></extensions></trkpt>
<trkpt lat="37.9011443" lon="127.2095517"><time>2026-09-10T06:07:44Z</time><extensions><accuracy>7.7</accuracy></extensions></trkpt>
<trkpt lat="37.9011412" lon="127.2095893"><time>2026-09-10T06:07:45Z</time><extensions><accuracy>9.5</accuracy></extensions></trkpt>
<trkpt lat="37.9011370" lon="127.2096178"><time>2026-09-10T06:07:46Z</time><extensions><accuracy>8.4</accuracy></extensions></trkpt>
<trkpt lat="37.9011357" lon="127.2096468"><time>2026-09-10T06:07:47Z</time><extensions><accuracy>7.8</accuracy></extensions></trkpt>
<trkpt lat="37.9011348" lon="127.2096625"><time>2026-09-10T06:07:48Z</time><extensions><accuracy>6.4</accuracy></extensions></trkpt>
<trkpt lat="37.9011403" lon="127.2096993"><time>2026-09-10T06:07:49Z</time><extensions><accuracy>6.3</accuracy></extensions></trkpt>
<trkpt lat="37.9011377" lon="127.2097294"><time>2026-09-10T06:07:50Z</time><extensions><accuracy>7.1</accuracy></extensions></trkpt>
<trkpt lat="37.9011384" lon="127.2097666"><time>2026-09-10T06:07:51Z</time><extensions><accuracy>7.8</accuracy></extensions></trkpt>
<trkpt lat="37.9011253" lon="127.2097972"><time>2026-09-10T06:07:52Z</time><extensions><accuracy>8.8</accuracy></extensions></trkpt>
<trkpt lat="37.9011157" lon="127.2098193"><time>2026-09-10T06:07:53Z</time><extensions><accuracy>9.4</accuracy></extensions></trkpt>
<trkpt lat="37.9011095" lon="127.2098522"><time>2026-09-10T06:07:54Z</time><extensions><accuracy>6.7</accuracy></extensions></trkpt>
<trkpt lat="37.9011172" lon="127.2098936"><time>2026-09-10T06:07:55Z</time><extensions><accuracy>8.5</accuracy></extensions></trkpt>
<trkpt lat="37.9011182" lon="127.2099083"><time>2026-09-10T06:07:56Z</time><extensions><accuracy>7.5</accuracy></extensions></trkpt>
<trkpt lat="37.9011076" lon="127.2099495"><time>2026-09-10T06:07:57Z</time><extensions><accuracy>9.8</accuracy></extensions></trkpt>
<trkpt lat="37.9011123" lon="127.2099898"><time>2026-09-10T06:07:58Z</time><extensions><accuracy>10.0</accuracy></extensions></trkpt>
<trkpt lat="37.9011057" lon="127.2100226"><time>2026-09-10T06:07:59Z</time><extensions><accuracy>8.9</accuracy></extensions></trkpt>
<trkpt lat="37.9010926" lon="127.2100624"><time>2026-09-10T06:08:00Z</time><extensions><accuracy>6.7</accuracy></extensions></trkpt>
<trkpt lat="37.9010907" lon="127.2101031"><time>2026-09-10T06:08:01Z</time><extensions><accuracy>7.6</accuracy></extensions></trkpt>
<trkpt lat="37.9010842" lon="127.2101282"><time>2026-09-10T06:08:02Z</time><extensions><accuracy>7.7</accuracy></extensions></trkpt>
<trkpt lat="37.9010927" lon="127.2101617"><time>2026-09-10T06:08:03Z</time><extensions><accuracy>7.1</accuracy></extensions></trkpt>
<trkpt lat="37.9010906" lon="127.2102005"><time>2026-09-10T06:08:04Z</time><extensions><accuracy>8.6</accuracy></extensions></trkpt>
<trkpt lat="37.9010761" lon="127.2102303"><time>2026-09-10T06:08:05Z</time><extensions><accuracy>8.3</accuracy></extensions></trkpt>
<trkpt lat="37.9010723" lon="127.2102665"><time>2026-09-10T06:08:06Z</time><extensions><accuracy>9.1</accuracy></extensions></trkpt>
<trkpt lat="37.9010772" lon="127.2103106"><time>2026-09-10T06:08:07Z</time><extensions><accuracy>8.4</accuracy></extensions></trkpt>
<trkpt lat="37.9010702" lon="127.2103398"><time>2026-09-10T06:08:08Z</time><extensions><accuracy>6.2</accuracy></extensions></trkpt>
<trkpt lat="37.9010716" lon="127.2103706"><time>2026-09-10T06:08:09Z</time><extensions><accuracy>8.1</accuracy></extensions></trkpt>
<trkpt lat="37.9010698" lon="127.2103951"><time>2026-09-10T06:08:10Z</time><extensions><accuracy>10.0</accuracy></extensions></trkpt>
<trkpt lat="37.9010696" lon="127.2104255"><time>2026-09-10T06:08:11Z</time><extensions><accuracy>7.8</accuracy></extensions></trkpt>
<trkpt lat="37.9010713" lon="127.2104546"><time>2026-09-10T06:08:12Z</time><extensions><accuracy>6.8</accuracy></extensions></trkpt>
<trkpt lat="37.9010702" lon="127.2104858"><time>2026-09-10T06:08:13Z</time><extensions><accuracy>7.0</accuracy></extensions></trkpt>
<trkpt lat="37.9010657" lon="127.2104996"><time>2026-09-10T06:08:14Z</time><extensions><accuracy>10.0</accuracy></extensions></trkpt>
<trkpt lat="37.9010628" lon="127.2105249"><time>2026-09-10T06:08:15Z</time><extensions><accuracy>9.3</accuracy></extensions></trkpt>
<trkpt lat="37.9010586" lon="127.2105584"><time>2026-09-10T06:08:16Z</time><extensions><accuracy>6.7</accuracy></extensions></trkpt>
<trkpt lat="37.9010533" lon="127.2105811"><time>2026-09-10T06:08:17Z</time><extensions><accuracy>6.7</accuracy></extensions></trkpt>
<trkpt lat="37.9010456" lon="127.2106253"><time>2026-09-10T06:08:18Z</time><extensions><accuracy>6.0</accuracy></extensions></trkpt>
<trkpt lat="37.9010404" lon="127.2106444"><time>2026-09-10T06:08:19Z</time><extensions><accuracy>9.4</accuracy></extensions></trkpt>
<trkpt lat="37.9010312" lon="127.2106731"><time>2026-09-10T06:08:20Z</time><extensions><accuracy>9.6</accuracy></extensions></trkpt>
<trkpt lat="37.9010271" lon="127.2107062"><time>2026-09-10T06:08:21Z</time><extensions><accuracy>8.3</accuracy></extensions></trkpt>
<trkpt lat="37.9010204" lon="127.2107382"><time>2026-09-10T06:08:22Z</time><extensions><accuracy>7.0</accuracy></extensions></trkpt>
<trkpt lat="37.9010165" lon="127.2107761"><time>2026-09-10T06:08:23Z</time><extensions><accuracy>6.3</accuracy></extensions></trkpt>
<trkpt lat="37.9010018" lon="127.2108079"><time>2026-09-10T06:08:24Z</time><extensions><accuracy>9.8</accuracy></extensions></trkpt>
<trkpt lat="37.9009940" lon="127.2108351"><time>2026-09-10T06:08:25Z</time><extensions><accuracy>9.0</accuracy></extensions></trkpt>
<trkpt lat="37.9009872" lon="127.2108751"><time>2026-09-10T06:08:26Z</time><extensions><accuracy>7.6</accuracy></extensions></trkpt>
<trkpt lat="37.9009848" lon="127.2108996"><time>2026-09-10T06:08:27Z</time><extensions><accuracy>9.4</accuracy></extensions></trkpt>
<trkpt lat="37.9009884" lon="127.2109308"><time>2026-09-10T06:08:28Z</time><extensions><accuracy>6.6</accuracy></extensions></trkpt>
<trkpt lat="37.9009889" lon="127.2109616"><time>2026-09-10T06:08:29Z</time><extensions><accuracy>6.9</accuracy></extensions></trkpt>
<trkpt lat="37.9009865" lon="127.2110023"><time>2026-09-10T06:08:30Z</time><extensions><accuracy>6.9</accuracy></extensions></trkpt>
<trkpt lat="37.9009798" lon="127.2110437"><time>2026-09-10T06:08:31Z</time><extensions><accuracy>8.3</accuracy></extensions></trkpt>
<trkpt lat="37.9009774" lon="127.2110715"><time>2026-09-10T06:08:32Z</time><extensions><accuracy>6.8</accuracy></extensions></trkpt>
<trkpt lat="37.9009697" lon="127.2110901"><time>2026-09-10T06:08:33Z</time><extensions><accuracy>8.4</accuracy></extensions></trkpt>
<trkpt lat="37.9009700" lon="127.2111131"><time>2026-09-10T06:08:34Z</time><extensions><accuracy>7.9</accuracy></extensions></trkpt>
<trkpt lat="37.9009677" lon="127.2111459"><time>2026-09-10T06:08:35Z</time><extensions><accuracy>8.8</accuracy></extensions></trkpt>
<trkpt lat="37.9009595" lon="127.2111755"><time>2026-09-10T06:08:36Z</time><extensions><accuracy>7.9</accuracy></extensions></trkpt>
<trkpt lat="37.9009502" lon="127.2112126"><time>2026-09-10T06:08:37Z</time><extensions><accuracy>9.0</accuracy></extensions></trkpt>
<trkpt lat="37.9009471" lon="127.2112377"><time>2026-09-10T06:08:38Z</time><extensions><accuracy>8.1</accuracy></extensions></trkpt>
<trkpt lat="37.9009348" lon="127.2112617"><time>2026-09-10T06:08:39Z</time><extensions><accuracy>8.2</accuracy></extensions></trkpt>
<trkpt lat="37.9009280" lon="127.2113004"><time>2026-09-10T06:08:40Z</time><extensions><accuracy>7.2</accuracy></extensions></trkpt>
<trkpt lat="37.9009205" lon="127.2113277"><time>2026-09-10T06:08:41Z</time><extensions><accuracy>8.4</accuracy></extensions></trkpt>
<trkpt lat="37.9009113" lon="127.2113564"><time>2026-09-10T06:08:42Z</time><extensions><accuracy>7.8</accuracy></extensions></trkpt>
<trkpt lat="37.9009067" lon="127.2113863"><time>2026-09-10T06:08:43Z</time><extensions><accuracy>6.4</accuracy></extensions></trkpt>
<trkpt lat="37.9009005" lon="127.2114186"><time>2026-09-10T06:08:44Z</time><extensions><accuracy>8.0</accuracy></extensions></trkpt>
<trkpt lat="37.9008976" lon="127.2114551"><time>2026-09-10T06:08:45Z</time><extensions><accuracy>7.1</accuracy></extensions></trkpt>
<trkpt lat="37.9008961" lon="127.2114884"><time>2026-09-10T06:08:46Z</time><extensions><accuracy>9.6</accuracy></extensions></trkpt>
<trkpt lat="37.9008888" lon="127.2115173"><time>2026-09-10T06:08:47Z</time><extensions><accuracy>8.8</accuracy></extensions></trkpt>
<trkpt lat="37.9008799" lon="127.2115621"><time>2026-09-10T06:08:48Z</time><extensions><accuracy>6.9</accuracy></extensions></trkpt>
<trkpt lat="37.9008731" lon="127.2115995"><time>2026-09-10T06:08:49Z</time><extensions><accuracy>7.8</accuracy></extensions></trkpt>
<trkpt lat="37.9008714" lon="127.2116369"><time>2026-09-10T06:08:50Z</time><extensions><accuracy>7.9</accuracy></extensions></trkpt>
<trkpt lat="37.9008575" lon="127.2116666"><time>2026-09-10T06:08:51Z</time><extensions><accuracy>8.9</accuracy></extensions></trkpt>
<trkpt lat="37.9008583" lon="127.2116924"><time>2026-09-10T06:08:52Z</time><extensions><accuracy>9.1</accuracy></extensions></trkpt>
<trkpt lat="37.9008428" lon="127.2117208"><time>2026-09-10T06:08:53Z</time><extensions><accuracy>6.2</accuracy></extensions></trkpt>
<trkpt lat="37.9008338" lon="127.2117433"><time>2026-09-10T06:08:54Z</time><extensions><accuracy>7.3</accuracy></extensions></trkpt>
<trkpt lat="37.9008207" lon="127.2117654"><time>2026-09-10T06:08:55Z</time><extensions><accuracy>8.5</accuracy></extensions></trkpt>
<trkpt lat="37.9008117" lon="127.2117841"><time>2026-09-10T06:08:56Z</time><extensions><accuracy>9.7</accuracy></extensions></trkpt>
<trkpt lat="37.9008060" lon="127.2118238"><time>2026-09-10T06:08:57Z</time><extensions><accuracy>8.8</accuracy></extensions></trkpt>
<trkpt lat="37.9008079" lon="127.2118578"><time>2026-09-10T06:08:58Z</time><extensions><accuracy>8.5</accuracy></extensions></trkpt>
<trkpt lat="37.9007937" lon="127.2118875"><time>2026-09-10T06:08:59Z</time><extensions><accuracy>6.9</accuracy></extensions></trkpt>
<trkpt lat="37.9007872" lon="127.2119088"><time>2026-09-10T06:09:00Z</time><extensions><accuracy>8.9</accuracy></extensions></trkpt>
<trkpt lat="37.9007731" lon="127.2119417"><time>2026-09-10T06:09:01Z</time><extensions><accuracy>9.8</accuracy></extensions></trkpt>
<trkpt lat="37.9007621" lon="127.2119813"><time>2026-09-10T06:09:02Z</time><extensions><accuracy>10.0</accuracy></extensions></trkpt>
<trkpt lat="37.9007635" lon="127.2120165"><time>2026-09-10T06:09:03Z</time><extensions><accuracy>9.8</accuracy></extensions></trkpt>
<trkpt lat="37.9007464" lon="127.2120421"><time>2026-09-10T06:09:04Z</time><extensions><accuracy>8.6</accuracy></extensions></trkpt>
<trkpt lat="37.9007431" lon="127.2120775"><time>2026-09-10T06:09:05Z</time><extensions><accuracy>9.4</accuracy></extensions></trkpt>
<trkpt lat="37.9007312" lon="127.2120890"><time>2026-09-10T06:09:06Z</time><extensions><accuracy>8.5</accuracy></extensions></trkpt>
<trkpt lat="37.9007248" lon="127.2121162"><time>2026-09-10T06:09:07Z</time><extensions><accuracy>9.2</accuracy></extensions></trkpt>
<trkpt lat="37.9007288" lon="127.2121368"><time>2026-09-10T06:09:08Z</time><extensions><accuracy>7.7</accuracy></extensions></trkpt>
<trkpt lat="37.9007157" lon="127.2121773"><time>2026-09-10T06:09:09Z</time><extensions><accuracy>9.0</accuracy></extensions></trkpt>
<trkpt lat="37.9007036" lon="127.2121979"><time>2026-09-10T06:09:10Z</time><extensions><accuracy>8.1</accuracy></extensions></trkpt>
<trkpt lat="37.9006923" lon="127.2122093"><time>2026-09-10T06:09:11Z</time><extensions><accuracy>9.5</accuracy></extensions></trkpt>
<trkpt lat="37.9006761" lon="127.2122404"><time>2026-09-10T06:09:12Z</time><extensions><accuracy>8.0</accuracy></extensions></trkpt>
<trkpt lat="37.9006819" lon="127.2122764"><time>2026-09-10T06:09:13Z</time><extensions><accuracy>8.2</accuracy></extensions></trkpt>
<trkpt lat="37.9006718" lon="127.2123066"><time>2026-09-10T06:09:14Z</time><extensions><accuracy>7.3</accuracy></extensions></trkpt>
<trkpt lat="37.9006673" lon="127.2123343"><time>2026-09-10T06:09:15Z</time><extensions><accuracy>6.8</accuracy></extensions></trkpt>
<trkpt lat="37.9006601" lon="127.2123596"><time>2026-09-10T06:09:16Z</time><extensions><accuracy>7.2</accuracy></extensions></trkpt>
<trkpt lat="37.9006402" lon="127.2123836"><time>2026-09-10T06:09:17Z</time><extensions><accuracy>8.7</accuracy></extensions></trkpt>
<trkpt lat="37.9006296" lon="127.2124191"><time>2026-09-10T06:09:18Z</time><extensions><accuracy>7.9</accuracy></extensions></trkpt>
<trkpt lat="37.9006239" lon="127.2124493"><time>2026-09-10T06:09:19Z</time><extensions><accuracy>7.5</accuracy></extensions></trkpt>
<trkpt lat="37.9006113" lon="127.2124907"><time>2026-09-10T06:09:20Z</time><extensions><accuracy>6.6</accuracy></extensions></trkpt>
<trkpt lat="37.9005999" lon="127.2125245"><time>2026-09-10T06:09:21Z</time><extensions><accuracy>9.8</accuracy></extensions></trkpt>
<trkpt lat="37.9005868" lon="127.2125478"><time>2026-09-10T06:09:22Z</time><extensions><accuracy>7.2</accuracy></extensions></trkpt>
<trkpt lat="37.9005738" lon="127.2125765"><time>2026-09-10T06:09:23Z</time><extensions><accuracy>6.5</accuracy></extensions></trkpt>
<trkpt lat="37.9005658" lon="127.2126027"><time>2026-09-10T06:09:24Z</time><extensions><accuracy>6.6</accuracy></extensions></trkpt>
<trkpt lat="37.9005578" lon="127.2126234"><time>2026-09-10T06:09:25Z</time><extensions><accuracy>7.8</accuracy></extensions></trkpt>
<trkpt lat="37.9005434" lon="127.2126691"><time>2026-09-10T06:09:26Z</time><extensions><accuracy>9.5</accuracy></extensions></trkpt>
<trkpt lat="37.9005393" lon="127.2126936"><time>2026-09-10T06:09:27Z</time><extensions><accuracy>6.2</accuracy></extensions></trkpt>
<trkpt lat="37.9005292" lon="127.2127442"><time>2026-09-10T06:09:28Z</time><extensions><accuracy>6.0</accuracy></extensions></trkpt>
<trkpt lat="37.9005192" lon="127.2127594"><time>2026-09-10T06:09:29Z</time><extensions><accuracy>8.9</accuracy></extensions></trkpt>
<trkpt lat="37.9005077" lon="127.2127956"><time>2026-09-10T06:09:30Z</time><extensions><accuracy>6.0</accuracy></extensions></trkpt>
<trkpt lat="37.9005011" lon="127.2128218"><time>2026-09-10T06:09:31Z</time><extensions><accuracy>9.6</accuracy></extensions></trkpt>
<trkpt lat="37.9004871" lon="127.2128483"><time>2026-09-10T06:09:32Z</time><extensions><accuracy>9.9</accuracy></extensions></trkpt>
<trkpt lat="37.9004715" lon="127.2128806"><time>2026-09-10T06:09:33Z</time><extensions><accuracy>6.3</accuracy></extensions></trkpt>
<trkpt lat="37.9004572" lon="127.2129250"><time>2026-09-10T06:09:34Z</time><extensions><accuracy>7.8</accuracy></extensions></trkpt>
<trkpt lat="37.9004446" lon="127.2129640"><time>2026-09-10T06:09:35Z</time><extensions><accuracy>7.9</accuracy></extensions></trkpt>
<trkpt lat="37.9004331" lon="127.2129925"><time>2026-09-10T06:09:36Z</time><extensions><accuracy>7.0</accuracy></extensions></trkpt>
<trkpt lat="37.9004318" lon="127.2130192"><time>2026-09-10T06:09:37Z</time><extensions><accuracy>7.0</accuracy></extensions></trkpt>
<trkpt lat="37.9004182" lon="127.2130367"><time>2026-09-10T06:09:38Z</time><extensions><accuracy>8.1</accuracy></extensions></trkpt>
<trkpt lat="37.9004064" lon="127.2130671"><time>2026-09-10T06:09:39Z</time><extensions><accuracy>8.1</accuracy></extensions></trkpt>
<trkpt lat="37.9004008" lon="127.2130994"><time>2026-09-10T06:09:40Z</time><extensions><accuracy>6.1</accuracy></extensions></trkpt>
<trkpt lat="37.9003885" lon="127.2131207"><time>2026-09-10T06:09:41Z</time><extensions><accuracy>6.0</accuracy></extensions></trkpt>
<trkpt lat="37.9003759" lon="127.2131557"><time>2026-09-10T06:09:42Z</time><extensions><accuracy>6.9</accuracy></extensions></trkpt>
<trkpt lat="37.9003697" lon="127.2131761"><time>2026-09-10T06:09:43Z</time><extensions><accuracy>6.8</accuracy></extensions></trkpt>
<trkpt lat="37.9003694" lon="127.2132110"><time>2026-09-10T06:09:44Z</time><extensions><accuracy>6.3</accuracy></extensions></trkpt>
<trkpt lat="37.9003561" lon="127.2132488"><time>2026-09-10T06:09:45Z</time><extensions><accuracy>8.3</accuracy></extensions></trkpt>
<trkpt lat="37.9003552" lon="127.2132645"><time>2026-09-10T06:09:46Z</time><extensions><accuracy>6.2</accuracy></extensions></trkpt>
<trkpt lat="37.9003492" lon="127.2132938"><time>2026-09-10T06:09:47Z</time><extensions><accuracy>8.7</accuracy></extensions></trkpt>
<trkpt lat="37.9003341" lon="127.2133179"><time>2026-09-10T06:09:48Z</time><extensions><accuracy>9.3</accuracy></extensions></trkpt>
<trkpt lat="37.9003285" lon="127.2133483"><time>2026-09-10T06:09:49Z</time><extensions><accuracy>6.9</accuracy></extensions></trkpt>
<trkpt lat="37.9003050" lon="127.2133802"><time>2026-09-10T06:09:50Z</time><extensions><accuracy>6.7</accuracy></extensions></trkpt>
<trkpt lat="37.9002834" lon="127.2134074"><time>2026-09-10T06:09:51Z</time><extensions><accuracy>9.6</accuracy></extensions></trkpt>
<trkpt lat="37.9002828" lon="127.2134293"><time>2026-09-10T06:09:52Z</time><extensions><accuracy>6.5</accuracy></extensions></trkpt>
<trkpt lat="37.9002744" lon="127.2134522"><time>2026-09-10T06:09:53Z</time><extensions><accuracy>7.9</accuracy></extensions></trkpt>
<trkpt lat="37.9002565" lon="127.2134937"><time>2026-09-10T06:09:54Z</time><extensions><accuracy>9.9</accuracy></extensions></trkpt>
<trkpt lat="37.9002528" lon="127.2135154"><time>2026-09-10T06:09:55Z</time><extensions><accuracy>9.3</accuracy></extensions></trkpt>
<trkpt lat="37.9002388" lon="127.2135521"><time>2026-09-10T06:09:56Z</time><extensions><accuracy>6.3</accuracy></extensions></trkpt>
<trkpt lat="37.9002256" lon="127.2135762"><time>2026-09-10T06:09:57Z</time><extensions><accuracy>9.6</accuracy></extensions></trkpt>
<trkpt lat="37.9002111" lon="127.2136059"><time>2026-09-10T06:09:58Z</time><extensions><accuracy>7.4</accuracy></extensions></trkpt>
<trkpt lat="37.9001932" lon="127.2136312"><time>2026-09-10T06:09:59Z</time><extensions><accuracy>6.9</accuracy></extensions></trkpt>
<trkpt lat="37.9001693" lon="127.2136662"><time>2026-09-10T06:10:00Z</time><extensions><accuracy>7.1</accuracy></extensions></trkpt>
<trkpt lat="37.9001577" lon="127.2136752"><time>2026-09-10T06:10:01Z</time><extensions><accuracy>8.4</accuracy></extensions></trkpt>
<trkpt lat="37.9001476" lon="127.2136994"><time>2026-09-10T06:10:02Z</time><extensions><accuracy>6.1</accuracy></extensions></trkpt>
<trkpt lat="37.9001348" lon="127.2137141"><time>2026-09-10T06:10:03Z</time><extensions><accuracy>6.8</accuracy></extensions></trkpt>
<trkpt lat="37.9001137" lon="127.2137429"><time>2026-09-10T06:10:04Z</time><extensions><accuracy>8.5</accuracy></extensions></trkpt>
<trkpt lat="37.9001032" lon="127.2137745"><time>2026-09-10T06:10:05Z</time><extensions><accuracy>7.7</accuracy></extensions></trkpt>
<trkpt lat="37.9001046" lon="127.2138052"><time>2026-09-10T06:10:06Z</time><extensions><accuracy>6.5</accuracy></extensions></trkpt>
<trkpt lat="37.9000884" lon="127.2138376"><time>2026-09-10T06:10:07Z</time><extensions><accuracy>9.8</accuracy></extensions></trkpt>
<trkpt lat="37.9000769" lon="127.2138555"><time>2026-09-10T06:10:08Z</time><extensions><accuracy>7.1</accuracy></extensions></trkpt>
<trkpt lat="37.9000736" lon="127.2138711"><time>2026-09-10T06:10:09Z</time><extensions><accuracy>6.7</accuracy></extensions></trkpt>
<trkpt lat="37.9000563" lon="127.2138994"><time>2026-09-10T06:10:10Z</time><extensions><accuracy>6.2</accuracy></extensions></trkpt>
<trkpt lat="37.9000399" lon="127.2139309"><time>2026-09-10T06:10:11Z</time><extensions><accuracy>8.6</accuracy></extensions></trkpt>
<trkpt lat="37.9000214" lon="127.2139522"><time>2026-09-10T06:10:12Z</time><extensions><accuracy>7.2</accuracy></extensions></trkpt>
<trkpt lat="37.9000056" lon="127.2139716"><time>2026-09-10T06:10:13Z</time><extensions><accuracy>8.0</accuracy></extensions></trkpt>
<trkpt lat="37.8999833" lon="127.2140034"><time>2026-09-10T06:10:14Z</time><extensions><accuracy>9.8</accuracy></extensions></trkpt>
<trkpt lat="37.8999652" lon="127.2140236"><time>2026-09-10T06:10:15Z</time><extensions><accuracy>9.7</accuracy></extensions></trkpt>
<trkpt lat="37.8999518" lon="127.2140461"><time>2026-09-10T06:10:16Z</time><extensions><accuracy>9.2</accuracy></extensions></trkpt>
<trkpt lat="37.8999398" lon="127.2140744"><time>2026-09-10T06:10:17Z</time><extensions><accuracy>7.7</accuracy></extensions></trkpt>
<trkpt lat="37.8999249" lon="127.2141062"><time>2026-09-10T06:10:18Z</time><extensions><accuracy>8.7</accuracy></extensions></trkpt>
<trkpt lat="37.8999204" lon="127.2141344"><time>2026-09-10T06:10:19Z</time><extensions><accuracy>6.1</accuracy></extensions></trkpt>
<trkpt lat="37.8998993" lon="127.2141650"><time>2026-09-10T06:10:20Z</time><extensions><accuracy>7.4</accuracy></extensions></trkpt>
<trkpt lat="37.8998850" lon="127.2141865"><time>2026-09-10T06:10:21Z</time><extensions><accuracy>9.6</accuracy></extensions></trkpt>
<trkpt lat="37.8998748" lon="127.2142214"><time>2026-09-10T06:10:22Z</time><extensions><accuracy>10.0</accuracy></extensions></trkpt>
<trkpt lat="37.8998587" lon="127.2142618"><time>2026-09-10T06:10:23Z</time><extensions><accuracy>8.6</accuracy></extensions></trkpt>
<trkpt lat="37.8998445" lon="127.2142831"><time>2026-09-10T06:10:24Z</time><extensions><accuracy>8.4</accuracy></extensions></trkpt>
<trkpt lat="37.8998292" lon="127.2143180"><time>2026-09-10T06:10:25Z</time><extensions><accuracy>9.3</accuracy></extensions></trkpt>
<trkpt lat="37.8998138" lon="127.2143478"><time>2026-09-10T06:10:26Z</time><extensions><accuracy>8.9</accuracy></extensions></trkpt>
<trkpt lat="37.8998084" lon="127.2143708"><time>2026-09-10T06:10:27Z</time><extensions><accuracy>7.3</accuracy></extensions></trkpt>
<trkpt lat="37.8997868" lon="127.2143914"><time>2026-09-10T06:10:28Z</time><extensions><accuracy>7.9</accuracy></extensions></trkpt>
<trkpt lat="37.8997754" lon="127.2144178"><time>2026-09-10T06:10:29Z</time><extensions><accuracy>7.0</accuracy></extensions></trkpt>
<trkpt lat="37.8997488" lon="127.2144310"><time>2026-09-10T06:10:30Z</time><extensions><accuracy>8.3</accuracy></extensions></trkpt>
<trkpt lat="37.8997453" lon="127.2144395"><time>2026-09-10T06:10:31Z</time><extensions><accuracy>8.5</accuracy></extensions></trkpt>
<trkpt lat="37.8997256" lon="127.2144693"><time>2026-09-10T06:10:32Z</time><extensions><accuracy>8.0</accuracy></extensions></trkpt>
<trkpt lat="37.8997121" lon="127.2144857"><time>2026-09-10T06:10:33Z</time><extensions><accuracy>7.5</accuracy></extensions></trkpt>
<trkpt lat="37.8997046" lon="127.2145094"><time>2026-09-10T06:10:34Z</time><extensions><accuracy>6.5</accuracy></extensions></trkpt>
<trkpt lat="37.8996830" lon="127.2145327"><time>2026-09-10T06:10:35Z</time><extensions><accuracy>9.0</accuracy></extensions></trkpt>
<trkpt lat="37.8996709" lon="127.2145613"><time>2026-09-10T06:10:36Z</time><extensions><accuracy>8.3</accuracy></extensions></trkpt>
<trkpt lat="37.8996547" lon="127.2145902"><time>2026-09-10T06:10:37Z</time><extensions><accuracy>8.9</accuracy></extensions></trkpt>
<trkpt lat="37.8996401" lon="127.2146038"><time>2026-09-10T06:10:38Z</time><extensions><accuracy>9.3</accuracy></extensions></trkpt>
<trkpt lat="37.8996319" lon="127.2146387"><time>2026-09-10T06:10:39Z</time><extensions><accuracy>7.5</accuracy></extensions></trkpt>
<trkpt lat="37.8996126" lon="127.2146547"><time>2026-09-10T06:10:40Z</time><extensions><accuracy>6.9</accuracy></extensions></trkpt>
<trkpt lat="37.8996052" lon="127.2146808"><time>2026-09-10T06:10:41Z</time><extensions><accuracy>7.1</accuracy></extensions></trkpt>
<trkpt lat="37.8995760" lon="127.2146958"><time>2026-09-10T06:10:42Z</time><extensions><accuracy>9.2</accuracy></extensions></trkpt>
<trkpt lat="37.8995606" lon="127.2147145"><time>2026-09-10T06:10:43Z</time><extensions><accuracy>6.9</accuracy></extensions></trkpt>
<trkpt lat="37.8995444" lon="127.2147459"><time>2026-09-10T06:10:44Z</time><extensions><accuracy>8.3</accuracy></extensions></trkpt>
<trkpt lat="37.8995199" lon="127.2147622"><time>2026-09-10T06:10:45Z</time><extensions><accuracy>8.2</accuracy></extensions></trkpt>
<trkpt lat="37.8994972" lon="127.2147886"><time>2026-09-10T06:10:46Z</time><extensions><accuracy>8.4</accuracy></extensions></trkpt>
<trkpt lat="37.8994793" lon="127.2148179"><time>2026-09-10T06:10:47Z</time><extensions><accuracy>8.5</accuracy></extensions></trkpt>
<trkpt lat="37.8994639" lon="127.2148451"><time>2026-09-10T06:10:48Z</time><extensions><accuracy>8.7</accuracy></extensions></trkpt>
<trkpt lat="37.8994442" lon="127.2148792"><time>2026-09-10T06:10:49Z</time><extensions><accuracy>6.7</accuracy></extensions></trkpt>
<trkpt lat="37.8994197" lon="127.2149052"><time>2026-09-10T06:10:50Z</time><extensions><accuracy>8.6</accuracy></extensions></trkpt>
<trkpt lat="37.8994003" lon="127.2149397"><time>2026-09-10T06:10:51Z</time><extensions><accuracy>7.3</accuracy></extensions></trkpt>
<trkpt lat="37.8993760" lon="127.2149709"><time>2026-09-10T06:10:52Z</time><extensions><accuracy>8.7</accuracy></extensions></trkpt>
<trkpt lat="37.8993518" lon="127.2149916"><time>2026-09-10T06:10:53Z</time><extensions><accuracy>6.1</accuracy></extensions></trkpt>
<trkpt lat="37.8993423" lon="127.2150278"><time>2026-09-10T06:10:54Z</time><extensions><accuracy>9.5</accuracy></extensions></trkpt>
<trkpt lat="37.8993334" lon="127.2150487"><time>2026-09-10T06:10:55Z</time><extensions><accuracy>8.1</accuracy></extensions></trkpt>
<trkpt lat="37.8993087" lon="127.2150552"><time>2026-09-10T06:10:56Z</time><extensions><accuracy>8.7</accuracy></extensions></trkpt>
<trkpt lat="37.8992929" lon="127.2150818"><time>2026-09-10T06:10:57Z</time><extensions><accuracy>7.4</accuracy></extensions></trkpt>
<trkpt lat="37.8992891" lon="127.2151118"><time>2026-09-10T06:10:58Z</time><extensions><accuracy>8.7</accuracy></extensions></trkpt>
<trkpt lat="37.8992797" lon="127.2151516"><time>2026-09-10T06:10:59Z</time><extensions><accuracy>6.6</accuracy></extensions></trkpt>
<trkpt lat="37.8992651" lon="127.2151678"><time>2026-09-10T06:11:00Z</time><extensions><accuracy>8.0</accuracy></extensions></trkpt>
<trkpt lat="37.8992392" lon="127.2152058"><time>2026-09-10T06:11:01Z</time><extensions><accuracy>7.0</accuracy></extensions></trkpt>
<trkpt lat="37.8992343" lon="127.2152197"><time>2026-09-10T06:11:02Z</time><extensions><accuracy>6.8</accuracy></extensions></trkpt>
<trkpt lat="37.8992181" lon="127.2152538"><time>2026-09-10T06:11:03Z</time><extensions><accuracy>8.7</accuracy></extensions></trkpt>
<trkpt lat="37.8991994" lon="127.2152731"><time>2026-09-10T06:11:04Z</time><extensions><accuracy>9.6</accuracy></extensions></trkpt>
<trkpt lat="37.8991913" lon="127.2152927"><time>2026-09-10T06:11:05Z</time><extensions><accuracy>8.4</accuracy></extensions></trkpt>
<trkpt lat="37.8991778" lon="127.2153245"><time>2026-09-10T06:11:06Z</time><extensions><accuracy>6.6</accuracy></extensions></trkpt>
<trkpt lat="37.8991671" lon="127.2153463"><time>2026-09-10T06:11:07Z</time><extensions><accuracy>6.2</accuracy></extensions></trkpt>
<trkpt lat="37.8991485" lon="127.2153681"><time>2026-09-10T06:11:08Z</time><extensions><accuracy>7.0</accuracy></extensions></trkpt>
<trkpt lat="37.8991298" lon="127.2153842"><time>2026-09-10T06:11:09Z</time><extensions><accuracy>8.2</accuracy></extensions></trkpt>
<trkpt lat="37.8991035" lon="127.2154041"><time>2026-09-10T06:11:10Z</time><extensions><accuracy>8.3</accuracy></extensions></trkpt>
<trkpt lat="37.8990828" lon="127.2154191"><time>2026-09-10T06:11:11Z</time><extensions><accuracy>8.3</accuracy></extensions></trkpt>
<trkpt lat="37.8990690" lon="127.2154434"><time>2026-09-10T06:11:12Z</time><extensions><accuracy>9.3</accuracy></extensions></trkpt>
<trkpt lat="37.8990532" lon="127.2154647"><time>2026-09-10T06:11:13Z</time><extensions><accuracy>9.5</accuracy></extensions></trkpt>
<trkpt lat="37.8990282" lon="127.2154780"><time>2026-09-10T06:11:14Z</time><extensions><accuracy>9.6</accuracy></extensions></trkpt>
<trkpt lat="37.8990102" lon="127.2155030"><time>2026-09-10T06:11:15Z</time><extensions><accuracy>8.8</accuracy></extensions></trkpt>
<trkpt lat="37.8989925" lon="127.2155175"><time>2026-09-10T06:11:16Z</time><extensions><accuracy>9.1</accuracy></extensions></trkpt>
<trkpt lat="37.8989676" lon="127.2155527"><time>2026-09-10T06:11:17Z</time><extensions><accuracy>7.1</accuracy></extensions></trkpt>
<trkpt lat="37.8989558" lon="127.2155948"><time>2026-09-10T06:11:18Z</time><extensions><accuracy>7.9</accuracy></extensions></trkpt>
<trkpt lat="37.8989412" lon="127.2156198"><time>2026-09-10T06:11:19Z</time><extensions><accuracy>9.9</accuracy></extensions></trkpt>
<trkpt lat="37.8989199" lon="127.2156456"><time>2026-09-10T06:11:20Z</time><extensions><accuracy>8.9</accuracy></extensions></trkpt>
<trkpt lat="37.8989024" lon="127.2156754"><time>2026-09-10T06:11:21Z</time><extensions><accuracy>8.7</accuracy></extensions></trkpt>
<trkpt lat="37.8988872" lon="127.2157040"><time>2026-09-10T06:11:22Z</time><extensions><accuracy>6.8</accuracy></extensions></trkpt>
<trkpt lat="37.8988730" lon="127.2157210"><time>2026-09-10T06:11:23Z</time><extensions><accuracy>7.7</accuracy></extensions></trkpt>
<trkpt lat="37.8988556" lon="127.2157470"><time>2026-09-10T06:11:24Z</time><extensions><accuracy>9.7</accuracy></extensions></trkpt>
<trkpt lat="37.8988322" lon="127.2157846"><time>2026-09-10T06:11:25Z</time><extensions><accuracy>6.4</accuracy></extensions></trkpt>
<trkpt lat="37.8988233" lon="127.2157863"><time>2026-09-10T06:11:26Z</time><extensions><accuracy>7.4</accuracy></extensions></trkpt>
<trkpt lat="37.8988083" lon="127.2158125"><time>2026-09-10T06:11:27Z</time><extensions><accuracy>8.8</accuracy></extensions></trkpt>
<trkpt lat="37.8987907" lon="127.2158379"><time>2026-09-10T06:11:28Z</time><extensions><accuracy>6.7</accuracy></extensions></trkpt>
<trkpt lat="37.8987701" lon="127.2158487"><time>2026-09-10T06:11:29Z</time><extensions><accuracy>6.7</accuracy></extensions></trkpt>
<trkpt lat="37.8987523" lon="127.2158718"><time>2026-09-10T06:11:30Z</time><extensions><accuracy>7.2</accuracy></extensions></trkpt>
<trkpt lat="37.8987325" lon="127.2158917"><time>2026-09-10T06:11:31Z</time><extensions><accuracy>6.5</accuracy></extensions></trkpt>
<trkpt lat="37.8987144" lon="127.2159229"><time>2026-09-10T06:11:32Z</time><extensions><accuracy>8.1</accuracy></extensions></trkpt>
<trkpt lat="37.8987049" lon="127.2159277"><time>2026-09-10T06:11:33Z</time><extensions><accuracy>7.1</accuracy></extensions></trkpt>
<trkpt lat="37.8986884" lon="127.2159629"><time>2026-09-10T06:11:34Z</time><extensions><accuracy>9.7</accuracy></extensions></trkpt>
<trkpt lat="37.8986745" lon="127.2159759"><time>2026-09-10T06:11:35Z</time><extensions><accuracy>7.9</accuracy></extensions></trkpt>
<trkpt lat="37.8986552" lon="127.2160064"><time>2026-09-10T06:11:36Z</time><extensions><accuracy>8.2</accuracy></extensions></trkpt>
<trkpt lat="37.8986428" lon="127.2160169"><time>2026-09-10T06:11:37Z</time><extensions><accuracy>7.5</accuracy></extensions></trkpt>
<trkpt lat="37.8986279" lon="127.2160364"><time>2026-09-10T06:11:38Z</time><extensions><accuracy>7.7</accuracy></extensions></trkpt>
<trkpt lat="37.8986033" lon="127.2160616"><time>2026-09-10T06:11:39Z</time><extensions><accuracy>7.7</accuracy></extensions></trkpt>
<trkpt lat="37.8985723" lon="127.2160826"><time>2026-09-10T06:11:40Z</time><extensions><accuracy>6.0</accuracy></extensions></trkpt>
<trkpt lat="37.8985503" lon="127.2160905"><time>2026-09-10T06:11:41Z</time><extensions><accuracy>9.8</accuracy></extensions></trkpt>
<trkpt lat="37.8985416" lon="127.2161088"><time>2026-09-10T06:11:42Z</time><extensions><accuracy>8.4</accuracy></extensions></trkpt>
<trkpt lat="37.8985090" lon="127.2161277"><time>2026-09-10T06:11:43Z</time><extensions><accuracy>7.8</accuracy></extensions></trkpt>
<trkpt lat="37.8984864" lon="127.2161426"><time>2026-09-10T06:11:44Z</time><extensions><accuracy>8.2</accuracy></extensions></trkpt>
<trkpt lat="37.8984544" lon="127.2161624"><time>2026-09-10T06:11:45Z</time><extensions><accuracy>8.7</accuracy></extensions></trkpt>
<trkpt lat="37.8984502" lon="127.2161805"><time>2026-09-10T06:11:46Z</time><extensions><accuracy>10.0</accuracy></extensions></trkpt>
<trkpt lat="37.8984359" lon="127.2162018"><time>2026-09-10T06:11:47Z</time><extensions><accuracy>6.2</accuracy></extensions></trkpt>
<trkpt lat="37.8984128" lon="127.2162182"><time>2026-09-10T06:11:48Z</time><extensions><accuracy>9.3</accuracy></extensions></trkpt>
<trkpt lat="37.8983937" lon="127.2162403"><time>2026-09-10T06:11:49Z</time><extensions><accuracy>6.4</accuracy></extensions></trkpt>
<trkpt lat="37.8983745" lon="127.2162538"><time>2026-09-10T06:11:50Z</time><extensions><accuracy>6.6</accuracy></extensions></trkpt>
<trkpt lat="37.8983532" lon="127.2162696"><time>2026-09-10T06:11:51Z</time><extensions><accuracy>6.7</accuracy></extensions></trkpt>
<trkpt lat="37.8983273" lon="127.2162763"><time>2026-09-10T06:11:52Z</time><extensions><accuracy>9.3</accuracy></extensions></trkpt>
<trkpt lat="37.8983078" lon="127.2162897"><time>2026-09-10T06:11:53Z</time><extensions><accuracy>8.9</accuracy></extensions></trkpt>
<trkpt lat="37.8982848" lon="127.2163138"><time>2026-09-10T06:11:54Z</time><extensions><accuracy>7.7</accuracy></extensions></trkpt>
<trkpt lat="37.8982566" lon="127.2163377"><time>2026-09-10T06:11:55Z</time><extensions><accuracy>9.6</accuracy></extensions></trkpt>
<trkpt lat="37.8982415" lon="127.2163587"><time>2026-09-10T06:11:56Z</time><extensions><accuracy>8.5</accuracy></extensions></trkpt>
<trkpt lat="37.8982237" lon="127.2163720"><time>2026-09-10T06:11:57Z</time><extensions><accuracy>8.3</accuracy></extensions></trkpt>
<trkpt lat="37.8982002" lon="127.2163961"><time>2026-09-10T06:11:58Z</time><extensions><accuracy>7.0</accuracy></extensions></trkpt>
<trkpt lat="37.8981882" lon="127.2164098"><time>2026-09-10T06:11:59Z</time><extensions><accuracy>7.7</accuracy></extensions></trkpt>
<trkpt lat="37.8981652" lon="127.2164352"><time>2026-09-10T06:12:00Z</time><extensions><accuracy>7.1</accuracy></extensions></trkpt>
<trkpt lat="37.8981444" lon="127.2164548"><time>2026-09-10T06:12:01Z</time><extensions><accuracy>6.6</accuracy></extensions></trkpt>
<trkpt lat="37.8981332" lon="127.2164612"><time>2026-09-10T06:12:02Z</time><extensions><accuracy>8.6</accuracy></extensions></trkpt>
<trkpt lat="37.8981080" lon="127.2164856"><time>2026-09-10T06:12:03Z</time><extensions><accuracy>8.4</accuracy></extensions></trkpt>
<trkpt lat="37.8980916" lon="127.2165114"><time>2026-09-10T06:12:04Z</time><extensions><accuracy>8.2</accuracy></extensions></trkpt>
<trkpt lat="37.8980737" lon="127.2165361"><time>2026-09-10T06:12:05Z</time><extensions><accuracy>8.0</accuracy></extensions></trkpt>
<trkpt lat="37.8980505" lon="127.2165481"><time>2026-09-10T06:12:06Z</time><extensions><accuracy>9.3</accuracy></extensions></trkpt>
<trkpt lat="37.8980258" lon="127.2165587"><time>2026-09-10T06:12:07Z</time><extensions><accuracy>7.0</accuracy></extensions></trkpt>
<trkpt lat="37.8980003" lon="127.2165775"><time>2026-09-10T06:12:08Z</time><extensions><accuracy>7.2</accuracy></extensions></trkpt>
<trkpt lat="37.8979847" lon="127.2165901"><time>2026-09-10T06:12:09Z</time><extensions><accuracy>8.5</accuracy></extensions></trkpt>
<trkpt lat="37.8979571" lon="127.2166036"><time>2026-09-10T06:12:10Z</time><extensions><accuracy>8.2</accuracy></extensions></trkpt>
<trkpt lat="37.8979378" lon="127.2166373"><time>2026-09-10T06:12:11Z</time><extensions><accuracy>7.0</accuracy></extensions></trkpt>
<trkpt lat="37.8979162" lon="127.2166490"><time>2026-09-10T06:12:12Z</time><extensions><accuracy>6.6</accuracy></extensions></trkpt>
<trkpt lat="37.8978926" lon="127.2166675"><time>2026-09-10T06:12:13Z</time><extensions><accuracy>8.0</accuracy></extensions></trkpt>
<trkpt lat="37.8978745" lon="127.2166838"><time>2026-09-10T06:12:14Z</time><extensions><accuracy>6.7</accuracy></extensions></trkpt>
<trkpt lat="37.8978543" lon="127.2166936"><time>2026-09-10T06:12:15Z</time><extensions><accuracy>6.6</accuracy></extensions></trkpt>
<trkpt lat="37.8978370" lon="127.2166908"><time>2026-09-10T06:12:16Z</time><extensions><accuracy>6.8</accuracy></extensions></trkpt>
<trkpt lat="37.8978154" lon="127.2167018"><time>2026-09-10T06:12:17Z</time><extensions><accuracy>6.8</accuracy></extensions></trkpt>
<trkpt lat="37.8977854" lon="127.2167113"><time>2026-09-10T06:12:18Z</time><extensions><accuracy>10.0</accuracy></extensions></trkpt>
<trkpt lat="37.8977698" lon="127.2167353"><time>2026-09-10T06:12:19Z</time><extensions><accuracy>8.7</accuracy></extensions></trkpt>
<trkpt lat="37.8977511" lon="127.2167558"><time>2026-09-10T06:12:20Z</time><extensions><accuracy>8.8</accuracy></extensions></trkpt>
<trkpt lat="37.8977381" lon="127.2167687"><time>2026-09-10T06:12:21Z</time><extensions><accuracy>10.0</accuracy></extensions></trkpt>
<trkpt lat="37.8977122" lon="127.2167661"><time>2026-09-10T06:12:22Z</time><extensions><accuracy>6.3</accuracy></extensions></trkpt>
<trkpt lat="37.8976904" lon="127.2167772"><time>2026-09-10T06:12:23Z</time><extensions><accuracy>9.1</accuracy></extensions></trkpt>
<trkpt lat="37.8976758" lon="127.2167923"><time>2026-09-10T06:12:24Z</time><extensions><accuracy>8.5</accuracy></extensions></trkpt>
<trkpt lat="37.8976633" lon="127.2168249"><time>2026-09-10T06:12:25Z</time><extensions><accuracy>6.3</accuracy></extensions></trkpt>
<trkpt lat="37.8976448" lon="127.2168411"><time>2026-09-10T06:12:26Z</time><extensions><accuracy>8.8</accuracy></extensions></trkpt>
<trkpt lat="37.8976208" lon="127.2168520"><time>2026-09-10T06:12:27Z</time><extensions><accuracy>6.4</accuracy></extensions></trkpt>
<trkpt lat="37.8976003" lon="127.2168819"><time>2026-09-10T06:12:28Z</time><extensions><accuracy>7.9</accuracy></extensions></trkpt>
<trkpt lat="37.8975778" lon="127.2168916"><time>2026-09-10T06:12:29Z</time><extensions><accuracy>9.1</accuracy></extensions></trkpt>
<trkpt lat="37.8975512" lon="127.2169138"><time>2026-09-10T06:12:30Z</time><extensions><accuracy>8.0</accuracy></extensions></trkpt>
<trkpt lat="37.8975156" lon="127.2169342"><time>2026-09-10T06:12:31Z</time><extensions><accuracy>7.3</accuracy></extensions></trkpt>
<trkpt lat="37.8975004" lon="127.2169587"><time>2026-09-10T06:12:32Z</time><extensions><accuracy>9.2</accuracy></extensions></trkpt>
<trkpt lat="37.8974726" lon="127.2169871"><time>2026-09-10T06:12:33Z</time><extensions><accuracy>9.3</accuracy></extensions></trkpt>
<trkpt lat="37.8974588" lon="127.2170067"><time>2026-09-10T06:12:34Z</time><extensions><accuracy>9.8</accuracy></extensions></trkpt>
<trkpt lat="37.8974306" lon="127.2170236"><time>2026-09-10T06:12:35Z</time><extensions><accuracy>7.5</accuracy></extensions></trkpt>
<trkpt lat="37.8974015" lon="127.2170275"><time>2026-09-10T06:12:36Z</time><extensions><accuracy>9.4</accuracy></extensions></trkpt>
<trkpt lat="37.8973824" lon="127.2170359"><time>2026-09-10T06:12:37Z</time><extensions><accuracy>7.0</accuracy></extensions></trkpt>
<trkpt lat="37.8973639" lon="127.2170426"><time>2026-09-10T06:12:38Z</time><extensions><accuracy>6.7</accuracy></extensions></trkpt>
<trkpt lat="37.8973479" lon="127.2170533"><time>2026-09-10T06:12:39Z</time><extensions><accuracy>6.9</accuracy></extensions></trkpt>
<trkpt lat="37.8973314" lon="127.2170687"><time>2026-09-10T06:12:40Z</time><extensions><accuracy>8.7</accuracy></extensions></trkpt>
<trkpt lat="37.8973052" lon="127.2170828"><time>2026-09-10T06:12:41Z</time><extensions><accuracy>8.2</accuracy></extensions></trkpt>
<trkpt lat="37.8972920" lon="127.2170962"><time>2026-09-10T06:12:42Z</time><extensions><accuracy>8.1</accuracy></extensions></trkpt>
<trkpt lat="37.8972667" lon="127.2171030"><time>2026-09-10T06:12:43Z</time><extensions><accuracy>7.1</accuracy></extensions></trkpt>
<trkpt lat="37.8972421" lon="127.2171129"><time>2026-09-10T06:12:44Z</time><extensions><accuracy>7.5</accuracy></extensions></trkpt>
<trkpt lat="37.8972122" lon="127.2171376"><time>2026-09-10T06:12:45Z</time><extensions><accuracy>9.1</accuracy></extensions></trkpt>
<trkpt lat="37.8971930" lon="127.2171587"><time>2026-09-10T06:12:46Z</time><extensions><accuracy>7.2</accuracy></extensions></trkpt>
<trkpt lat="37.8971843" lon="127.2171572"><time>2026-09-10T06:12:47Z</time><extensions><accuracy>6.5</accuracy></extensions></trkpt>
<trkpt lat="37.8971625" lon="127.2171876"><time>2026-09-10T06:12:48Z</time><extensions><accuracy>7.7</accuracy></extensions></trkpt>
<trkpt lat="37.8971401" lon="127.2172085"><time>2026-09-10T06:12:49Z</time><extensions><accuracy>9.4</accuracy></extensions></trkpt>
<trkpt lat="37.8971201" lon="127.2172265"><time>2026-09-10T06:12:50Z</time><extensions><accuracy>8.0</accuracy></extensions></trkpt>
<trkpt lat="37.8970996" lon="127.2172433"><time>2026-09-10T06:12:51Z</time><extensions><accuracy>7.6</accuracy></extensions></trkpt>
<trkpt lat="37.8970728" lon="127.2172722"><time>2026-09-10T06:12:52Z</time><extensions><accuracy>8.4</accuracy></extensions></trkpt>
<trkpt lat="37.8970479" lon="127.2172801"><time>2026-09-10T06:12:53Z</time><extensions><accuracy>9.8</accuracy></extensions></trkpt>
<trkpt lat="37.8970192" lon="127.2173055"><time>2026-09-10T06:12:54Z</time><extensions><accuracy>9.0</accuracy></extensions></trkpt>
<trkpt lat="37.8969935" lon="127.2173068"><time>2026-09-10T06:12:55Z</time><extensions><accuracy>7.7</accuracy></extensions></trkpt>
<trkpt lat="37.8969713" lon="127.2173133"><time>2026-09-10T06:12:56Z</time><extensions><accuracy>8.8</accuracy></extensions></trkpt>
<trkpt lat="37.8969393" lon="127.2173396"><time>2026-09-10T06:12:57Z</time><extensions><accuracy>6.6</accuracy></extensions></trkpt>
<trkpt lat="37.8969165" lon="127.2173581"><time>2026-09-10T06:12:58Z</time><extensions><accuracy>6.1</accuracy></extensions></trkpt>
<trkpt lat="37.8968969" lon="127.2173669"><time>2026-09-10T06:12:59Z</time><extensions><accuracy>7.8</accuracy></extensions></trkpt>
<trkpt lat="37.8968798" lon="127.2173798"><time>2026-09-10T06:13:00Z</time><extensions><accuracy>6.4</accuracy></extensions></trkpt>
<trkpt lat="37.8968496" lon="127.2173949"><time>2026-09-10T06:13:01Z</time><extensions><accuracy>8.9</accuracy></extensions></trkpt>
<trkpt lat="37.8968238" lon="127.2174123"><time>2026-09-10T06:13:02Z</time><extensions><accuracy>8.1</accuracy></extensions></trkpt>
<trkpt lat="37.8968105" lon="127.2174203"><time>2026-09-10T06:13:03Z</time><extensions><accuracy>6.2</accuracy></extensions></trkpt>
<trkpt lat="37.8967908" lon="127.2174438"><time>2026-09-10T06:13:04Z</time><extensions><accuracy>6.4</accuracy></extensions></trkpt>
<trkpt lat="37.8967680" lon="127.2174429"><time>2026-09-10T06:13:05Z</time><extensions><accuracy>8.0</accuracy></extensions></trkpt>
<trkpt lat="37.8967469" lon="127.2174501"><time>2026-09-10T06:13:06Z</time><extensions><accuracy>6.6</accuracy></extensions></trkpt>
<trkpt lat="37.8967238" lon="127.2174487"><time>2026-09-10T06:13:07Z</time><extensions><accuracy>6.6</accuracy></extensions></trkpt>
<trkpt lat="37.8966940" lon="127.2174686"><time>2026-09-10T06:13:08Z</time><extensions><accuracy>7.2</accuracy></extensions></trkpt>
<trkpt lat="37.8966549" lon="127.2174879"><time>2026-09-10T06:13:09Z</time><extensions><accuracy>7.2</accuracy></extensions></trkpt>
<trkpt lat="37.8966440" lon="127.2174940"><time>2026-09-10T06:13:10Z</time><extensions><accuracy>6.5</accuracy></extensions></trkpt>
<trkpt lat="37.8966216" lon="127.2175102"><time>2026-09-10T06:13:11Z</time><extensions><accuracy>10.0</accuracy></extensions></trkpt>
<trkpt lat="37.8966051" lon="127.2175355"><time>2026-09-10T06:13:12Z</time><extensions><accuracy>7.8</accuracy></extensions></trkpt>
<trkpt lat="37.8965857" lon="127.2175389"><time>2026-09-10T06:13:13Z</time><extensions><accuracy>8.3</accuracy></extensions></trkpt>
<trkpt lat="37.8965653" lon="127.2175485"><time>2026-09-10T06:13:14Z</time><extensions><accuracy>8.0</accuracy></extensions></trkpt>
<trkpt lat="37.8965466" lon="127.2175517"><time>2026-09-10T06:13:15Z</time><extensions><accuracy>6.9</accuracy></extensions></trkpt>
<trkpt lat="37.8965326" lon="127.2175623"><time>2026-09-10T06:13:16Z</time><extensions><accuracy>9.1</accuracy></extensions></trkpt>
<trkpt lat="37.8965085" lon="127.2175643"><time>2026-09-10T06:13:17Z</time><extensions><accuracy>8.4</accuracy></extensions></trkpt>
<trkpt lat="37.8964786" lon="127.2175900"><time>2026-09-10T06:13:18Z</time><extensions><accuracy>6.9</accuracy></extensions></trkpt>
<trkpt lat="37.8964626" lon="127.2176024"><time>2026-09-10T06:13:19Z</time><extensions><accuracy>8.1</accuracy></extensions></trkpt>
<trkpt lat="37.8964338" lon="127.2176066"><time>2026-09-10T06:13:20Z</time><extensions><accuracy>10.0</accuracy></extensions></trkpt>
<trkpt lat="37.8964045" lon="127.2176099"><time>2026-09-10T06:13:21Z</time><extensions><accuracy>7.8</accuracy></extensions></trkpt>
<trkpt lat="37.8963904" lon="127.2176121"><time>2026-09-10T06:13:22Z</time><extensions><accuracy>8.0</accuracy></extensions></trkpt>
<trkpt lat="37.8963648" lon="127.2176118"><time>2026-09-10T06:13:23Z</time><extensions><accuracy>9.1</accuracy></extensions></trkpt>
<trkpt lat="37.8963362" lon="127.2176236"><time>2026-09-10T06:13:24Z</time><extensions><accuracy>6.8</accuracy></extensions></trkpt>
<trkpt lat="37.8963161" lon="127.2176332"><time>2026-09-10T06:13:25Z</time><extensions><accuracy>6.8</accuracy></extensions></trkpt>
<trkpt lat="37.8962948" lon="127.2176382"><time>2026-09-10T06:13:26Z</time><extensions><accuracy>9.3</accuracy></extensions></trkpt>
<trkpt lat="37.8962741" lon="127.2176587"><time>2026-09-10T06:13:27Z</time><extensions><accuracy>6.1</accuracy></extensions></trkpt>
<trkpt lat="37.8962450" lon="127.2176770"><time>2026-09-10T06:13:28Z</time><extensions><accuracy>8.8</accuracy></extensions></trkpt>
<trkpt lat="37.8962154" lon="127.2176768"><time>2026-09-10T06:13:29Z</time><extensions><accuracy>6.7</accuracy></extensions></trkpt>
<trkpt lat="37.8961847" lon="127.2176838"><time>2026-09-10T06:13:30Z</time><extensions><accuracy>9.1</accuracy></extensions></trkpt>
<trkpt lat="37.8961604" lon="127.2177016"><time>2026-09-10T06:13:31Z</time><extensions><accuracy>6.0</accuracy></extensions></trkpt>
<trkpt lat="37.8961494" lon="127.2177196"><time>2026-09-10T06:13:32Z</time><extensions><accuracy>6.3</accuracy></extensions></trkpt>
<trkpt lat="37.8961172" lon="127.2177250"><time>2026-09-10T06:13:33Z</time><extensions><accuracy>8.7</accuracy></extensions></trkpt>
<trkpt lat="37.8960893" lon="127.2177291"><time>2026-09-10T06:13:34Z</time><extensions><accuracy>9.5</accuracy></extensions></trkpt>
<trkpt lat="37.8960793" lon="127.2177356"><time>2026-09-10T06:13:35Z</time><extensions><accuracy>7.6</accuracy></extensions></trkpt>
<trkpt lat="37.8960582" lon="127.2177362"><time>2026-09-10T06:13:36Z</time><extensions><accuracy>6.6</accuracy></extensions></trkpt>
<trkpt lat="37.8960320" lon="127.2177410"><time>2026-09-10T06:13:37Z</time><extensions><accuracy>7.4</accuracy></extensions></trkpt>
<trkpt lat="37.8960005" lon="127.2177478"><time>2026-09-10T06:13:38Z</time><extensions><accuracy>9.0</accuracy></extensions></trkpt>
<trkpt lat="37.8959878" lon="127.2177479"><time>2026-09-10T06:13:39Z</time><extensions><accuracy>6.2</accuracy></extensions></trkpt>
<trkpt lat="37.8959606" lon="127.2177695"><time>2026-09-10T06:13:40Z</time><extensions><accuracy>9.0</accuracy></extensions></trkpt>
<trkpt lat="37.8959310" lon="127.2177774"><time>2026-09-10T06:13:41Z</time><extensions><accuracy>6.5</accuracy></extensions></trkpt>
<trkpt lat="37.8959061" lon="127.2177898"><time>2026-09-10T06:13:42Z</time><extensions><accuracy>7.9</accuracy></extensions></trkpt>
<trkpt lat="37.8958820" lon="127.2178037"><time>2026-09-10T06:13:43Z</time><extensions><accuracy>7.7</accuracy></extensions></trkpt>
<trkpt lat="37.8958584" lon="127.2178138"><time>2026-09-10T06:13:44Z</time><extensions><accuracy>7.3</accuracy></extensions></trkpt>
<trkpt lat="37.8958451" lon="127.2178278"><time>2026-09-10T06:13:45Z</time><extensions><accuracy>9.9</accuracy></extensions></trkpt>
<trkpt lat="37.8958245" lon="127.2178415"><time>2026-09-10T06:13:46Z</time><extensions><accuracy>7.7</accuracy></extensions></trkpt>
<trkpt lat="37.8958058" lon="127.2178526"><time>2026-09-10T06:13:47Z</time><extensions><accuracy>8.0</accuracy></extensions></trkpt>
<trkpt lat="37.8957777" lon="127.2178711"><time>2026-09-10T06:13:48Z</time><extensions><accuracy>6.0</accuracy></extensions></trkpt>
<trkpt lat="37.8957548" lon="127.2178848"><time>2026-09-10T06:13:49Z</time><extensions><accuracy>9.4</accuracy></extensions></trkpt>
<trkpt lat="37.8957283" lon="127.2178949"><time>2026-09-10T06:13:50Z</time><extensions><accuracy>9.8</accuracy></extensions></trkpt>
<trkpt lat="37.8957064" lon="127.2178965"><time>2026-09-10T06:13:51Z</time><extensions><accuracy>7.0</accuracy></extensions></trkpt>
<trkpt lat="37.8956882" lon="127.2178994"><time>2026-09-10T06:13:52Z</time><extensions><accuracy>8.7</accuracy></extensions></trkpt>
<trkpt lat="37.8956574" lon="127.2179070"><time>2026-09-10T06:13:53Z</time><extensions><accuracy>6.8</accuracy></extensions></trkpt>
<trkpt lat="37.8956204" lon="127.2179009"><time>2026-09-10T06:13:54Z</time><extensions><accuracy>7.9</accuracy></extensions></trkpt>
<trkpt lat="37.8955853" lon="127.2179075"><time>2026-09-10T06:13:55Z</time><extensions><accuracy>8.8</accuracy></extensions></trkpt>
<trkpt lat="37.8955639" lon="127.2179246"><time>2026-09-10T06:13:56Z</time><extensions><accuracy>8.0</accuracy></extensions></trkpt>
<trkpt lat="37.8955407" lon="127.2179380"><time>2026-09-10T06:13:57Z</time><extensions><accuracy>7.1</accuracy></extensions></trkpt>
<trkpt lat="37.8955213" lon="127.2179455"><time>2026-09-10T06:13:58Z</time><extensions><accuracy>7.9</accuracy></extensions></trkpt>
<trkpt lat="37.8954910" lon="127.2179511"><time>2026-09-10T06:13:59Z</time><extensions><accuracy>9.8</accuracy></extensions></trkpt>
<trkpt lat="37.8954643" lon="127.2179491"><time>2026-09-10T06:14:00Z</time><extensions><accuracy>7.8</accuracy></extensions></trkpt>
<trkpt lat="37.8954359" lon="127.2179525"><time>2026-09-10T06:14:01Z</time><extensions><accuracy>7.6</accuracy></extensions></trkpt>
<trkpt lat="37.8954037" lon="127.2179640"><time>2026-09-10T06:14:02Z</time><extensions><accuracy>8.7</accuracy></extensions></trkpt>
<trkpt lat="37.8953774" lon="127.2179663"><time>2026-09-10T06:14:03Z</time><extensions><accuracy>7.4</accuracy></extensions></trkpt>
<trkpt lat="37.8953525" lon="127.2179724"><time>2026-09-10T06:14:04Z</time><extensions><accuracy>7.9</accuracy></extensions></trkpt>
<trkpt lat="37.8953194" lon="127.2179813"><time>2026-09-10T06:14:05Z</time><extensions><accuracy>6.5</accuracy></extensions></trkpt>
<trkpt lat="37.8953016" lon="127.2179762"><time>2026-09-10T06:14:06Z</time><extensions><accuracy>9.2</accuracy></extensions></trkpt>
<trkpt lat="37.8952788" lon="127.2179861"><time>2026-09-10T06:14:07Z</time><extensions><accuracy>9.9</accuracy></extensions></trkpt>
<trkpt lat="37.8952559" lon="127.2179875"><time>2026-09-10T06:14:08Z</time><extensions><accuracy>6.6</accuracy></extensions></trkpt>
<trkpt lat="37.8952398" lon="127.2180053"><time>2026-09-10T06:14:09Z</time><extensions><accuracy>7.3</accuracy></extensions></trkpt>
<trkpt lat="37.8952160" lon="127.2180199"><time>2026-09-10T06:14:10Z</time><extensions><accuracy>6.8</accuracy></extensions></trkpt>
<trkpt lat="37.8951987" lon="127.2180268"><time>2026-09-10T06:14:11Z</time><extensions><accuracy>8.8</accuracy></extensions></trkpt>
<trkpt lat="37.8951674" lon="127.2180283"><time>2026-09-10T06:14:12Z</time><extensions><accuracy>8.1</accuracy></extensions></trkpt>
<trkpt lat="37.8951477" lon="127.2180201"><time>2026-09-10T06:14:13Z</time><extensions><accuracy>9.2</accuracy></extensions></trkpt>
<trkpt lat="37.8951290" lon="127.2180272"><time>2026-09-10T06:14:14Z</time><extensions><accuracy>7.3</accuracy></extensions></trkpt>
<trkpt lat="37.8950996" lon="127.2180259"><time>2026-09-10T06:14:15Z</time><extensions><accuracy>6.1</accuracy></extensions></trkpt>
<trkpt lat="37.8950793" lon="127.2180209"><time>2026-09-10T06:14:16Z</time><extensions><accuracy>9.0</accuracy></extensions></trkpt>
<trkpt lat="37.8950496" lon="127.2180363"><time>2026-09-10T06:14:17Z</time><extensions><accuracy>8.8</accuracy></extensions></trkpt>
<trkpt lat="37.8950269" lon="127.2180551"><time>2026-09-10T06:14:18Z</time><extensions><accuracy>8.6</accuracy></extensions></trkpt>
<trkpt lat="37.8949982" lon="127.2180581"><time>2026-09-10T06:14:19Z</time><extensions><accuracy>7.9</accuracy></extensions></trkpt>
<trkpt lat="37.8949642" lon="127.2180640"><time>2026-09-10T06:14:20Z</time><extensions><accuracy>9.3</accuracy></extensions></trkpt>
<trkpt lat="37.8949324" lon="127.2180666"><time>2026-09-10T06:14:21Z</time><extensions><accuracy>9.4</accuracy></extensions></trkpt>
<trkpt lat="37.8949091" lon="127.2180830"><time>2026-09-10T06:14:22Z</time><extensions><accuracy>7.9</accuracy></extensions></trkpt>
<trkpt lat="37.8948864" lon="127.2180863"><time>2026-09-10T06:14:23Z</time><extensions><accuracy>9.7</accuracy></extensions></trkpt>
<trkpt lat="37.8948674" lon="127.2180929"><time>2026-09-10T06:14:24Z</time><extensions><accuracy>7.9</accuracy></extensions></trkpt>
<trkpt lat="37.8948434" lon="127.2181078"><time>2026-09-10T06:14:25Z</time><extensions><accuracy>7.4</accuracy></extensions></trkpt>
<trkpt lat="37.8948221" lon="127.2181076"><time>2026-09-10T06:14:26Z</time><extensions><accuracy>8.3</accuracy></extensions></trkpt>
<trkpt lat="37.8947901" lon="127.2181015"><time>2026-09-10T06:14:27Z</time><extensions><accuracy>7.5</accuracy></extensions></trkpt>
<trkpt lat="37.8947678" lon="127.2181104"><time>2026-09-10T06:14:28Z</time><extensions><accuracy>7.7</accuracy></extensions></trkpt>
<trkpt lat="37.8947512" lon="127.2181103"><time>2026-09-10T06:14:29Z</time><extensions><accuracy>8.3</accuracy></extensions></trkpt>
<trkpt lat="37.8947292" lon="127.2181060"><time>2026-09-10T06:14:30Z</time><extensions><accuracy>9.4</accuracy></extensions></trkpt>
<trkpt lat="37.8947085" lon="127.2180985"><time>2026-09-10T06:14:31Z</time><extensions><accuracy>8.0</accuracy></extensions></trkpt>
<trkpt lat="37.8946866" lon="127.2181120"><time>2026-09-10T06:14:32Z</time><extensions><accuracy>7.6</accuracy></extensions></trkpt>
<trkpt lat="37.8946607" lon="127.2181196"><time>2026-09-10T06:14:33Z</time><extensions><accuracy>7.2</accuracy></extensions></trkpt>
<trkpt lat="37.8946272" lon="127.2181081"><time>2026-09-10T06:14:34Z</time><extensions><accuracy>8.7</accuracy></extensions></trkpt>
<trkpt lat="37.8945905" lon="127.2181121"><time>2026-09-10T06:14:35Z</time><extensions><accuracy>8.4</accuracy></extensions></trkpt>
<trkpt lat="37.8945520" lon="127.2181032"><time>2026-09-10T06:14:36Z</time><extensions><accuracy>6.6</accuracy></extensions></trkpt>
<trkpt lat="37.8945297" lon="127.2181088"><time>2026-09-10T06:14:37Z</time><extensions><accuracy>7.3</accuracy></extensions></trkpt>
<trkpt lat="37.8945052" lon="127.2181039"><time>2026-09-10T06:14:38Z</time><extensions><accuracy>6.1</accuracy></extensions></trkpt>
<trkpt lat="37.8944819" lon="127.2181053"><time>2026-09-10T06:14:39Z</time><extensions><accuracy>9.3</accuracy></extensions></trkpt>
<trkpt lat="37.8944574" lon="127.2181135"><time>2026-09-10T06:14:40Z</time><extensions><accuracy>7.2</accuracy></extensions></trkpt>
<trkpt lat="37.8944332" lon="127.2181222"><time>2026-09-10T06:14:41Z</time><extensions><accuracy>6.1</accuracy></extensions></trkpt>
<trkpt lat="37.8943931" lon="127.2181200"><time>2026-09-10T06:14:42Z</time><extensions><accuracy>7.8</accuracy></extensions></trkpt>
<trkpt lat="37.8943778" lon="127.2181334"><time>2026-09-10T06:14:43Z</time><extensions><accuracy>6.4</accuracy></extensions></trkpt>
<trkpt lat="37.8943493" lon="127.2181331"><time>2026-09-10T06:14:44Z</time><extensions><accuracy>7.2</accuracy></extensions></trkpt>
<trkpt lat="37.8943323" lon="127.2181306"><time>2026-09-10T06:14:45Z</time><extensions><accuracy>9.6</accuracy></extensions></trkpt>
<trkpt lat="37.8943021" lon="127.2181399"><time>2026-09-10T06:14:46Z</time><extensions><accuracy>6.4</accuracy></extensions></trkpt>
<trkpt lat="37.8942772" lon="127.2181477"><time>2026-09-10T06:14:47Z</time><extensions><accuracy>8.3</accuracy></extensions></trkpt>
<trkpt lat="37.8942448" lon="127.2181557"><time>2026-09-10T06:14:48Z</time><extensions><accuracy>6.2</accuracy></extensions></trkpt>
<trkpt lat="37.8942180" lon="127.2181565"><time>2026-09-10T06:14:49Z</time><extensions><accuracy>7.5</accuracy></extensions></trkpt>
<trkpt lat="37.8941898" lon="127.2181598"><time>2026-09-10T06:14:50Z</time><extensions><accuracy>8.9</accuracy></extensions></trkpt>
<trkpt lat="37.8941659" lon="127.2181622"><time>2026-09-10T06:14:51Z</time><extensions><accuracy>9.1</accuracy></extensions></trkpt>
<trkpt lat="37.8941425" lon="127.2181592"><time>2026-09-10T06:14:52Z</time><extensions><accuracy>8.6</accuracy></extensions></trkpt>
<trkpt lat="37.8941242" lon="127.2181531"><time>2026-09-10T06:14:53Z</time><extensions><accuracy>7.4</accuracy></extensions></trkpt>
<trkpt lat="37.8941037" lon="127.2181572"><time>2026-09-10T06:14:54Z</time><extensions><accuracy>7.6</accuracy></extensions></trkpt>
<trkpt lat="37.8940869" lon="127.2181513"><time>2026-09-10T06:14:55Z</time><extensions><accuracy>8.3</accuracy></extensions></trkpt>
<trkpt lat="37.8940608" lon="127.2181524"><time>2026-09-10T06:14:56Z</time><extensions><accuracy>9.9</accuracy></extensions></trkpt>
<trkpt lat="37.8940352" lon="127.2181537"><time>2026-09-10T06:14:57Z</time><extensions><accuracy>7.4</accuracy></extensions></trkpt>
<trkpt lat="37.8940211" lon="127.2181450"><time>2026-09-10T06:14:58Z</time><extensions><accuracy>6.3</accuracy></extensions></trkpt>
<trkpt lat="37.8940100" lon="127.2181546"><time>2026-09-10T06:14:59Z</time><extensions><accuracy>6.5</accuracy></extensions></trkpt>
<trkpt lat="37.8939833" lon="127.2181585"><time>2026-09-10T06:15:00Z</time><extensions><accuracy>6.7</accuracy></extensions></trkpt>
<trkpt lat="37.8939640" lon="127.2181588"><time>2026-09-10T06:15:01Z</time><extensions><accuracy>6.8</accuracy></extensions></trkpt>
<trkpt lat="37.8939442" lon="127.2181610"><time>2026-09-10T06:15:02Z</time><extensions><accuracy>9.1</accuracy></extensions></trkpt>
<trkpt lat="37.8939211" lon="127.2181444"><time>2026-09-10T06:15:03Z</time><extensions><accuracy>6.5</accuracy></extensions></trkpt>
<trkpt lat="37.8938921" lon="127.2181427"><time>2026-09-10T06:15:04Z</time><extensions><accuracy>9.5</accuracy></extensions></trkpt>
<trkpt lat="37.8938750" lon="127.2181470"><time>2026-09-10T06:15:05Z</time><extensions><accuracy>8.9</accuracy></extensions></trkpt>
<trkpt lat="37.8938524" lon="127.2181421"><time>2026-09-10T06:15:06Z</time><extensions><accuracy>7.2</accuracy></extensions></trkpt>
<trkpt lat="37.8938219" lon="127.2181410"><time>2026-09-10T06:15:07Z</time><extensions><accuracy>9.0</accuracy></extensions></trkpt>
<trkpt lat="37.8937929" lon="127.2181415"><time>2026-09-10T06:15:08Z</time><extensions><accuracy>8.0</accuracy></extensions></trkpt>
<trkpt lat="37.8937585" lon="127.2181378"><time>2026-09-10T06:15:09Z</time><extensions><accuracy>8.2</accuracy></extensions></trkpt>
<trkpt lat="37.8937303" lon="127.2181332"><time>2026-09-10T06:15:10Z</time><extensions><accuracy>7.4</accuracy></extensions></trkpt>
<trkpt lat="37.8937057" lon="127.2181443"><time>2026-09-10T06:15:11Z</time><extensions><accuracy>8.1</accuracy></extensions></trkpt>
<trkpt lat="37.8936800" lon="127.2181448"><time>2026-09-10T06:15:12Z</time><extensions><accuracy>6.8</accuracy></extensions></trkpt>
<trkpt lat="37.8936509" lon="127.2181411"><time>2026-09-10T06:15:13Z</time><extensions><accuracy>7.2</accuracy></extensions></trkpt>
<trkpt lat="37.8936297" lon="127.2181350"><time>2026-09-10T06:15:14Z</time><extensions><accuracy>6.5</accuracy></extensions></trkpt>
<trkpt lat="37.8935959" lon="127.2181409"><time>2026-09-10T06:15:15Z</time><extensions><accuracy>6.9</accuracy></extensions></trkpt>
<trkpt lat="37.8935769" lon="127.2181331"><time>2026-09-10T06:15:16Z</time><extensions><accuracy>9.0</accuracy></extensions></trkpt>
<trkpt lat="37.8935500" lon="127.2181305"><time>2026-09-10T06:15:17Z</time><extensions><accuracy>7.3</accuracy></extensions></trkpt>
<trkpt lat="37.8935317" lon="127.2181145"><time>2026-09-10T06:15:18Z</time><extensions><accuracy>8.7</accuracy></extensions></trkpt>
<trkpt lat="37.8935004" lon="127.2181023"><time>2026-09-10T06:15:19Z</time><extensions><accuracy>9.3</accuracy></extensions></trkpt>
<trkpt lat="37.8934724" lon="127.2180990"><time>2026-09-10T06:15:20Z</time><extensions><accuracy>7.2</accuracy></extensions></trkpt>
<trkpt lat="37.8934441" lon="127.2180970"><time>2026-09-10T06:15:21Z</time><extensions><accuracy>9.7</accuracy></extensions></trkpt>
<trkpt lat="37.8934168" lon="127.2180918"><time>2026-09-10T06:15:22Z</time><extensions><accuracy>9.9</accuracy></extensions></trkpt>
<trkpt lat="37.8933868" lon="127.2180830"><time>2026-09-10T06:15:23Z</time><extensions><accuracy>9.4</accuracy></extensions></trkpt>
<trkpt lat="37.8933608" lon="127.2180867"><time>2026-09-10T06:15:24Z</time><extensions><accuracy>9.5</accuracy></extensions></trkpt>
<trkpt lat="37.8933392" lon="127.2180952"><time>2026-09-10T06:15:25Z</time><extensions><accuracy>8.3</accuracy></extensions></trkpt>
<trkpt lat="37.8933159" lon="127.2180960"><time>2026-09-10T06:15:26Z</time><extensions><accuracy>7.9</accuracy></extensions></trkpt>
<trkpt lat="37.8932805" lon="127.2180858"><time>2026-09-10T06:15:27Z</time><extensions><accuracy>6.6</accuracy></extensions></trkpt>
<trkpt lat="37.8932609" lon="127.2180756"><time>2026-09-10T06:15:28Z</time><extensions><accuracy>9.2</accuracy></extensions></trkpt>
<trkpt lat="37.8932342" lon="127.2180791"><time>2026-09-10T06:15:29Z</time><extensions><accuracy>9.2</accuracy></extensions></trkpt>
<trkpt lat="37.8932098" lon="127.2180861"><time>2026-09-10T06:15:30Z</time><extensions><accuracy>9.6</accuracy></extensions></trkpt>
<trkpt lat="37.8931927" lon="127.2180855"><time>2026-09-10T06:15:31Z</time><extensions><accuracy>8.3</accuracy></extensions></trkpt>
<trkpt lat="37.8931729" lon="127.2180769"><time>2026-09-10T06:15:32Z</time><extensions><accuracy>9.2</accuracy></extensions></trkpt>
<trkpt lat="37.8931602" lon="127.2180769"><time>2026-09-10T06:15:33Z</time><extensions><accuracy>9.6</accuracy></extensions></trkpt>
<trkpt lat="37.8931373" lon="127.2180657"><time>2026-09-10T06:15:34Z</time><extensions><accuracy>8.7</accuracy></extensions></trkpt>
<trkpt lat="37.8931138" lon="127.2180575"><time>2026-09-10T06:15:35Z</time><extensions><accuracy>8.3</accuracy></extensions></trkpt>
<trkpt lat="37.8930888" lon="127.2180394"><time>2026-09-10T06:15:36Z</time><extensions><accuracy>6.7</accuracy></extensions></trkpt>
<trkpt lat="37.8930571" lon="127.2180339"><time>2026-09-10T06:15:37Z</time><extensions><accuracy>6.9</accuracy></extensions></trkpt>
<trkpt lat="37.8930347" lon="127.2180260"><time>2026-09-10T06:15:38Z</time><extensions><accuracy>7.2</accuracy></extensions></trkpt>
<trkpt lat="37.8930069" lon="127.2180252"><time>2026-09-10T06:15:39Z</time><extensions><accuracy>9.1</accuracy></extensions></trkpt>
<trkpt lat="37.8929836" lon="127.2180245"><time>2026-09-10T06:15:40Z</time><extensions><accuracy>9.8</accuracy></extensions></trkpt>
<trkpt lat="37.8929579" lon="127.2180223"><time>2026-09-10T06:15:41Z</time><extensions><accuracy>6.1</accuracy></extensions></trkpt>
<trkpt lat="37.8929370" lon="127.2180166"><time>2026-09-10T06:15:42Z</time><extensions><accuracy>6.6</accuracy></extensions></trkpt>
<trkpt lat="37.8929122" lon="127.2180139"><time>2026-09-10T06:15:43Z</time><extensions><accuracy>8.9</accuracy></extensions></trkpt>
<trkpt lat="37.8928972" lon="127.2180220"><time>2026-09-10T06:15:44Z</time><extensions><accuracy>6.0</accuracy></extensions></trkpt>
<trkpt lat="37.8928717" lon="127.2180194"><time>2026-09-10T06:15:45Z</time><extensions><accuracy>7.8</accuracy></extensions></trkpt>
<trkpt lat="37.8928448" lon="127.2180185"><time>2026-09-10T06:15:46Z</time><extensions><accuracy>8.6</accuracy></extensions></trkpt>
<trkpt lat="37.8928182" lon="127.2180068"><time>2026-09-10T06:15:47Z</time><extensions><accuracy>7.7</accuracy></extensions></trkpt>
<trkpt lat="37.8927957" lon="127.2180101"><time>2026-09-10T06:15:48Z</time><extensions><accuracy>8.2</accuracy></extensions></trkpt>
<trkpt lat="37.8927818" lon="127.2179968"><time>2026-09-10T06:15:49Z</time><extensions><accuracy>6.2</accuracy></extensions></trkpt>
<trkpt lat="37.8927505" lon="127.2179925"><time>2026-09-10T06:15:50Z</time><extensions><accuracy>8.3</accuracy></extensions></trkpt>
<trkpt lat="37.8927172" lon="127.2179816"><time>2026-09-10T06:15:51Z</time><extensions><accuracy>9.0</accuracy></extensions></trkpt>
<trkpt lat="37.8926849" lon="127.2179829"><time>2026-09-10T06:15:52Z</time><extensions><accuracy>7.8</accuracy></extensions></trkpt>
<trkpt lat="37.8926580" lon="127.2179815"><time>2026-09-10T06:15:53Z</time><extensions><accuracy>6.7</accuracy></extensions></trkpt>
<trkpt lat="37.8926367" lon="127.2179706"><time>2026-09-10T06:15:54Z</time><extensions><accuracy>6.8</accuracy></extensions></trkpt>
<trkpt lat="37.8926243" lon="127.2179694"><time>2026-09-10T06:15:55Z</time><extensions><accuracy>8.9</accuracy></extensions></trkpt>
<trkpt lat="37.8925990" lon="127.2179596"><time>2026-09-10T06:15:56Z</time><extensions><accuracy>7.9</accuracy></extensions></trkpt>
<trkpt lat="37.8925756" lon="127.2179478"><time>2026-09-10T06:15:57Z</time><extensions><accuracy>8.4</accuracy></extensions></trkpt>
<trkpt lat="37.8925432" lon="127.2179497"><time>2026-09-10T06:15:58Z</time><extensions><accuracy>6.4</accuracy></extensions></trkpt>
<trkpt lat="37.8925230" lon="127.2179455"><time>2026-09-10T06:15:59Z</time><extensions><accuracy>9.0</accuracy></extensions></trkpt>
<trkpt lat="37.8924975" lon="127.2179415"><time>2026-09-10T06:16:00Z</time><extensions><accuracy>9.7</accuracy></extensions></trkpt>
<trkpt lat="37.8924752" lon="127.2179273"><time>2026-09-10T06:16:01Z</time><extensions><accuracy>9.5</accuracy></extensions></trkpt>
<trkpt lat="37.8924503" lon="127.2179068"><time>2026-09-10T06:16:02Z</time><extensions><accuracy>8.8</accuracy></extensions></trkpt>
<trkpt lat="37.8924237" lon="127.2178845"><time>2026-09-10T06:16:03Z</time><extensions><accuracy>6.8</accuracy></extensions></trkpt>
<trkpt lat="37.8923933" lon="127.2178778"><time>2026-09-10T06:16:04Z</time><extensions><accuracy>9.2</accuracy></extensions></trkpt>
<trkpt lat="37.8923790" lon="127.2178714"><time>2026-09-10T06:16:05Z</time><extensions><accuracy>9.9</accuracy></extensions></trkpt>
<trkpt lat="37.8923630" lon="127.2178565"><time>2026-09-10T06:16:06Z</time><extensions><accuracy>8.0</accuracy></extensions></trkpt>
<trkpt lat="37.8923428" lon="127.2178580"><time>2026-09-10T06:16:07Z</time><extensions><accuracy>8.0</accuracy></extensions></trkpt>
<trkpt lat="37.8923136" lon="127.2178597"><time>2026-09-10T06:16:08Z</time><extensions><accuracy>6.5</accuracy></extensions></trkpt>
<trkpt lat="37.8922819" lon="127.2178425"><time>2026-09-10T06:16:09Z</time><extensions><accuracy>8.0</accuracy></extensions></trkpt>
<trkpt lat="37.8922518" lon="127.2178525"><time>2026-09-10T06:16:10Z</time><extensions><accuracy>9.8</accuracy></extensions></trkpt>
<trkpt lat="37.8922218" lon="127.2178548"><time>2026-09-10T06:16:11Z</time><extensions><accuracy>7.3</accuracy></extensions></trkpt>
<trkpt lat="37.8921875" lon="127.2178462"><time>2026-09-10T06:16:12Z</time><extensions><accuracy>9.9</accuracy></extensions></trkpt>
<trkpt lat="37.8921607" lon="127.2178472"><time>2026-09-10T06:16:13Z</time><extensions><accuracy>9.3</accuracy></extensions></trkpt>
<trkpt lat="37.8921400" lon="127.2178390"><time>2026-09-10T06:16:14Z</time><extensions><accuracy>9.8</accuracy></extensions></trkpt>
<trkpt lat="37.8921109" lon="127.2178272"><time>2026-09-10T06:16:15Z</time><extensions><accuracy>9.5</accuracy></extensions></trkpt>
<trkpt lat="37.8920845" lon="127.2178198"><time>2026-09-10T06:16:16Z</time><extensions><accuracy>9.2</accuracy></extensions></trkpt>
<trkpt lat="37.8920617" lon="127.2178008"><time>2026-09-10T06:16:17Z</time><extensions><accuracy>7.4</accuracy></extensions></trkpt>
<trkpt lat="37.8920572" lon="127.2177940"><time>2026-09-10T06:16:18Z</time><extensions><accuracy>8.0</accuracy></extensions></trkpt>
<trkpt lat="37.8920312" lon="127.2177978"><time>2026-09-10T06:16:19Z</time><extensions><accuracy>6.3</accuracy></extensions></trkpt>
<trkpt lat="37.8920049" lon="127.2177820"><time>2026-09-10T06:16:20Z</time><extensions><accuracy>9.8</accuracy></extensions></trkpt>
<trkpt lat="37.8919772" lon="127.2177647"><time>2026-09-10T06:16:21Z</time><extensions><accuracy>9.0</accuracy></extensions></trkpt>
<trkpt lat="37.8919468" lon="127.2177530"><time>2026-09-10T06:16:22Z</time><extensions><accuracy>9.1</accuracy></extensions></trkpt>
<trkpt lat="37.8919237" lon="127.2177409"><time>2026-09-10T06:16:23Z</time><extensions><accuracy>7.0</accuracy></extensions></trkpt>
<trkpt lat="37.8918990" lon="127.2177306"><time>2026-09-10T06:16:24Z</time><extensions><accuracy>6.4</accuracy></extensions></trkpt>
<trkpt lat="37.8918778" lon="127.2177293"><time>2026-09-10T06:16:25Z</time><extensions><accuracy>9.5</accuracy></extensions></trkpt>
<trkpt lat="37.8918465" lon="127.2177211"><time>2026-09-10T06:16:26Z</time><extensions><accuracy>7.0</accuracy></extensions></trkpt>
<trkpt lat="37.8918089" lon="127.2177065"><time>2026-09-10T06:16:27Z</time><extensions><accuracy>6.8</accuracy></extensions></trkpt>
<trkpt lat="37.8917871" lon="127.2177018"><time>2026-09-10T06:16:28Z</time><extensions><accuracy>6.6</accuracy></extensions></trkpt>
<trkpt lat="37.8917788" lon="127.2176935"><time>2026-09-10T06:16:29Z</time><extensions><accuracy>6.4</accuracy></extensions></trkpt>
<trkpt lat="37.8917658" lon="127.2176870"><time>2026-09-10T06:16:30Z</time><extensions><accuracy>9.9</accuracy></extensions></trkpt>
<trkpt lat="37.8917451" lon="127.2176911"><time>2026-09-10T06:16:31Z</time><extensions><accuracy>8.3</accuracy></extensions></trkpt>
<trkpt lat="37.8917159" lon="127.2176720"><time>2026-09-10T06:16:32Z</time><extensions><accuracy>6.5</accuracy></extensions></trkpt>
<trkpt lat="37.8916925" lon="127.2176654"><time>2026-09-10T06:16:33Z</time><extensions><accuracy>8.8</accuracy></extensions></trkpt>
<trkpt lat="37.8916669" lon="127.2176639"><time>2026-09-10T06:16:34Z</time><extensions><accuracy>8.5</accuracy></extensions></trkpt>
<trkpt lat="37.8916523" lon="127.2176549"><time>2026-09-10T06:16:35Z</time><extensions><accuracy>9.0</accuracy></extensions></trkpt>
<trkpt lat="37.8916224" lon="127.2176486"><time>2026-09-10T06:16:36Z</time><extensions><accuracy>9.9</accuracy></extensions></trkpt>
<trkpt lat="37.8916018" lon="127.2176333"><time>2026-09-10T06:16:37Z</time><extensions><accuracy>7.3</accuracy></extensions></trkpt>
<trkpt lat="37.8915720" lon="127.2176214"><time>2026-09-10T06:16:38Z</time><extensions><accuracy>6.4</accuracy></extensions></trkpt>
<trkpt lat="37.8915524" lon="127.2176253"><time>2026-09-10T06:16:39Z</time><extensions><accuracy>8.3</accuracy></extensions></trkpt>
<trkpt lat="37.8915218" lon="127.2176203"><time>2026-09-10T06:16:40Z</time><extensions><accuracy>8.1</accuracy></extensions></trkpt>
<trkpt lat="37.8915081" lon="127.2176009"><time>2026-09-10T06:16:41Z</time><extensions><accuracy>6.2</accuracy></extensions></trkpt>
<trkpt lat="37.8914831" lon="127.2175887"><time>2026-09-10T06:16:42Z</time><extensions><accuracy>7.0</accuracy></extensions></trkpt>
<trkpt lat="37.8914671" lon="127.2175744"><time>2026-09-10T06:16:43Z</time><extensions><accuracy>9.2</accuracy></extensions></trkpt>
<trkpt lat="37.8914322" lon="127.2175642"><time>2026-09-10T06:16:44Z</time><extensions><accuracy>9.9</accuracy></extensions></trkpt>
<trkpt lat="37.8914146" lon="127.2175478"><time>2026-09-10T06:16:45Z</time><extensions><accuracy>9.4</accuracy></extensions></trkpt>
<trkpt lat="37.8914047" lon="127.2175389"><time>2026-09-10T06:16:46Z</time><extensions><accuracy>8.0</accuracy></extensions></trkpt>
<trkpt lat="37.8913740" lon="127.2175212"><time>2026-09-10T06:16:47Z</time><extensions><accuracy>6.4</accuracy></extensions></trkpt>
<trkpt lat="37.8913475" lon="127.2175134"><time>2026-09-10T06:16:48Z</time><extensions><accuracy>6.7</accuracy></extensions></trkpt>
<trkpt lat="37.8913197" lon="127.2175044"><time>2026-09-10T06:16:49Z</time><extensions><accuracy>6.0</accuracy></extensions></trkpt>
<trkpt lat="37.8912922" lon="127.2174747"><time>2026-09-10T06:16:50Z</time><extensions><accuracy>8.9</accuracy></extensions></trkpt>
<trkpt lat="37.8912690" lon="127.2174720"><time>2026-09-10T06:16:51Z</time><extensions><accuracy>9.5</accuracy></extensions></trkpt>
<trkpt lat="37.8912469" lon="127.2174551"><time>2026-09-10T06:16:52Z</time><extensions><accuracy>8.8</accuracy></extensions></trkpt>
<trkpt lat="37.8912203" lon="127.2174382"><time>2026-09-10T06:16:53Z</time><extensions><accuracy>7.3</accuracy></extensions></trkpt>
<trkpt lat="37.8911900" lon="127.2174311"><time>2026-09-10T06:16:54Z</time><extensions><accuracy>9.7</accuracy></extensions></trkpt>
<trkpt lat="37.8911798" lon="127.2174065"><time>2026-09-10T06:16:55Z</time><extensions><accuracy>6.3</accuracy></extensions></trkpt>
<trkpt lat="37.8911511" lon="127.2174052"><time>2026-09-10T06:16:56Z</time><extensions><accuracy>9.9</accuracy></extensions></trkpt>
<trkpt lat="37.8911303" lon="127.2173936"><time>2026-09-10T06:16:57Z</time><extensions><accuracy>9.9</accuracy></extensions></trkpt>
<trkpt lat="37.8911090" lon="127.2173800"><time>2026-09-10T06:16:58Z</time><extensions><accuracy>8.7</accuracy></extensions></trkpt>
<trkpt lat="37.8910829" lon="127.2173597"><time>2026-09-10T06:16:59Z</time><extensions><accuracy>9.4</accuracy></extensions></trkpt>
<trkpt lat="37.8910538" lon="127.2173461"><time>2026-09-10T06:17:00Z</time><extensions><accuracy>6.6</accuracy></extensions></trkpt>
<trkpt lat="37.8910392" lon="127.2173259"><time>2026-09-10T06:17:01Z</time><extensions><accuracy>6.8</accuracy></extensions></trkpt>
<trkpt lat="37.8910112" lon="127.2173062"><time>2026-09-10T06:17:02Z</time><extensions><accuracy>6.7</accuracy></extensions></trkpt>
<trkpt lat="37.8910007" lon="127.2172917"><time>2026-09-10T06:17:03Z</time><extensions><accuracy>9.8</accuracy></extensions></trkpt>
<trkpt lat="37.8909750" lon="127.2172808"><time>2026-09-10T06:17:04Z</time><extensions><accuracy>6.2</accuracy></extensions></trkpt>
<trkpt lat="37.8909616" lon="127.2172743"><time>2026-09-10T06:17:05Z</time><extensions><accuracy>9.0</accuracy></extensions></trkpt>
<trkpt lat="37.8909301" lon="127.2172474"><time>2026-09-10T06:17:06Z</time><extensions><accuracy>8.5</accuracy></extensions></trkpt>
<trkpt lat="37.8909067" lon="127.2172245"><time>2026-09-10T06:17:07Z</time><extensions><accuracy>9.5</accuracy></extensions></trkpt>
<trkpt lat="37.8908829" lon="127.2172117"><time>2026-09-10T06:17:08Z</time><extensions><accuracy>8.2</accuracy></extensions></trkpt>
<trkpt lat="37.8908583" lon="127.2171922"><time>2026-09-10T06:17:09Z</time><extensions><accuracy>6.8</accuracy></extensions></trkpt>
<trkpt lat="37.8908393" lon="127.2171738"><time>2026-09-10T06:17:10Z</time><extensions><accuracy>7.8</accuracy></extensions></trkpt>
<trkpt lat="37.8908205" lon="127.2171487"><time>2026-09-10T06:17:11Z</time><extensions><accuracy>8.9</accuracy></extensions></trkpt>
<trkpt lat="37.8907931" lon="127.2171318"><time>2026-09-10T06:17:12Z</time><extensions><accuracy>6.9</accuracy></extensions></trkpt>
<trkpt lat="37.8907740" lon="127.2171222"><time>2026-09-10T06:17:13Z</time><extensions><accuracy>8.3</accuracy></extensions></trkpt>
<trkpt lat="37.8907538" lon="127.2170978"><time>2026-09-10T06:17:14Z</time><extensions><accuracy>7.0</accuracy></extensions></trkpt>
<trkpt lat="37.8907266" lon="127.2170812"><time>2026-09-10T06:17:15Z</time><extensions><accuracy>7.5</accuracy></extensions></trkpt>
<trkpt lat="37.8907040" lon="127.2170758"><time>2026-09-10T06:17:16Z</time><extensions><accuracy>8.1</accuracy></extensions></trkpt>
<trkpt lat="37.8906841" lon="127.2170610"><time>2026-09-10T06:17:17Z</time><extensions><accuracy>9.8</accuracy></extensions></trkpt>
<trkpt lat="37.8906660" lon="127.2170428"><time>2026-09-10T06:17:18Z</time><extensions><accuracy>6.5</accuracy></extensions></trkpt>
<trkpt lat="37.8906376" lon="127.2170245"><time>2026-09-10T06:17:19Z</time><extensions><accuracy>8.6</accuracy></extensions></trkpt>
<trkpt lat="37.8906221" lon="127.2170238"><time>2026-09-10T06:17:20Z</time><extensions><accuracy>9.6</accuracy></extensions></trkpt>
<trkpt lat="37.8906041" lon="127.2170134"><time>2026-09-10T06:17:21Z</time><extensions><accuracy>7.0</accuracy></extensions></trkpt>
<trkpt lat="37.8905841" lon="127.2169910"><time>2026-09-10T06:17:22Z</time><extensions><accuracy>8.1</accuracy></extensions></trkpt>
<trkpt lat="37.8905638" lon="127.2169843"><time>2026-09-10T06:17:23Z</time><extensions><accuracy>9.9</accuracy></extensions></trkpt>
<trkpt lat="37.8905340" lon="127.2169646"><time>2026-09-10T06:17:24Z</time><extensions><accuracy>8.3</accuracy></extensions></trkpt>
<trkpt lat="37.8905199" lon="127.2169584"><time>2026-09-10T06:17:25Z</time><extensions><accuracy>8.0</accuracy></extensions></trkpt>
<trkpt lat="37.8905068" lon="127.2169498"><time>2026-09-10T06:17:26Z</time><extensions><accuracy>9.2</accuracy></extensions></trkpt>
<trkpt lat="37.8904810" lon="127.2169261"><time>2026-09-10T06:17:27Z</time><extensions><accuracy>6.0</accuracy></extensions></trkpt>
<trkpt lat="37.8904621" lon="127.2169148"><time>2026-09-10T06:17:28Z</time><extensions><accuracy>7.2</accuracy></extensions></trkpt>
<trkpt lat="37.8904295" lon="127.2168974"><time>2026-09-10T06:17:29Z</time><extensions><accuracy>8.5</accuracy></extensions></trkpt>
<trkpt lat="37.8904040" lon="127.2168787"><time>2026-09-10T06:17:30Z</time><extensions><accuracy>6.7</accuracy></extensions></trkpt>
<trkpt lat="37.8903833" lon="127.2168673"><time>2026-09-10T06:17:31Z</time><extensions><accuracy>6.2</accuracy></extensions></trkpt>
<trkpt lat="37.8903764" lon="127.2168569"><time>2026-09-10T06:17:32Z</time><extensions><accuracy>6.6</accuracy></extensions></trkpt>
<trkpt lat="37.8903542" lon="127.2168342"><time>2026-09-10T06:17:33Z</time><extensions><accuracy>7.4</accuracy></extensions></trkpt>
<trkpt lat="37.8903317" lon="127.2168363"><time>2026-09-10T06:17:34Z</time><extensions><accuracy>8.0</accuracy></extensions></trkpt>
<trkpt lat="37.8903189" lon="127.2168171"><time>2026-09-10T06:17:35Z</time><extensions><accuracy>6.8</accuracy></extensions></trkpt>
<trkpt lat="37.8903098" lon="127.2168131"><time>2026-09-10T06:17:36Z</time><extensions><accuracy>9.5</accuracy></extensions></trkpt>
<trkpt lat="37.8902802" lon="127.2167920"><time>2026-09-10T06:17:37Z</time><extensions><accuracy>8.6</accuracy></extensions></trkpt>
<trkpt lat="37.8902725" lon="127.2167696"><time>2026-09-10T06:17:38Z</time><extensions><accuracy>7.8</accuracy></extensions></trkpt>
<trkpt lat="37.8902535" lon="127.2167600"><time>2026-09-10T06:17:39Z</time><extensions><accuracy>9.8</accuracy></extensions></trkpt>
<trkpt lat="37.8902348" lon="127.2167568"><time>2026-09-10T06:17:40Z</time><extensions><accuracy>8.8</accuracy></extensions></trkpt>
<trkpt lat="37.8902147" lon="127.2167433"><time>2026-09-10T06:17:41Z</time><extensions><accuracy>9.0</accuracy></extensions></trkpt>
<trkpt lat="37.8902059" lon="127.2167083"><time>2026-09-10T06:17:42Z</time><extensions><accuracy>8.7</accuracy></extensions></trkpt>
<trkpt lat="37.8901856" lon="127.2166831"><time>2026-09-10T06:17:43Z</time><extensions><accuracy>7.1</accuracy></extensions></trkpt>
<trkpt lat="37.8901617" lon="127.2166697"><time>2026-09-10T06:17:44Z</time><extensions><accuracy>7.4</accuracy></extensions></trkpt>
<trkpt lat="37.8901352" lon="127.2166542"><time>2026-09-10T06:17:45Z</time><extensions><accuracy>6.1</accuracy></extensions></trkpt>
<trkpt lat="37.8901103" lon="127.2166404"><time>2026-09-10T06:17:46Z</time><extensions><accuracy>6.8</accuracy></extensions></trkpt>
<trkpt lat="37.8900864" lon="127.2166423"><time>2026-09-10T06:17:47Z</time><extensions><accuracy>6.8</accuracy></extensions></trkpt>
<trkpt lat="37.8900581" lon="127.2166177"><time>2026-09-10T06:17:48Z</time><extensions><accuracy>7.7</accuracy></extensions></trkpt>
<trkpt lat="37.8900413" lon="127.2165850"><time>2026-09-10T06:17:49Z</time><extensions><accuracy>9.8</accuracy></extensions></trkpt>
<trkpt lat="37.8900176" lon="127.2165528"><time>2026-09-10T06:17:50Z</time><extensions><accuracy>9.5</accuracy></extensions></trkpt>
<trkpt lat="37.8899910" lon="127.2165318"><time>2026-09-10T06:17:51Z</time><extensions><accuracy>7.3</accuracy></extensions></trkpt>
<trkpt lat="37.8899662" lon="127.2165435"><time>2026-09-10T06:17:52Z</time><extensions><accuracy>9.7</accuracy></extensions></trkpt>
<trkpt lat="37.8899392" lon="127.2165349"><time>2026-09-10T06:17:53Z</time><extensions><accuracy>6.9</accuracy></extensions></trkpt>
<trkpt lat="37.8899182" lon="127.2165194"><time>2026-09-10T06:17:54Z</time><extensions><accuracy>8.3</accuracy></extensions></trkpt>
<trkpt lat="37.8898983" lon="127.2165083"><time>2026-09-10T06:17:55Z</time><extensions><accuracy>9.5</accuracy></extensions></trkpt>
<trkpt lat="37.8898704" lon="127.2164893"><time>2026-09-10T06:17:56Z</time><extensions><accuracy>9.3</accuracy></extensions></trkpt>
<trkpt lat="37.8898563" lon="127.2164657"><time>2026-09-10T06:17:57Z</time><extensions><accuracy>6.7</accuracy></extensions></trkpt>
<trkpt lat="37.8898279" lon="127.2164530"><time>2026-09-10T06:17:58Z</time><extensions><accuracy>8.7</accuracy></extensions></trkpt>
<trkpt lat="37.8898093" lon="127.2164390"><time>2026-09-10T06:17:59Z</time><extensions><accuracy>7.5</accuracy></extensions></trkpt>
<trkpt lat="37.8897927" lon="127.2164122"><time>2026-09-10T06:18:00Z</time><extensions><accuracy>9.0</accuracy></extensions></trkpt>
<trkpt lat="37.8897791" lon="127.2163881"><time>2026-09-10T06:18:01Z</time><extensions><accuracy>8.6</accuracy></extensions></trkpt>
<trkpt lat="37.8897575" lon="127.2163827"><time>2026-09-10T06:18:02Z</time><extensions><accuracy>9.9</accuracy></extensions></trkpt>
<trkpt lat="37.8897295" lon="127.2163580"><time>2026-09-10T06:18:03Z</time><extensions><accuracy>9.0</accuracy></extensions></trkpt>
<trkpt lat="37.8897101" lon="127.2163378"><time>2026-09-10T06:18:04Z</time><extensions><accuracy>6.7</accuracy></extensions></trkpt>
<trkpt lat="37.8896832" lon="127.2163232"><time>2026-09-10T06:18:05Z</time><extensions><accuracy>9.6</accuracy></extensions></trkpt>
<trkpt lat="37.8896694" lon="127.2162944"><time>2026-09-10T06:18:06Z</time><extensions><accuracy>7.8</accuracy></extensions></trkpt>
<trkpt lat="37.8896463" lon="127.2162703"><time>2026-09-10T06:18:07Z</time><extensions><accuracy>7.5</accuracy></extensions></trkpt>
<trkpt lat="37.8896325" lon="127.2162634"><time>2026-09-10T06:18:08Z</time><extensions><accuracy>9.8</accuracy></extensions></trkpt>
<trkpt lat="37.8896215" lon="127.2162588"><time>2026-09-10T06:18:09Z</time><extensions><accuracy>8.1</accuracy></extensions></trkpt>
<trkpt lat="37.8895986" lon="127.2162321"><time>2026-09-10T06:18:10Z</time><extensions><accuracy>6.8</accuracy></extensions></trkpt>
<trkpt lat="37.8895808" lon="127.2161962"><time>2026-09-10T06:18:11Z</time><extensions><accuracy>6.5</accuracy></extensions></trkpt>
<trkpt lat="37.8895562" lon="127.2161664"><time>2026-09-10T06:18:12Z</time><extensions><accuracy>9.6</accuracy></extensions></trkpt>
<trkpt lat="37.8895407" lon="127.2161461"><time>2026-09-10T06:18:13Z</time><extensions><accuracy>6.6</accuracy></extensions></trkpt>
<trkpt lat="37.8895248" lon="127.2161267"><time>2026-09-10T06:18:14Z</time><extensions><accuracy>8.6</accuracy></extensions></trkpt>
<trkpt lat="37.8894983" lon="127.2161074"><time>2026-09-10T06:18:15Z</time><extensions><accuracy>8.1</accuracy></extensions></trkpt>
<trkpt lat="37.8894859" lon="127.2160880"><time>2026-09-10T06:18:16Z</time><extensions><accuracy>7.5</accuracy></extensions></trkpt>
<trkpt lat="37.8894693" lon="127.2160718"><time>2026-09-10T06:18:17Z</time><extensions><accuracy>7.4</accuracy></extensions></trkpt>
<trkpt lat="37.8894483" lon="127.2160434"><time>2026-09-10T06:18:18Z</time><extensions><accuracy>8.7</accuracy></extensions></trkpt>
<trkpt lat="37.8894223" lon="127.2160159"><time>2026-09-10T06:18:19Z</time><extensions><accuracy>6.5</accuracy></extensions></trkpt>
<trkpt lat="37.8894074" lon="127.2159942"><time>2026-09-10T06:18:20Z</time><extensions><accuracy>7.9</accuracy></extensions></trkpt>
<trkpt lat="37.8893899" lon="127.2159745"><time>2026-09-10T06:18:21Z</time><extensions><accuracy>8.1</accuracy></extensions></trkpt>
<trkpt lat="37.8893709" lon="127.2159580"><time>2026-09-10T06:18:22Z</time><extensions><accuracy>6.8</accuracy></extensions></trkpt>
<trkpt lat="37.8893571" lon="127.2159326"><time>2026-09-10T06:18:23Z</time><extensions><accuracy>6.4</accuracy></extensions></trkpt>
<trkpt lat="37.8893323" lon="127.2159097"><time>2026-09-10T06:18:24Z</time><extensions><accuracy>8.0</accuracy></extensions></trkpt>
<trkpt lat="37.8893115" lon="127.2158816"><time>2026-09-10T06:18:25Z</time><extensions><accuracy>9.5</accuracy></extensions></trkpt>
<trkpt lat="37.8892930" lon="127.2158612"><time>2026-09-10T06:18:26Z</time><extensions><accuracy>6.1</accuracy></extensions></trkpt>
<trkpt lat="37.8892790" lon="127.2158423"><time>2026-09-10T06:18:27Z</time><extensions><accuracy>8.9</accuracy></extensions></trkpt>
<trkpt lat="37.8892556" lon="127.2158260"><time>2026-09-10T06:18:28Z</time><extensions><accuracy>8.1</accuracy></extensions></trkpt>
<trkpt lat="37.8892448" lon="127.2158016"><time>2026-09-10T06:18:29Z</time><extensions><accuracy>9.8</accuracy></extensions></trkpt>
<trkpt lat="37.8892329" lon="127.2157774"><time>2026-09-10T06:18:30Z</time><extensions><accuracy>8.1</accuracy></extensions></trkpt>
<trkpt lat="37.8892144" lon="127.2157597"><time>2026-09-10T06:18:31Z</time><extensions><accuracy>6.9</accuracy></extensions></trkpt>
<trkpt lat="37.8891881" lon="127.2157448"><time>2026-09-10T06:18:32Z</time><extensions><accuracy>6.4</accuracy></extensions></trkpt>
<trkpt lat="37.8891726" lon="127.2157265"><time>2026-09-10T06:18:33Z</time><extensions><accuracy>6.8</accuracy></extensions></trkpt>
<trkpt lat="37.8891611" lon="127.2156944"><time>2026-09-10T06:18:34Z</time><extensions><accuracy>7.8</accuracy></extensions></trkpt>
<trkpt lat="37.8891401" lon="127.2156864"><time>2026-09-10T06:18:35Z</time><extensions><accuracy>9.3</accuracy></extensions></trkpt>
<trkpt lat="37.8891140" lon="127.2156598"><time>2026-09-10T06:18:36Z</time><extensions><accuracy>7.1</accuracy></extensions></trkpt>
<trkpt lat="37.8890901" lon="127.2156365"><time>2026-09-10T06:18:37Z</time><extensions><accuracy>6.9</accuracy></extensions></trkpt>
<trkpt lat="37.8890717" lon="127.2156270"><time>2026-09-10T06:18:38Z</time><extensions><accuracy>9.2</accuracy></extensions></trkpt>
<trkpt lat="37.8890584" lon="127.2156048"><time>2026-09-10T06:18:39Z</time><extensions><accuracy>6.8</accuracy></extensions></trkpt>
<trkpt lat="37.8890362" lon="127.2155781"><time>2026-09-10T06:18:40Z</time><extensions><accuracy>9.5</accuracy></extensions></trkpt>
<trkpt lat="37.8890130" lon="127.2155647"><time>2026-09-10T06:18:41Z</time><extensions><accuracy>8.0</accuracy></extensions></trkpt>
<trkpt lat="37.8890045" lon="127.2155647"><time>2026-09-10T06:18:42Z</time><extensions><accuracy>7.2</accuracy></extensions></trkpt>
<trkpt lat="37.8889885" lon="127.2155452"><time>2026-09-10T06:18:43Z</time><extensions><accuracy>6.2</accuracy></extensions></trkpt>
<trkpt lat="37.8889630" lon="127.2155181"><time>2026-09-10T06:18:44Z</time><extensions><accuracy>7.3</accuracy></extensions></trkpt>
<trkpt lat="37.8889485" lon="127.2154840"><time>2026-09-10T06:18:45Z</time><extensions><accuracy>6.6</accuracy></extensions></trkpt>
<trkpt lat="37.8889309" lon="127.2154633"><time>2026-09-10T06:18:46Z</time><extensions><accuracy>6.7</accuracy></extensions></trkpt>
<trkpt lat="37.8889062" lon="127.2154307"><time>2026-09-10T06:18:47Z</time><extensions><accuracy>8.0</accuracy></extensions></trkpt>
<trkpt lat="37.8888958" lon="127.2153958"><time>2026-09-10T06:18:48Z</time><extensions><accuracy>7.0</accuracy></extensions></trkpt>
<trkpt lat="37.8888796" lon="127.2153758"><time>2026-09-10T06:18:49Z</time><extensions><accuracy>7.9</accuracy></extensions></trkpt>
<trkpt lat="37.8888681" lon="127.2153567"><time>2026-09-10T06:18:50Z</time><extensions><accuracy>8.9</accuracy></extensions></trkpt>
<trkpt lat="37.8888523" lon="127.2153337"><time>2026-09-10T06:18:51Z</time><extensions><accuracy>8.9</accuracy></extensions></trkpt>
<trkpt lat="37.8888233" lon="127.2153155"><time>2026-09-10T06:18:52Z</time><extensions><accuracy>7.0</accuracy></extensions></trkpt>
<trkpt lat="37.8888043" lon="127.2152924"><time>2026-09-10T06:18:53Z</time><extensions><accuracy>9.2</accuracy></extensions></trkpt>
<trkpt lat="37.8887877" lon="127.2152740"><time>2026-09-10T06:18:54Z</time><extensions><accuracy>8.2</accuracy></extensions></trkpt>
<trkpt lat="37.8887683" lon="127.2152567"><time>2026-09-10T06:18:55Z</time><extensions><accuracy>9.7</accuracy></extensions></trkpt>
<trkpt lat="37.8887522" lon="127.2152311"><time>2026-09-10T06:18:56Z</time><extensions><accuracy>8.7</accuracy></extensions></trkpt>
<trkpt lat="37.8887328" lon="127.2152034"><time>2026-09-10T06:18:57Z</time><extensions><accuracy>8.4</accuracy></extensions></trkpt>
<trkpt lat="37.8887126" lon="127.2151846"><time>2026-09-10T06:18:58Z</time><extensions><accuracy>6.4</accuracy></extensions></trkpt>
<trkpt lat="37.8887032" lon="127.2151579"><time>2026-09-10T06:18:59Z</time><extensions><accuracy>8.8</accuracy></extensions></trkpt>
<trkpt lat="37.8886986" lon="127.2151329"><time>2026-09-10T06:19:00Z</time><extensions><accuracy>7.7</accuracy></extensions></trkpt>
<trkpt lat="37.8886736" lon="127.2151099"><time>2026-09-10T06:19:01Z</time><extensions><accuracy>7.8</accuracy></extensions></trkpt>
<trkpt lat="37.8886503" lon="127.2150764"><time>2026-09-10T06:19:02Z</time><extensions><accuracy>6.4</accuracy></extensions></trkpt>
<trkpt lat="37.8886223" lon="127.2150442"><time>2026-09-10T06:19:03Z</time><extensions><accuracy>7.9</accuracy></extensions></trkpt>
<trkpt lat="37.8886012" lon="127.2150066"><time>2026-09-10T06:19:04Z</time><extensions><accuracy>8.5</accuracy></extensions></trkpt>
<trkpt lat="37.8885711" lon="127.2149879"><time>2026-09-10T06:19:05Z</time><extensions><accuracy>8.9</accuracy></extensions></trkpt>
<trkpt lat="37.8885771" lon="127.2149794"><time>2026-09-10T06:19:06Z</time><extensions><accuracy>9.8</accuracy></extensions></trkpt>
<trkpt lat="37.8885662" lon="127.2149478"><time>2026-09-10T06:19:07Z</time><extensions><accuracy>6.7</accuracy></extensions></trkpt>
<trkpt lat="37.8885466" lon="127.2149284"><time>2026-09-10T06:19:08Z</time><extensions><accuracy>9.1</accuracy></extensions></trkpt>
<trkpt lat="37.8885318" lon="127.2149063"><time>2026-09-10T06:19:09Z</time><extensions><accuracy>6.7</accuracy></extensions></trkpt>
<trkpt lat="37.8885181" lon="127.2148736"><time>2026-09-10T06:19:10Z</time><extensions><accuracy>6.7</accuracy></extensions></trkpt>
<trkpt lat="37.8885073" lon="127.2148486"><time>2026-09-10T06:19:11Z</time><extensions><accuracy>9.4</accuracy></extensions></trkpt>
<trkpt lat="37.8884926" lon="127.2148221"><time>2026-09-10T06:19:12Z</time><extensions><accuracy>6.7</accuracy></extensions></trkpt>
<trkpt lat="37.8884772" lon="127.2147947"><time>2026-09-10T06:19:13Z</time><extensions><accuracy>8.1</accuracy></extensions></trkpt>
<trkpt lat="37.8884588" lon="127.2147678"><time>2026-09-10T06:19:14Z</time><extensions><accuracy>7.1</accuracy></extensions></trkpt>
<trkpt lat="37.8884420" lon="127.2147345"><time>2026-09-10T06:19:15Z</time><extensions><accuracy>9.5</accuracy></extensions></trkpt>
<trkpt lat="37.8884324" lon="127.2147213"><time>2026-09-10T06:19:16Z</time><extensions><accuracy>9.1</accuracy></extensions></trkpt>
<trkpt lat="37.8884079" lon="127.2147055"><time>2026-09-10T06:19:17Z</time><extensions><accuracy>8.2</accuracy></extensions></trkpt>
<trkpt lat="37.8884000" lon="127.2146834"><time>2026-09-10T06:19:18Z</time><extensions><accuracy>7.8</accuracy></extensions></trkpt>
<trkpt lat="37.8883797" lon="127.2146562"><time>2026-09-10T06:19:19Z</time><extensions><accuracy>6.1</accuracy></extensions></trkpt>
<trkpt lat="37.8883558" lon="127.2146364"><time>2026-09-10T06:19:20Z</time><extensions><accuracy>7.6</accuracy></extensions></trkpt>
<trkpt lat="37.8883376" lon="127.2146150"><time>2026-09-10T06:19:21Z</time><extensions><accuracy>8.6</accuracy></extensions></trkpt>
<trkpt lat="37.8883288" lon="127.2145930"><time>2026-09-10T06:19:22Z</time><extensions><accuracy>9.1</accuracy></extensions></trkpt>
<trkpt lat="37.8883121" lon="127.2145658"><time>2026-09-10T06:19:23Z</time><extensions><accuracy>8.9</accuracy></extensions></trkpt>
<trkpt lat="37.8882902" lon="127.2145301"><time>2026-09-10T06:19:24Z</time><extensions><accuracy>6.3</accuracy></extensions></trkpt>
<trkpt lat="37.8882836" lon="127.2145035"><time>2026-09-10T06:19:25Z</time><extensions><accuracy>8.5</accuracy></extensions></trkpt>
<trkpt lat="37.8882720" lon="127.2144767"><time>2026-09-10T06:19:26Z</time><extensions><accuracy>7.7</accuracy></extensions></trkpt>
<trkpt lat="37.8882552" lon="127.2144522"><time>2026-09-10T06:19:27Z</time><extensions><accuracy>6.4</accuracy></extensions></trkpt>
<trkpt lat="37.8882361" lon="127.2144257"><time>2026-09-10T06:19:28Z</time><extensions><accuracy>8.3</accuracy></extensions></trkpt>
<trkpt lat="37.8882123" lon="127.2144021"><time>2026-09-10T06:19:29Z</time><extensions><accuracy>8.4</accuracy></extensions></trkpt>
<trkpt lat="37.8882001" lon="127.2143661"><time>2026-09-10T06:19:30Z</time><extensions><accuracy>9.2</accuracy></extensions></trkpt>
<trkpt lat="37.8881778" lon="127.2143360"><time>2026-09-10T06:19:31Z</time><extensions><accuracy>6.4</accuracy></extensions></trkpt>
<trkpt lat="37.8881588" lon="127.2143171"><time>2026-09-10T06:19:32Z</time><extensions><accuracy>6.8</accuracy></extensions></trkpt>
<trkpt lat="37.8881487" lon="127.2142944"><time>2026-09-10T06:19:33Z</time><extensions><accuracy>7.1</accuracy></extensions></trkpt>
<trkpt lat="37.8881369" lon="127.2142480"><time>2026-09-10T06:19:34Z</time><extensions><accuracy>7.7</accuracy></extensions></trkpt>
<trkpt lat="37.8881352" lon="127.2142105"><time>2026-09-10T06:19:35Z</time><extensions><accuracy>9.4</accuracy></extensions></trkpt>
<trkpt lat="37.8881194" lon="127.2141850"><time>2026-09-10T06:19:36Z</time><extensions><accuracy>8.0</accuracy></extensions></trkpt>
<trkpt lat="37.8881074" lon="127.2141549"><time>2026-09-10T06:19:37Z</time><extensions><accuracy>8.9</accuracy></extensions></trkpt>
<trkpt lat="37.8881036" lon="127.2141402"><time>2026-09-10T06:19:38Z</time><extensions><accuracy>8.4</accuracy></extensions></trkpt>
<trkpt lat="37.8880846" lon="127.2141166"><time>2026-09-10T06:19:39Z</time><extensions><accuracy>7.7</accuracy></extensions></trkpt>
<trkpt lat="37.8880753" lon="127.2140893"><time>2026-09-10T06:19:40Z</time><extensions><accuracy>9.5</accuracy></extensions></trkpt>
<trkpt lat="37.8880583" lon="127.2140750"><time>2026-09-10T06:19:41Z</time><extensions><accuracy>8.1</accuracy></extensions></trkpt>
<trkpt lat="37.8880442" lon="127.2140481"><time>2026-09-10T06:19:42Z</time><extensions><accuracy>8.5</accuracy></extensions></trkpt>
<trkpt lat="37.8880308" lon="127.2140220"><time>2026-09-10T06:19:43Z</time><extensions><accuracy>8.0</accuracy></extensions></trkpt>
<trkpt lat="37.8880142" lon="127.2139986"><time>2026-09-10T06:19:44Z</time><extensions><accuracy>8.5</accuracy></extensions></trkpt>
<trkpt lat="37.8880036" lon="127.2139713"><time>2026-09-10T06:19:45Z</time><extensions><accuracy>7.2</accuracy></extensions></trkpt>
<trkpt lat="37.8879910" lon="127.2139426"><time>2026-09-10T06:19:46Z</time><extensions><accuracy>7.9</accuracy></extensions></trkpt>
<trkpt lat="37.8879703" lon="127.2139105"><time>2026-09-10T06:19:47Z</time><extensions><accuracy>6.1</accuracy></extensions></trkpt>
<trkpt lat="37.8879613" lon="127.2138743"><time>2026-09-10T06:19:48Z</time><extensions><accuracy>6.2</accuracy></extensions></trkpt>
<trkpt lat="37.8879478" lon="127.2138650"><time>2026-09-10T06:19:49Z</time><extensions><accuracy>8.4</accuracy></extensions></trkpt>
<trkpt lat="37.8879408" lon="127.2138385"><time>2026-09-10T06:19:50Z</time><extensions><accuracy>6.9</accuracy></extensions></trkpt>
<trkpt lat="37.8879192" lon="127.2138093"><time>2026-09-10T06:19:51Z</time><extensions><accuracy>9.6</accuracy></extensions></trkpt>
<trkpt lat="37.8879009" lon="127.2137852"><time>2026-09-10T06:19:52Z</time><extensions><accuracy>9.8</accuracy></extensions></trkpt>
<trkpt lat="37.8878904" lon="127.2137585"><time>2026-09-10T06:19:53Z</time><extensions><accuracy>9.9</accuracy></extensions></trkpt>
<trkpt lat="37.8878772" lon="127.2137269"><time>2026-09-10T06:19:54Z</time><extensions><accuracy>9.4</accuracy></extensions></trkpt>
<trkpt lat="37.8878737" lon="127.2137052"><time>2026-09-10T06:19:55Z</time><extensions><accuracy>6.9</accuracy></extensions></trkpt>
<trkpt lat="37.8878651" lon="127.2136675"><time>2026-09-10T06:19:56Z</time><extensions><accuracy>6.3</accuracy></extensions></trkpt>
<trkpt lat="37.8878590" lon="127.2136495"><time>2026-09-10T06:19:57Z</time><extensions><accuracy>9.9</accuracy></extensions></trkpt>
<trkpt lat="37.8878531" lon="127.2136314"><time>2026-09-10T06:19:58Z</time><extensions><accuracy>6.3</accuracy></extensions></trkpt>
<trkpt lat="37.8878373" lon="127.2135832"><time>2026-09-10T06:19:59Z</time><extensions><accuracy>6.6</accuracy></extensions></trkpt>
<trkpt lat="37.8878126" lon="127.2135638"><time>2026-09-10T06:20:00Z</time><extensions><accuracy>7.9</accuracy></extensions></trkpt>
<trkpt lat="37.8878076" lon="127.2135359"><time>2026-09-10T06:20:01Z</time><extensions><accuracy>8.5</accuracy></extensions></trkpt>
<trkpt lat="37.8878052" lon="127.2135132"><time>2026-09-10T06:20:02Z</time><extensions><accuracy>7.8</accuracy></extensions></trkpt>
<trkpt lat="37.8877965" lon="127.2134943"><time>2026-09-10T06:20:03Z</time><extensions><accuracy>9.0</accuracy></extensions></trkpt>
<trkpt lat="37.8877791" lon="127.2134681"><time>2026-09-10T06:20:04Z</time><extensions><accuracy>7.1</accuracy></extensions></trkpt>
<trkpt lat="37.8877564" lon="127.2134425"><time>2026-09-10T06:20:05Z</time><extensions><accuracy>6.3</accuracy></extensions></trkpt>
<trkpt lat="37.8877503" lon="127.2134018"><time>2026-09-10T06:20:06Z</time><extensions><accuracy>8.8</accuracy></extensions></trkpt>
<trkpt lat="37.8877367" lon="127.2133867"><time>2026-09-10T06:20:07Z</time><extensions><accuracy>9.0</accuracy></extensions></trkpt>
<trkpt lat="37.8877240" lon="127.2133594"><time>2026-09-10T06:20:08Z</time><extensions><accuracy>8.9</accuracy></extensions></trkpt>
<trkpt lat="37.8877160" lon="127.2133439"><time>2026-09-10T06:20:09Z</time><extensions><accuracy>9.6</accuracy></extensions></trkpt>
<trkpt lat="37.8876966" lon="127.2133193"><time>2026-09-10T06:20:10Z</time><extensions><accuracy>9.8</accuracy></extensions></trkpt>
<trkpt lat="37.8876933" lon="127.2132967"><time>2026-09-10T06:20:11Z</time><extensions><accuracy>6.3</accuracy></extensions></trkpt>
<trkpt lat="37.8876798" lon="127.2132719"><time>2026-09-10T06:20:12Z</time><extensions><accuracy>8.5</accuracy></extensions></trkpt>
<trkpt lat="37.8876671" lon="127.2132366"><time>2026-09-10T06:20:13Z</time><extensions><accuracy>6.3</accuracy></extensions></trkpt>
<trkpt lat="37.8876563" lon="127.2132018"><time>2026-09-10T06:20:14Z</time><extensions><accuracy>6.2</accuracy></extensions></trkpt>
<trkpt lat="37.8876384" lon="127.2131700"><time>2026-09-10T06:20:15Z</time><extensions><accuracy>6.7</accuracy></extensions></trkpt>
<trkpt lat="37.8876191" lon="127.2131434"><time>2026-09-10T06:20:16Z</time><extensions><accuracy>8.1</accuracy></extensions></trkpt>
<trkpt lat="37.8875930" lon="127.2131142"><time>2026-09-10T06:20:17Z</time><extensions><accuracy>7.1</accuracy></extensions></trkpt>
<trkpt lat="37.8875763" lon="127.2130891"><time>2026-09-10T06:20:18Z</time><extensions><accuracy>6.8</accuracy></extensions></trkpt>
<trkpt lat="37.8875611" lon="127.2130682"><time>2026-09-10T06:20:19Z</time><extensions><accuracy>7.8</accuracy></extensions></trkpt>
<trkpt lat="37.8875541" lon="127.2130448"><time>2026-09-10T06:20:20Z</time><extensions><accuracy>9.7</accuracy></extensions></trkpt>
<trkpt lat="37.8875521" lon="127.2130149"><time>2026-09-10T06:20:21Z</time><extensions><accuracy>9.9</accuracy></extensions></trkpt>
<trkpt lat="37.8875320" lon="127.2129845"><time>2026-09-10T06:20:22Z</time><extensions><accuracy>7.5</accuracy></extensions></trkpt>
<trkpt lat="37.8875288" lon="127.2129587"><time>2026-09-10T06:20:23Z</time><extensions><accuracy>7.0</accuracy></extensions></trkpt>
<trkpt lat="37.8875053" lon="127.2129333"><time>2026-09-10T06:20:24Z</time><extensions><accuracy>9.9</accuracy></extensions></trkpt>
<trkpt lat="37.8874917" lon="127.2128935"><time>2026-09-10T06:20:25Z</time><extensions><accuracy>8.1</accuracy></extensions></trkpt>
<trkpt lat="37.8874769" lon="127.2128549"><time>2026-09-10T06:20:26Z</time><extensions><accuracy>9.1</accuracy></extensions></trkpt>
<trkpt lat="37.8874671" lon="127.2128403"><time>2026-09-10T06:20:27Z</time><extensions><accuracy>8.8</accuracy></extensions></trkpt>
<trkpt lat="37.8874497" lon="127.2128101"><time>2026-09-10T06:20:28Z</time><extensions><accuracy>8.4</accuracy></extensions></trkpt>
<trkpt lat="37.8874414" lon="127.2127957"><time>2026-09-10T06:20:29Z</time><extensions><accuracy>7.4</accuracy></extensions></trkpt>
<trkpt lat="37.8874276" lon="127.2127723"><time>2026-09-10T06:20:30Z</time><extensions><accuracy>6.8</accuracy></extensions></trkpt>
<trkpt lat="37.8874225" lon="127.2127442"><time>2026-09-10T06:20:31Z</time><extensions><accuracy>8.0</accuracy></extensions></trkpt>
<trkpt lat="37.8874177" lon="127.2127192"><time>2026-09-10T06:20:32Z</time><extensions><accuracy>9.1</accuracy></extensions></trkpt>
<trkpt lat="37.8874224" lon="127.2126967"><time>2026-09-10T06:20:33Z</time><extensions><accuracy>6.4</accuracy></extensions></trkpt>
<trkpt lat="37.8874104" lon="127.2126654"><time>2026-09-10T06:20:34Z</time><extensions><accuracy>7.8</accuracy></extensions></trkpt>
<trkpt lat="37.8873879" lon="127.2126320"><time>2026-09-10T06:20:35Z</time><extensions><accuracy>6.6</accuracy></extensions></trkpt>
<trkpt lat="37.8873736" lon="127.2126054"><time>2026-09-10T06:20:36Z</time><extensions><accuracy>9.8</accuracy></extensions></trkpt>
<trkpt lat="37.8873665" lon="127.2125702"><time>2026-09-10T06:20:37Z</time><extensions><accuracy>6.9</accuracy></extensions></trkpt>
<trkpt lat="37.8873612" lon="127.2125495"><time>2026-09-10T06:20:38Z</time><extensions><accuracy>7.2</accuracy></extensions></trkpt>
<trkpt lat="37.8873477" lon="127.2125198"><time>2026-09-10T06:20:39Z</time><extensions><accuracy>9.5</accuracy></extensions></trkpt>
<trkpt lat="37.8873470" lon="127.2124948"><time>2026-09-10T06:20:40Z</time><extensions><accuracy>9.7</accuracy></extensions></trkpt>
<trkpt lat="37.8873418" lon="127.2124595"><time>2026-09-10T06:20:41Z</time><extensions><accuracy>7.3</accuracy></extensions></trkpt>
<trkpt lat="37.8873358" lon="127.2124224"><time>2026-09-10T06:20:42Z</time><extensions><accuracy>9.5</accuracy></extensions></trkpt>
<trkpt lat="37.8873252" lon="127.2123886"><time>2026-09-10T06:20:43Z</time><extensions><accuracy>6.8</accuracy></extensions></trkpt>
<trkpt lat="37.8873134" lon="127.2123669"><time>2026-09-10T06:20:44Z</time><extensions><accuracy>8.3</accuracy></extensions></trkpt>
<trkpt lat="37.8873031" lon="127.2123297"><time>2026-09-10T06:20:45Z</time><extensions><accuracy>6.4</accuracy></extensions></trkpt>
<trkpt lat="37.8872940" lon="127.2122938"><time>2026-09-10T06:20:46Z</time><extensions><accuracy>8.3</accuracy></extensions></trkpt>
<trkpt lat="37.8872837" lon="127.2122519"><time>2026-09-10T06:20:47Z</time><extensions><accuracy>7.3</accuracy></extensions></trkpt>
<trkpt lat="37.8872809" lon="127.2122224"><time>2026-09-10T06:20:48Z</time><extensions><accuracy>9.6</accuracy></extensions></trkpt>
<trkpt lat="37.8872774" lon="127.2121860"><time>2026-09-10T06:20:49Z</time><extensions><accuracy>7.4</accuracy></extensions></trkpt>
<trkpt lat="37.8872721" lon="127.2121619"><time>2026-09-10T06:20:50Z</time><extensions><accuracy>7.3</accuracy></extensions></trkpt>
<trkpt lat="37.8872712" lon="127.2121324"><time>2026-09-10T06:20:51Z</time><extensions><accuracy>7.4</accuracy></extensions></trkpt>
<trkpt lat="37.8872571" lon="127.2121058"><time>2026-09-10T06:20:52Z</time><extensions><accuracy>9.6</accuracy></extensions></trkpt>
<trkpt lat="37.8872622" lon="127.2120696"><time>2026-09-10T06:20:53Z</time><extensions><accuracy>9.5</accuracy></extensions></trkpt>
<trkpt lat="37.8872552" lon="127.2120449"><time>2026-09-10T06:20:54Z</time><extensions><accuracy>9.0</accuracy></extensions></trkpt>
<trkpt lat="37.8872491" lon="127.2120020"><time>2026-09-10T06:20:55Z</time><extensions><accuracy>7.4</accuracy></extensions></trkpt>
<trkpt lat="37.8872422" lon="127.2119756"><time>2026-09-10T06:20:56Z</time><extensions><accuracy>9.3</accuracy></extensions></trkpt>
<trkpt lat="37.8872290" lon="127.2119530"><time>2026-09-10T06:20:57Z</time><extensions><accuracy>10.0</accuracy></extensions></trkpt>
<trkpt lat="37.8872200" lon="127.2119211"><time>2026-09-10T06:20:58Z</time><extensions><accuracy>7.7</accuracy></extensions></trkpt>
<trkpt lat="37.8872186" lon="127.2118841"><time>2026-09-10T06:20:59Z</time><extensions><accuracy>9.2</accuracy></extensions></trkpt>
<trkpt lat="37.8872084" lon="127.2118487"><time>2026-09-10T06:21:00Z</time><extensions><accuracy>7.4</accuracy></extensions></trkpt>
<trkpt lat="37.8872019" lon="127.2118091"><time>2026-09-10T06:21:01Z</time><extensions><accuracy>9.1</accuracy></extensions></trkpt>
<trkpt lat="37.8871899" lon="127.2117676"><time>2026-09-10T06:21:02Z</time><extensions><accuracy>9.0</accuracy></extensions></trkpt>
<trkpt lat="37.8871822" lon="127.2117224"><time>2026-09-10T06:21:03Z</time><extensions><accuracy>9.6</accuracy></extensions></trkpt>
<trkpt lat="37.8871772" lon="127.2116959"><time>2026-09-10T06:21:04Z</time><extensions><accuracy>8.8</accuracy></extensions></trkpt>
<trkpt lat="37.8871785" lon="127.2116744"><time>2026-09-10T06:21:05Z</time><extensions><accuracy>9.6</accuracy></extensions></trkpt>
<trkpt lat="37.8871773" lon="127.2116563"><time>2026-09-10T06:21:06Z</time><extensions><accuracy>8.9</accuracy></extensions></trkpt>
<trkpt lat="37.8871695" lon="127.2116325"><time>2026-09-10T06:21:07Z</time><extensions><accuracy>8.9</accuracy></extensions></trkpt>
<trkpt lat="37.8871555" lon="127.2115953"><time>2026-09-10T06:21:08Z</time><extensions><accuracy>8.7</accuracy></extensions></trkpt>
<trkpt lat="37.8871426" lon="127.2115778"><time>2026-09-10T06:21:09Z</time><extensions><accuracy>9.4</accuracy></extensions></trkpt>
<trkpt lat="37.8871382" lon="127.2115408"><time>2026-09-10T06:21:10Z</time><extensions><accuracy>9.9</accuracy></extensions></trkpt>
<trkpt lat="37.8871245" lon="127.2115101"><time>2026-09-10T06:21:11Z</time><extensions><accuracy>7.0</accuracy></extensions></trkpt>
<trkpt lat="37.8871210" lon="127.2114826"><time>2026-09-10T06:21:12Z</time><extensions><accuracy>8.7</accuracy></extensions></trkpt>
<trkpt lat="37.8871168" lon="127.2114561"><time>2026-09-10T06:21:13Z</time><extensions><accuracy>6.4</accuracy></extensions></trkpt>
<trkpt lat="37.8871105" lon="127.2114184"><time>2026-09-10T06:21:14Z</time><extensions><accuracy>8.2</accuracy></extensions></trkpt>
<trkpt lat="37.8870889" lon="127.2113880"><time>2026-09-10T06:21:15Z</time><extensions><accuracy>9.5</accuracy></extensions></trkpt>
<trkpt lat="37.8870806" lon="127.2113610"><time>2026-09-10T06:21:16Z</time><extensions><accuracy>7.3</accuracy></extensions></trkpt>
<trkpt lat="37.8870626" lon="127.2113205"><time>2026-09-10T06:21:17Z</time><extensions><accuracy>9.2</accuracy></extensions></trkpt>
<trkpt lat="37.8870570" lon="127.2112858"><time>2026-09-10T06:21:18Z</time><extensions><accuracy>8.0</accuracy></extensions></trkpt>
<trkpt lat="37.8870544" lon="127.2112575"><time>2026-09-10T06:21:19Z</time><extensions><accuracy>9.7</accuracy></extensions></trkpt>
<trkpt lat="37.8870613" lon="127.2112348"><time>2026-09-10T06:21:20Z</time><extensions><accuracy>10.0</accuracy></extensions></trkpt>
<trkpt lat="37.8870602" lon="127.2112068"><time>2026-09-10T06:21:21Z</time><extensions><accuracy>10.0</accuracy></extensions></trkpt>
<trkpt lat="37.8870604" lon="127.2111741"><time>2026-09-10T06:21:22Z</time><extensions><accuracy>9.2</accuracy></extensions></trkpt>
<trkpt lat="37.8870453" lon="127.2111485"><time>2026-09-10T06:21:23Z</time><extensions><accuracy>9.6</accuracy></extensions></trkpt>
<trkpt lat="37.8870369" lon="127.2111131"><time>2026-09-10T06:21:24Z</time><extensions><accuracy>6.3</accuracy></extensions></trkpt>
<trkpt lat="37.8870305" lon="127.2110837"><time>2026-09-10T06:21:25Z</time><extensions><accuracy>8.9</accuracy></extensions></trkpt>
<trkpt lat="37.8870254" lon="127.2110609"><time>2026-09-10T06:21:26Z</time><extensions><accuracy>7.8</accuracy></extensions></trkpt>
<trkpt lat="37.8870159" lon="127.2110314"><time>2026-09-10T06:21:27Z</time><extensions><accuracy>6.0</accuracy></extensions></trkpt>
<trkpt lat="37.8870032" lon="127.2109922"><time>2026-09-10T06:21:28Z</time><extensions><accuracy>7.4</accuracy></extensions></trkpt>
<trkpt lat="37.8869939" lon="127.2109635"><time>2026-09-10T06:21:29Z</time><extensions><accuracy>7.9</accuracy></extensions></trkpt>
<trkpt lat="37.8869888" lon="127.2109268"><time>2026-09-10T06:21:30Z</time><extensions><accuracy>8.4</accuracy></extensions></trkpt>
<trkpt lat="37.8869828" lon="127.2108902"><time>2026-09-10T06:21:31Z</time><extensions><accuracy>6.5</accuracy></extensions></trkpt>
<trkpt lat="37.8869758" lon="127.2108583"><time>2026-09-10T06:21:32Z</time><extensions><accuracy>9.0</accuracy></extensions></trkpt>
<trkpt lat="37.8869810" lon="127.2108218"><time>2026-09-10T06:21:33Z</time><extensions><accuracy>7.4</accuracy></extensions></trkpt>
<trkpt lat="37.8869938" lon="127.2107907"><time>2026-09-10T06:21:34Z</time><extensions><accuracy>8.6</accuracy></extensions></trkpt>
<trkpt lat="37.8869928" lon="127.2107540"><time>2026-09-10T06:21:35Z</time><extensions><accuracy>9.1</accuracy></extensions></trkpt>
<trkpt lat="37.8869840" lon="127.2107402"><time>2026-09-10T06:21:36Z</time><extensions><accuracy>9.6</accuracy></extensions></trkpt>
<trkpt lat="37.8869845" lon="127.2106925"><time>2026-09-10T06:21:37Z</time><extensions><accuracy>9.9</accuracy></extensions></trkpt>
<trkpt lat="37.8869777" lon="127.2106589"><time>2026-09-10T06:21:38Z</time><extensions><accuracy>8.7</accuracy></extensions></trkpt>
<trkpt lat="37.8869826" lon="127.2106365"><time>2026-09-10T06:21:39Z</time><extensions><accuracy>8.9</accuracy></extensions></trkpt>
<trkpt lat="37.8869833" lon="127.2105975"><time>2026-09-10T06:21:40Z</time><extensions><accuracy>9.2</accuracy></extensions></trkpt>
<trkpt lat="37.8869721" lon="127.2105621"><time>2026-09-10T06:21:41Z</time><extensions><accuracy>7.1</accuracy></extensions></trkpt>
<trkpt lat="37.8869618" lon="127.2105276"><time>2026-09-10T06:21:42Z</time><extensions><accuracy>9.5</accuracy></extensions></trkpt>
<trkpt lat="37.8869581" lon="127.2104875"><time>2026-09-10T06:21:43Z</time><extensions><accuracy>8.9</accuracy></extensions></trkpt>
<trkpt lat="37.8869494" lon="127.2104498"><time>2026-09-10T06:21:44Z</time><extensions><accuracy>7.5</accuracy></extensions></trkpt>
<trkpt lat="37.8869442" lon="127.2104244"><time>2026-09-10T06:21:45Z</time><extensions><accuracy>6.4</accuracy></extensions></trkpt>
<trkpt lat="37.8869469" lon="127.2104025"><time>2026-09-10T06:21:46Z</time><extensions><accuracy>8.0</accuracy></extensions></trkpt>
<trkpt lat="37.8869477" lon="127.2103808"><time>2026-09-10T06:21:47Z</time><extensions><accuracy>8.4</accuracy></extensions></trkpt>
<trkpt lat="37.8869517" lon="127.2103524"><time>2026-09-10T06:21:48Z</time><extensions><accuracy>9.1</accuracy></extensions></trkpt>
<trkpt lat="37.8869565" lon="127.2103122"><time>2026-09-10T06:21:49Z</time><extensions><accuracy>7.9</accuracy></extensions></trkpt>
<trkpt lat="37.8869519" lon="127.2102773"><time>2026-09-10T06:21:50Z</time><extensions><accuracy>8.5</accuracy></extensions></trkpt>
<trkpt lat="37.8869436" lon="127.2102358"><time>2026-09-10T06:21:51Z</time><extensions><accuracy>9.0</accuracy></extensions></trkpt>
<trkpt lat="37.8869390" lon="127.2102130"><time>2026-09-10T06:21:52Z</time><extensions><accuracy>7.8</accuracy></extensions></trkpt>
<trkpt lat="37.8869295" lon="127.2101737"><time>2026-09-10T06:21:53Z</time><extensions><accuracy>6.7</accuracy></extensions></trkpt>
<trkpt lat="37.8869260" lon="127.2101382"><time>2026-09-10T06:21:54Z</time><extensions><accuracy>8.5</accuracy></extensions></trkpt>
<trkpt lat="37.8869239" lon="127.2100989"><time>2026-09-10T06:21:55Z</time><extensions><accuracy>8.4</accuracy></extensions></trkpt>
<trkpt lat="37.8869184" lon="127.2100757"><time>2026-09-10T06:21:56Z</time><extensions><accuracy>6.7</accuracy></extensions></trkpt>
<trkpt lat="37.8869120" lon="127.2100396"><time>2026-09-10T06:21:57Z</time><extensions><accuracy>7.3</accuracy></extensions></trkpt>
<trkpt lat="37.8869151" lon="127.2100072"><time>2026-09-10T06:21:58Z</time><extensions><accuracy>6.8</accuracy></extensions></trkpt>
<trkpt lat="37.8869084" lon="127.2099793"><time>2026-09-10T06:21:59Z</time><extensions><accuracy>9.6</accuracy></extensions></trkpt>
<trkpt lat="37.8869056" lon="127.2099488"><time>2026-09-10T06:22:00Z</time><extensions><accuracy>6.3</accuracy></extensions></trkpt>
<trkpt lat="37.8868971" lon="127.2099149"><time>2026-09-10T06:22:01Z</time><extensions><accuracy>6.3</accuracy></extensions></trkpt>
<trkpt lat="37.8868897" lon="127.2098933"><time>2026-09-10T06:22:02Z</time><extensions><accuracy>6.2</accuracy></extensions></trkpt>
<trkpt lat="37.8868837" lon="127.2098670"><time>2026-09-10T06:22:03Z</time><extensions><accuracy>6.7</accuracy></extensions></trkpt>
<trkpt lat="37.8868867" lon="127.2098305"><time>2026-09-10T06:22:04Z</time><extensions><accuracy>8.0</accuracy></extensions></trkpt>
<trkpt lat="37.8868841" lon="127.2097993"><time>2026-09-10T06:22:05Z</time><extensions><accuracy>9.0</accuracy></extensions></trkpt>
<trkpt lat="37.8868840" lon="127.2097617"><time>2026-09-10T06:22:06Z</time><extensions><accuracy>6.4</accuracy></extensions></trkpt>
<trkpt lat="37.8868840" lon="127.2097277"><time>2026-09-10T06:22:07Z</time><extensions><accuracy>7.7</accuracy></extensions></trkpt>
<trkpt lat="37.8868839" lon="127.2096874"><time>2026-09-10T06:22:08Z</time><extensions><accuracy>7.9</accuracy></extensions></trkpt>
<trkpt lat="37.8868803" lon="127.2096722"><time>2026-09-10T06:22:09Z</time><extensions><accuracy>6.3</accuracy></extensions></trkpt>
<trkpt lat="37.8868681" lon="127.2096513"><time>2026-09-10T06:22:10Z</time><extensions><accuracy>8.5</accuracy></extensions></trkpt>
<trkpt lat="37.8868693" lon="127.2096168"><time>2026-09-10T06:22:11Z</time><extensions><accuracy>8.1</accuracy></extensions></trkpt>
<trkpt lat="37.8868668" lon="127.2095867"><time>2026-09-10T06:22:12Z</time><extensions><accuracy>8.5</accuracy></extensions></trkpt>
<trkpt lat="37.8868599" lon="127.2095555"><time>2026-09-10T06:22:13Z</time><extensions><accuracy>8.6</accuracy></extensions></trkpt>
<trkpt lat="37.8868514" lon="127.2095299"><time>2026-09-10T06:22:14Z</time><extensions><accuracy>7.3</accuracy></extensions></trkpt>
<trkpt lat="37.8868483" lon="127.2094820"><time>2026-09-10T06:22:15Z</time><extensions><accuracy>9.9</accuracy></extensions></trkpt>
<trkpt lat="37.8868506" lon="127.2094525"><time>2026-09-10T06:22:16Z</time><extensions><accuracy>7.2</accuracy></extensions></trkpt>
<trkpt lat="37.8868571" lon="127.2094294"><time>2026-09-10T06:22:17Z</time><extensions><accuracy>9.4</accuracy></extensions></trkpt>
<trkpt lat="37.8868572" lon="127.2093907"><time>2026-09-10T06:22:18Z</time><extensions><accuracy>10.0</accuracy></extensions></trkpt>
<trkpt lat="37.8868579" lon="127.2093564"><time>2026-09-10T06:22:19Z</time><extensions><accuracy>6.8</accuracy></extensions></trkpt>
<trkpt lat="37.8868439" lon="127.2093284"><time>2026-09-10T06:22:20Z</time><extensions><accuracy>6.0</accuracy></extensions></trkpt>
<trkpt lat="37.8868417" lon="127.2092978"><time>2026-09-10T06:22:21Z</time><extensions><accuracy>10.0</accuracy></extensions></trkpt>
<trkpt lat="37.8868337" lon="127.2092713"><time>2026-09-10T06:22:22Z</time><extensions><accuracy>7.9</accuracy></extensions></trkpt>
<trkpt lat="37.8868246" lon="127.2092484"><time>2026-09-10T06:22:23Z</time><extensions><accuracy>7.5</accuracy></extensions></trkpt>
<trkpt lat="37.8868251" lon="127.2092262"><time>2026-09-10T06:22:24Z</time><extensions><accuracy>9.2</accuracy></extensions></trkpt>
<trkpt lat="37.8868248" lon="127.2091945"><time>2026-09-10T06:22:25Z</time><extensions><accuracy>6.2</accuracy></extensions></trkpt>
<trkpt lat="37.8868155" lon="127.2091736"><time>2026-09-10T06:22:26Z</time><extensions><accuracy>8.5</accuracy></extensions></trkpt>
<trkpt lat="37.8868214" lon="127.2091518"><time>2026-09-10T06:22:27Z</time><extensions><accuracy>8.0</accuracy></extensions></trkpt>
<trkpt lat="37.8868139" lon="127.2091152"><time>2026-09-10T06:22:28Z</time><extensions><accuracy>7.6</accuracy></extensions></trkpt>
<trkpt lat="37.8868136" lon="127.2090824"><time>2026-09-10T06:22:29Z</time><extensions><accuracy>7.6</accuracy></extensions></trkpt>
<trkpt lat="37.8868210" lon="127.2090538"><time>2026-09-10T06:22:30Z</time><extensions><accuracy>7.2</accuracy></extensions></trkpt>
<trkpt lat="37.8868236" lon="127.2090278"><time>2026-09-10T06:22:31Z</time><extensions><accuracy>7.9</accuracy></extensions></trkpt>
<trkpt lat="37.8868355" lon="127.2089905"><time>2026-09-10T06:22:32Z</time><extensions><accuracy>6.0</accuracy></extensions></trkpt>
<trkpt lat="37.8868453" lon="127.2089573"><time>2026-09-10T06:22:33Z</time><extensions><accuracy>7.2</accuracy></extensions></trkpt>
<trkpt lat="37.8868426" lon="127.2089353"><time>2026-09-10T06:22:34Z</time><extensions><accuracy>8.0</accuracy></extensions></trkpt>
<trkpt lat="37.8868447" lon="127.2088949"><time>2026-09-10T06:22:35Z</time><extensions><accuracy>9.3</accuracy></extensions></trkpt>
<trkpt lat="37.8868473" lon="127.2088748"><time>2026-09-10T06:22:36Z</time><extensions><accuracy>9.5</accuracy></extensions></trkpt>
<trkpt lat="37.8868511" lon="127.2088428"><time>2026-09-10T06:22:37Z</time><extensions><accuracy>9.9</accuracy></extensions></trkpt>
<trkpt lat="37.8868502" lon="127.2088063"><time>2026-09-10T06:22:38Z</time><extensions><accuracy>8.7</accuracy></extensions></trkpt>
<trkpt lat="37.8868661" lon="127.2087643"><time>2026-09-10T06:22:39Z</time><extensions><accuracy>6.1</accuracy></extensions></trkpt>
<trkpt lat="37.8868747" lon="127.2087366"><time>2026-09-10T06:22:40Z</time><extensions><accuracy>9.6</accuracy></extensions></trkpt>
<trkpt lat="37.8868712" lon="127.2087086"><time>2026-09-10T06:22:41Z</time><extensions><accuracy>7.8</accuracy></extensions></trkpt>
<trkpt lat="37.8868685" lon="127.2086785"><time>2026-09-10T06:22:42Z</time><extensions><accuracy>8.8</accuracy></extensions></trkpt>
<trkpt lat="37.8868744" lon="127.2086481"><time>2026-09-10T06:22:43Z</time><extensions><accuracy>6.1</accuracy></extensions></trkpt>
<trkpt lat="37.8868616" lon="127.2086071"><time>2026-09-10T06:22:44Z</time><extensions><accuracy>8.9</accuracy></extensions></trkpt>
<trkpt lat="37.8868680" lon="127.2085694"><time>2026-09-10T06:22:45Z</time><extensions><accuracy>9.5</accuracy></extensions></trkpt>
<trkpt lat="37.8868660" lon="127.2085279"><time>2026-09-10T06:22:46Z</time><extensions><accuracy>8.1</accuracy></extensions></trkpt>
<trkpt lat="37.8868611" lon="127.2084942"><time>2026-09-10T06:22:47Z</time><extensions><accuracy>6.7</accuracy></extensions></trkpt>
<trkpt lat="37.8868559" lon="127.2084635"><time>2026-09-10T06:22:48Z</time><extensions><accuracy>8.0</accuracy></extensions></trkpt>
<trkpt lat="37.8868565" lon="127.2084359"><time>2026-09-10T06:22:49Z</time><extensions><accuracy>8.4</accuracy></extensions></trkpt>
<trkpt lat="37.8868586" lon="127.2083985"><time>2026-09-10T06:22:50Z</time><extensions><accuracy>10.0</accuracy></extensions></trkpt>
<trkpt lat="37.8868617" lon="127.2083611"><time>2026-09-10T06:22:51Z</time><extensions><accuracy>9.3</accuracy></extensions></trkpt>
<trkpt lat="37.8868642" lon="127.2083313"><time>2026-09-10T06:22:52Z</time><extensions><accuracy>7.1</accuracy></extensions></trkpt>
<trkpt lat="37.8868790" lon="127.2082902"><time>2026-09-10T06:22:53Z</time><extensions><accuracy>7.0</accuracy></extensions></trkpt>
<trkpt lat="37.8868824" lon="127.2082593"><time>2026-09-10T06:22:54Z</time><extensions><accuracy>8.5</accuracy></extensions></trkpt>
<trkpt lat="37.8868884" lon="127.2082277"><time>2026-09-10T06:22:55Z</time><extensions><accuracy>8.2</accuracy></extensions></trkpt>
<trkpt lat="37.8868969" lon="127.2081931"><time>2026-09-10T06:22:56Z</time><extensions><accuracy>6.1</accuracy></extensions></trkpt>
<trkpt lat="37.8869074" lon="127.2081694"><time>2026-09-10T06:22:57Z</time><extensions><accuracy>9.7</accuracy></extensions></trkpt>
<trkpt lat="37.8869117" lon="127.2081340"><time>2026-09-10T06:22:58Z</time><extensions><accuracy>8.3</accuracy></extensions></trkpt>
<trkpt lat="37.8869092" lon="127.2080986"><time>2026-09-10T06:22:59Z</time><extensions><accuracy>6.1</accuracy></extensions></trkpt>
<trkpt lat="37.8869119" lon="127.2080708"><time>2026-09-10T06:23:00Z</time><extensions><accuracy>6.6</accuracy></extensions></trkpt>
<trkpt lat="37.8869137" lon="127.2080372"><time>2026-09-10T06:23:01Z</time><extensions><accuracy>8.4</accuracy></extensions></trkpt>
<trkpt lat="37.8869171" lon="127.2080020"><time>2026-09-10T06:23:02Z</time><extensions><accuracy>6.8</accuracy></extensions></trkpt>
<trkpt lat="37.8869227" lon="127.2079839"><time>2026-09-10T06:23:03Z</time><extensions><accuracy>8.4</accuracy></extensions></trkpt>
<trkpt lat="37.8869286" lon="127.2079564"><time>2026-09-10T06:23:04Z</time><extensions><accuracy>8.3</accuracy></extensions></trkpt>
<trkpt lat="37.8869303" lon="127.2079291"><time>2026-09-10T06:23:05Z</time><extensions><accuracy>8.7</accuracy></extensions></trkpt>
<trkpt lat="37.8869339" lon="127.2078982"><time>2026-09-10T06:23:06Z</time><extensions><accuracy>7.6</accuracy></extensions></trkpt>
<trkpt lat="37.8869325" lon="127.2078794"><time>2026-09-10T06:23:07Z</time><extensions><accuracy>6.5</accuracy></extensions></trkpt>
<trkpt lat="37.8869272" lon="127.2078547"><time>2026-09-10T06:23:08Z</time><extensions><accuracy>9.6</accuracy></extensions></trkpt>
<trkpt lat="37.8869337" lon="127.2078217"><time>2026-09-10T06:23:09Z</time><extensions><accuracy>9.3</accuracy></extensions></trkpt>
<trkpt lat="37.8869436" lon="127.2077825"><time>2026-09-10T06:23:10Z</time><extensions><accuracy>8.8</accuracy></extensions></trkpt>
<trkpt lat="37.8869507" lon="127.2077403"><time>2026-09-10T06:23:11Z</time><extensions><accuracy>6.2</accuracy></extensions></trkpt>
<trkpt lat="37.8869551" lon="127.2077099"><time>2026-09-10T06:23:12Z</time><extensions><accuracy>8.4</accuracy></extensions></trkpt>
<trkpt lat="37.8869501" lon="127.2076756"><time>2026-09-10T06:23:13Z</time><extensions><accuracy>6.0</accuracy></extensions></trkpt>
<trkpt lat="37.8869558" lon="127.2076383"><time>2026-09-10T06:23:14Z</time><extensions><accuracy>6.4</accuracy></extensions></trkpt>
<trkpt lat="37.8869548" lon="127.2076048"><time>2026-09-10T06:23:15Z</time><extensions><accuracy>6.6</accuracy></extensions></trkpt>
<trkpt lat="37.8869603" lon="127.2075864"><time>2026-09-10T06:23:16Z</time><extensions><accuracy>6.9</accuracy></extensions></trkpt>
<trkpt lat="37.8869636" lon="127.2075591"><time>2026-09-10T06:23:17Z</time><extensions><accuracy>6.4</accuracy></extensions></trkpt>
<trkpt lat="37.8869642" lon="127.2075210"><time>2026-09-10T06:23:18Z</time><extensions><accuracy>8.7</accuracy></extensions></trkpt>
<trkpt lat="37.8869805" lon="127.2074921"><time>2026-09-10T06:23:19Z</time><extensions><accuracy>6.6</accuracy></extensions></trkpt>
<trkpt lat="37.8869909" lon="127.2074648"><time>2026-09-10T06:23:20Z</time><extensions><accuracy>8.4</accuracy></extensions></trkpt>
<trkpt lat="37.8869975" lon="127.2074499"><time>2026-09-10T06:23:21Z</time><extensions><accuracy>9.3</accuracy></extensions></trkpt>
<trkpt lat="37.8869946" lon="127.2074207"><time>2026-09-10T06:23:22Z</time><extensions><accuracy>6.7</accuracy></extensions></trkpt>
<trkpt lat="37.8869887" lon="127.2073900"><time>2026-09-10T06:23:23Z</time><extensions><accuracy>9.9</accuracy></extensions></trkpt>
<trkpt lat="37.8869912" lon="127.2073657"><time>2026-09-10T06:23:24Z</time><extensions><accuracy>8.9</accuracy></extensions></trkpt>
<trkpt lat="37.8869934" lon="127.2073373"><time>2026-09-10T06:23:25Z</time><extensions><accuracy>7.8</accuracy></extensions></trkpt>
<trkpt lat="37.8870104" lon="127.2073037"><time>2026-09-10T06:23:26Z</time><extensions><accuracy>6.7</accuracy></extensions></trkpt>
<trkpt lat="37.8870192" lon="127.2072710"><time>2026-09-10T06:23:27Z</time><extensions><accuracy>6.6</accuracy></extensions></trkpt>
<trkpt lat="37.8870166" lon="127.2072403"><time>2026-09-10T06:23:28Z</time><extensions><accuracy>9.0</accuracy></extensions></trkpt>
<trkpt lat="37.8870273" lon="127.2072098"><time>2026-09-10T06:23:29Z</time><extensions><accuracy>7.7</accuracy></extensions></trkpt>
<trkpt lat="37.8870381" lon="127.2071727"><time>2026-09-10T06:23:30Z</time><extensions><accuracy>7.0</accuracy></extensions></trkpt>
<trkpt lat="37.8870456" lon="127.2071327"><time>2026-09-10T06:23:31Z</time><extensions><accuracy>7.1</accuracy></extensions></trkpt>
<trkpt lat="37.8870485" lon="127.2070898"><time>2026-09-10T06:23:32Z</time><extensions><accuracy>8.5</accuracy></extensions></trkpt>
<trkpt lat="37.8870586" lon="127.2070503"><time>2026-09-10T06:23:33Z</time><extensions><accuracy>6.9</accuracy></extensions></trkpt>
<trkpt lat="37.8870622" lon="127.2070147"><time>2026-09-10T06:23:34Z</time><extensions><accuracy>9.0</accuracy></extensions></trkpt>
<trkpt lat="37.8870643" lon="127.2069689"><time>2026-09-10T06:23:35Z</time><extensions><accuracy>9.9</accuracy></extensions></trkpt>
<trkpt lat="37.8870644" lon="127.2069533"><time>2026-09-10T06:23:36Z</time><extensions><accuracy>7.1</accuracy></extensions></trkpt>
<trkpt lat="37.8870679" lon="127.2069194"><time>2026-09-10T06:23:37Z</time><extensions><accuracy>10.0</accuracy></extensions></trkpt>
<trkpt lat="37.8870719" lon="127.2068892"><time>2026-09-10T06:23:38Z</time><extensions><accuracy>7.2</accuracy></extensions></trkpt>
<trkpt lat="37.8870651" lon="127.2068527"><time>2026-09-10T06:23:39Z</time><extensions><accuracy>7.4</accuracy></extensions></trkpt>
<trkpt lat="37.8870737" lon="127.2068201"><time>2026-09-10T06:23:40Z</time><extensions><accuracy>8.8</accuracy></extensions></trkpt>
<trkpt lat="37.8870801" lon="127.2067959"><time>2026-09-10T06:23:41Z</time><extensions><accuracy>9.5</accuracy></extensions></trkpt>
<trkpt lat="37.8870858" lon="127.2067673"><time>2026-09-10T06:23:42Z</time><extensions><accuracy>8.6</accuracy></extensions></trkpt>
<trkpt lat="37.8870990" lon="127.2067414"><time>2026-09-10T06:23:43Z</time><extensions><accuracy>8.8</accuracy></extensions></trkpt>
<trkpt lat="37.8870925" lon="127.2067108"><time>2026-09-10T06:23:44Z</time><extensions><accuracy>6.4</accuracy></extensions></trkpt>
<trkpt lat="37.8871021" lon="127.2066951"><time>2026-09-10T06:23:45Z</time><extensions><accuracy>7.7</accuracy></extensions></trkpt>
<trkpt lat="37.8870992" lon="127.2066662"><time>2026-09-10T06:23:46Z</time><extensions><accuracy>9.7</accuracy></extensions></trkpt>
<trkpt lat="37.8871099" lon="127.2066361"><time>2026-09-10T06:23:47Z</time><extensions><accuracy>7.0</accuracy></extensions></trkpt>
<trkpt lat="37.8871172" lon="127.2066014"><time>2026-09-10T06:23:48Z</time><extensions><accuracy>8.4</accuracy></extensions></trkpt>
<trkpt lat="37.8871226" lon="127.2065761"><time>2026-09-10T06:23:49Z</time><extensions><accuracy>6.6</accuracy></extensions></trkpt>
<trkpt lat="37.8871294" lon="127.2065386"><time>2026-09-10T06:23:50Z</time><extensions><accuracy>7.4</accuracy></extensions></trkpt>
<trkpt lat="37.8871292" lon="127.2064952"><time>2026-09-10T06:23:51Z</time><extensions><accuracy>9.0</accuracy></extensions></trkpt>
<trkpt lat="37.8871419" lon="127.2064644"><time>2026-09-10T06:23:52Z</time><extensions><accuracy>8.4</accuracy></extensions></trkpt>
<trkpt lat="37.8871502" lon="127.2064393"><time>2026-09-10T06:23:53Z</time><extensions><accuracy>8.2</accuracy></extensions></trkpt>
<trkpt lat="37.8871648" lon="127.2063972"><time>2026-09-10T06:23:54Z</time><extensions><accuracy>7.4</accuracy></extensions></trkpt>
<trkpt lat="37.8871687" lon="127.2063730"><time>2026-09-10T06:23:55Z</time><extensions><accuracy>7.8</accuracy></extensions></trkpt>
<trkpt lat="37.8871588" lon="127.2063492"><time>2026-09-10T06:23:56Z</time><extensions><accuracy>8.3</accuracy></extensions></trkpt>
<trkpt lat="37.8871623" lon="127.2063264"><time>2026-09-10T06:23:57Z</time><extensions><accuracy>8.8</accuracy></extensions></trkpt>
<trkpt lat="37.8871741" lon="127.2062951"><time>2026-09-10T06:23:58Z</time><extensions><accuracy>7.9</accuracy></extensions></trkpt>
<trkpt lat="37.8871813" lon="127.2062720"><time>2026-09-10T06:23:59Z</time><extensions><accuracy>9.2</accuracy></extensions></trkpt>
<trkpt lat="37.8871896" lon="127.2062479"><time>2026-09-10T06:24:00Z</time><extensions><accuracy>6.2</accuracy></extensions></trkpt>
<trkpt lat="37.8871961" lon="127.2062146"><time>2026-09-10T06:24:01Z</time><extensions><accuracy>7.1</accuracy></extensions></trkpt>
<trkpt lat="37.8871981" lon="127.2061818"><time>2026-09-10T06:24:02Z</time><extensions><accuracy>7.2</accuracy></extensions></trkpt>
<trkpt lat="37.8872090" lon="127.2061564"><time>2026-09-10T06:24:03Z</time><extensions><accuracy>8.3</accuracy></extensions></trkpt>
<trkpt lat="37.8872213" lon="127.2061257"><time>2026-09-10T06:24:04Z</time><extensions><accuracy>9.1</accuracy></extensions></trkpt>
<trkpt lat="37.8872445" lon="127.2060783"><time>2026-09-10T06:24:05Z</time><extensions><accuracy>6.3</accuracy></extensions></trkpt>
<trkpt lat="37.8872599" lon="127.2060466"><time>2026-09-10T06:24:06Z</time><extensions><accuracy>7.6</accuracy></extensions></trkpt>
<trkpt lat="37.8872689" lon="127.2060177"><time>2026-09-10T06:24:07Z</time><extensions><accuracy>9.6</accuracy></extensions></trkpt>
<trkpt lat="37.8872742" lon="127.2059890"><time>2026-09-10T06:24:08Z</time><extensions><accuracy>9.4</accuracy></extensions></trkpt>
<trkpt lat="37.8872860" lon="127.2059597"><time>2026-09-10T06:24:09Z</time><extensions><accuracy>9.1</accuracy></extensions></trkpt>
<trkpt lat="37.8872937" lon="127.2059218"><time>2026-09-10T06:24:10Z</time><extensions><accuracy>9.0</accuracy></extensions></trkpt>
<trkpt lat="37.8872982" lon="127.2058897"><time>2026-09-10T06:24:11Z</time><extensions><accuracy>8.4</accuracy></extensions></trkpt>
<trkpt lat="37.8873037" lon="127.2058574"><time>2026-09-10T06:24:12Z</time><extensions><accuracy>7.4</accuracy></extensions></trkpt>
<trkpt lat="37.8873193" lon="127.2058238"><time>2026-09-10T06:24:13Z</time><extensions><accuracy>9.2</accuracy></extensions></trkpt>
<trkpt lat="37.8873261" lon="127.2058047"><time>2026-09-10T06:24:14Z</time><extensions><accuracy>6.7</accuracy></extensions></trkpt>
<trkpt lat="37.8873339" lon="127.2057768"><time>2026-09-10T06:24:15Z</time><extensions><accuracy>7.8</accuracy></extensions></trkpt>
<trkpt lat="37.8873407" lon="127.2057504"><time>2026-09-10T06:24:16Z</time><extensions><accuracy>7.6</accuracy></extensions></trkpt>
<trkpt lat="37.8873519" lon="127.2057031"><time>2026-09-10T06:24:17Z</time><extensions><accuracy>9.9</accuracy></extensions></trkpt>
<trkpt lat="37.8873571" lon="127.2056648"><time>2026-09-10T06:24:18Z</time><extensions><accuracy>7.0</accuracy></extensions></trkpt>
<trkpt lat="37.8873589" lon="127.2056308"><time>2026-09-10T06:24:19Z</time><extensions><accuracy>7.0</accuracy></extensions></trkpt>
<trkpt lat="37.8873644" lon="127.2056020"><time>2026-09-10T06:24:20Z</time><extensions><accuracy>8.4</accuracy></extensions></trkpt>
<trkpt lat="37.8873715" lon="127.2055823"><time>2026-09-10T06:24:21Z</time><extensions><accuracy>7.1</accuracy></extensions></trkpt>
<trkpt lat="37.8873822" lon="127.2055569"><time>2026-09-10T06:24:22Z</time><extensions><accuracy>7.7</accuracy></extensions></trkpt>
<trkpt lat="37.8873851" lon="127.2055406"><time>2026-09-10T06:24:23Z</time><extensions><accuracy>10.0</accuracy></extensions></trkpt>
<trkpt lat="37.8873976" lon="127.2055161"><time>2026-09-10T06:24:24Z</time><extensions><accuracy>9.6</accuracy></extensions></trkpt>
<trkpt lat="37.8874121" lon="127.2054875"><time>2026-09-10T06:24:25Z</time><extensions><accuracy>6.9</accuracy></extensions></trkpt>
<trkpt lat="37.8874214" lon="127.2054547"><time>2026-09-10T06:24:26Z</time><extensions><accuracy>8.5</accuracy></extensions></trkpt>
<trkpt lat="37.8874263" lon="127.2054174"><time>2026-09-10T06:24:27Z</time><extensions><accuracy>8.1</accuracy></extensions></trkpt>
<trkpt lat="37.8874373" lon="127.2053864"><time>2026-09-10T06:24:28Z</time><extensions><accuracy>8.7</accuracy></extensions></trkpt>
<trkpt lat="37.8874472" lon="127.2053509"><time>2026-09-10T06:24:29Z</time><extensions><accuracy>6.5</accuracy></extensions></trkpt>
<trkpt lat="37.8874567" lon="127.2053114"><time>2026-09-10T06:24:30Z</time><extensions><accuracy>8.8</accuracy></extensions></trkpt>
<trkpt lat="37.8874570" lon="127.2052915"><time>2026-09-10T06:24:31Z</time><extensions><accuracy>8.8</accuracy></extensions></trkpt>
<trkpt lat="37.8874583" lon="127.2052657"><time>2026-09-10T06:24:32Z</time><extensions><accuracy>8.7</accuracy></extensions></trkpt>
<trkpt lat="37.8874662" lon="127.2052462"><time>2026-09-10T06:24:33Z</time><extensions><accuracy>7.4</accuracy></extensions></trkpt>
<trkpt lat="37.8874803" lon="127.2052239"><time>2026-09-10T06:24:34Z</time><extensions><accuracy>9.9</accuracy></extensions></trkpt>
<trkpt lat="37.8874888" lon="127.2051893"><time>2026-09-10T06:24:35Z</time><extensions><accuracy>6.4</accuracy></extensions></trkpt>
<trkpt lat="37.8874979" lon="127.2051669"><time>2026-09-10T06:24:36Z</time><extensions><accuracy>7.9</accuracy></extensions></trkpt>
<trkpt lat="37.8875140" lon="127.2051458"><time>2026-09-10T06:24:37Z</time><extensions><accuracy>8.3</accuracy></extensions></trkpt>
<trkpt lat="37.8875199" lon="127.2051169"><time>2026-09-10T06:24:38Z</time><extensions><accuracy>6.6</accuracy></extensions></trkpt>
<trkpt lat="37.8875286" lon="127.2051004"><time>2026-09-10T06:24:39Z</time><extensions><accuracy>7.6</accuracy></extensions></trkpt>
<trkpt lat="37.8875272" lon="127.2050685"><time>2026-09-10T06:24:40Z</time><extensions><accuracy>6.9</accuracy></extensions></trkpt>
<trkpt lat="37.8875334" lon="127.2050451"><time>2026-09-10T06:24:41Z</time><extensions><accuracy>7.5</accuracy></extensions></trkpt>
<trkpt lat="37.8875496" lon="127.2050017"><time>2026-09-10T06:24:42Z</time><extensions><accuracy>8.0</accuracy></extensions></trkpt>
<trkpt lat="37.8875571" lon="127.2049737"><time>2026-09-10T06:24:43Z</time><extensions><accuracy>6.9</accuracy></extensions></trkpt>
<trkpt lat="37.8875687" lon="127.2049422"><time>2026-09-10T06:24:44Z</time><extensions><accuracy>7.8</accuracy></extensions></trkpt>
<trkpt lat="37.8875830" lon="127.2049221"><time>2026-09-10T06:24:45Z</time><extensions><accuracy>7.1</accuracy></extensions></trkpt>
<trkpt lat="37.8875930" lon="127.2049105"><time>2026-09-10T06:24:46Z</time><extensions><accuracy>7.3</accuracy></extensions></trkpt>
<trkpt lat="37.8876061" lon="127.2048846"><time>2026-09-10T06:24:47Z</time><extensions><accuracy>8.5</accuracy></extensions></trkpt>
<trkpt lat="37.8876145" lon="127.2048501"><time>2026-09-10T06:24:48Z</time><extensions><accuracy>8.5</accuracy></extensions></trkpt>
<trkpt lat="37.8876210" lon="127.2048138"><time>2026-09-10T06:24:49Z</time><extensions><accuracy>6.2</accuracy></extensions></trkpt>
<trkpt lat="37.8876332" lon="127.2047799"><time>2026-09-10T06:24:50Z</time><extensions><accuracy>8.3</accuracy></extensions></trkpt>
<trkpt lat="37.8876474" lon="127.2047643"><time>2026-09-10T06:24:51Z</time><extensions><accuracy>7.5</accuracy></extensions></trkpt>
<trkpt lat="37.8876557" lon="127.2047339"><time>2026-09-10T06:24:52Z</time><extensions><accuracy>9.0</accuracy></extensions></trkpt>
<trkpt lat="37.8876723" lon="127.2047055"><time>2026-09-10T06:24:53Z</time><extensions><accuracy>7.2</accuracy></extensions></trkpt>
<trkpt lat="37.8876836" lon="127.2046895"><time>2026-09-10T06:24:54Z</time><extensions><accuracy>8.3</accuracy></extensions></trkpt>
<trkpt lat="37.8876909" lon="127.2046551"><time>2026-09-10T06:24:55Z</time><extensions><accuracy>9.9</accuracy></extensions></trkpt>
<trkpt lat="37.8877123" lon="127.2046265"><time>2026-09-10T06:24:56Z</time><extensions><accuracy>6.8</accuracy></extensions></trkpt>
<trkpt lat="37.8877322" lon="127.2045995"><time>2026-09-10T06:24:57Z</time><extensions><accuracy>9.5</accuracy></extensions></trkpt>
<trkpt lat="37.8877472" lon="127.2045724"><time>2026-09-10T06:24:58Z</time><extensions><accuracy>8.8</accuracy></extensions></trkpt>
<trkpt lat="37.8877581" lon="127.2045311"><time>2026-09-10T06:24:59Z</time><extensions><accuracy>7.3</accuracy></extensions></trkpt>
<trkpt lat="37.8877634" lon="127.2044959"><time>2026-09-10T06:25:00Z</time><extensions><accuracy>6.8</accuracy></extensions></trkpt>
<trkpt lat="37.8877744" lon="127.2044628"><time>2026-09-10T06:25:01Z</time><extensions><accuracy>9.1</accuracy></extensions></trkpt>
<trkpt lat="37.8877885" lon="127.2044454"><time>2026-09-10T06:25:02Z</time><extensions><accuracy>6.9</accuracy></extensions></trkpt>
<trkpt lat="37.8878026" lon="127.2044134"><time>2026-09-10T06:25:03Z</time><extensions><accuracy>7.2</accuracy></extensions></trkpt>
<trkpt lat="37.8878200" lon="127.2043974"><time>2026-09-10T06:25:04Z</time><extensions><accuracy>8.5</accuracy></extensions></trkpt>
<trkpt lat="37.8878397" lon="127.2043656"><time>2026-09-10T06:25:05Z</time><extensions><accuracy>9.5</accuracy></extensions></trkpt>
<trkpt lat="37.8878582" lon="127.2043443"><time>2026-09-10T06:25:06Z</time><extensions><accuracy>9.7</accuracy></extensions></trkpt>
<trkpt lat="37.8878715" lon="127.2043188"><time>2026-09-10T06:25:07Z</time><extensions><accuracy>7.1</accuracy></extensions></trkpt>
<trkpt lat="37.8878786" lon="127.2042850"><time>2026-09-10T06:25:08Z</time><extensions><accuracy>7.4</accuracy></extensions></trkpt>
<trkpt lat="37.8879012" lon="127.2042534"><time>2026-09-10T06:25:09Z</time><extensions><accuracy>7.8</accuracy></extensions></trkpt>
<trkpt lat="37.8879187" lon="127.2042214"><time>2026-09-10T06:25:10Z</time><extensions><accuracy>9.0</accuracy></extensions></trkpt>
<trkpt lat="37.8879288" lon="127.2041961"><time>2026-09-10T06:25:11Z</time><extensions><accuracy>9.1</accuracy></extensions></trkpt>
<trkpt lat="37.8879431" lon="127.2041679"><time>2026-09-10T06:25:12Z</time><extensions><accuracy>8.7</accuracy></extensions></trkpt>
<trkpt lat="37.8879594" lon="127.2041415"><time>2026-09-10T06:25:13Z</time><extensions><accuracy>8.9</accuracy></extensions></trkpt>
<trkpt lat="37.8879627" lon="127.2041230"><time>2026-09-10T06:25:14Z</time><extensions><accuracy>9.8</accuracy></extensions></trkpt>
<trkpt lat="37.8879702" lon="127.2040997"><time>2026-09-10T06:25:15Z</time><extensions><accuracy>7.6</accuracy></extensions></trkpt>
<trkpt lat="37.8879868" lon="127.2040838"><time>2026-09-10T06:25:16Z</time><extensions><accuracy>7.2</accuracy></extensions></trkpt>
<trkpt lat="37.8880071" lon="127.2040580"><time>2026-09-10T06:25:17Z</time><extensions><accuracy>7.4</accuracy></extensions></trkpt>
<trkpt lat="37.8880223" lon="127.2040275"><time>2026-09-10T06:25:18Z</time><extensions><accuracy>9.6</accuracy></extensions></trkpt>
<trkpt lat="37.8880350" lon="127.2039984"><time>2026-09-10T06:25:19Z</time><extensions><accuracy>8.0</accuracy></extensions></trkpt>
<trkpt lat="37.8880587" lon="127.2039705"><time>2026-09-10T06:25:20Z</time><extensions><accuracy>9.3</accuracy></extensions></trkpt>
<trkpt lat="37.8880704" lon="127.2039474"><time>2026-09-10T06:25:21Z</time><extensions><accuracy>9.2</accuracy></extensions></trkpt>
<trkpt lat="37.8880922" lon="127.2039130"><time>2026-09-10T06:25:22Z</time><extensions><accuracy>8.7</accuracy></extensions></trkpt>
<trkpt lat="37.8881195" lon="127.2038870"><time>2026-09-10T06:25:23Z</time><extensions><accuracy>6.6</accuracy></extensions></trkpt>
<trkpt lat="37.8881348" lon="127.2038656"><time>2026-09-10T06:25:24Z</time><extensions><accuracy>8.8</accuracy></extensions></trkpt>
<trkpt lat="37.8881507" lon="127.2038310"><time>2026-09-10T06:25:25Z</time><extensions><accuracy>6.5</accuracy></extensions></trkpt>
<trkpt lat="37.8881677" lon="127.2038117"><time>2026-09-10T06:25:26Z</time><extensions><accuracy>10.0</accuracy></extensions></trkpt>
<trkpt lat="37.8881878" lon="127.2037763"><time>2026-09-10T06:25:27Z</time><extensions><accuracy>7.1</accuracy></extensions></trkpt>
<trkpt lat="37.8881976" lon="127.2037514"><time>2026-09-10T06:25:28Z</time><extensions><accuracy>8.9</accuracy></extensions></trkpt>
<trkpt lat="37.8882188" lon="127.2037338"><time>2026-09-10T06:25:29Z</time><extensions><accuracy>7.6</accuracy></extensions></trkpt>
<trkpt lat="37.8882221" lon="127.2037049"><time>2026-09-10T06:25:30Z</time><extensions><accuracy>8.4</accuracy></extensions></trkpt>
<trkpt lat="37.8882351" lon="127.2036773"><time>2026-09-10T06:25:31Z</time><extensions><accuracy>6.5</accuracy></extensions></trkpt>
<trkpt lat="37.8882464" lon="127.2036454"><time>2026-09-10T06:25:32Z</time><extensions><accuracy>7.0</accuracy></extensions></trkpt>
<trkpt lat="37.8882625" lon="127.2036274"><time>2026-09-10T06:25:33Z</time><extensions><accuracy>9.5</accuracy></extensions></trkpt>
<trkpt lat="37.8882755" lon="127.2036128"><time>2026-09-10T06:25:34Z</time><extensions><accuracy>7.5</accuracy></extensions></trkpt>
<trkpt lat="37.8882830" lon="127.2035948"><time>2026-09-10T06:25:35Z</time><extensions><accuracy>7.3</accuracy></extensions></trkpt>
<trkpt lat="37.8882952" lon="127.2035623"><time>2026-09-10T06:25:36Z</time><extensions><accuracy>6.3</accuracy></extensions></trkpt>
<trkpt lat="37.8883082" lon="127.2035387"><time>2026-09-10T06:25:37Z</time><extensions><accuracy>7.6</accuracy></extensions></trkpt>
<trkpt lat="37.8883236" lon="127.2035073"><time>2026-09-10T06:25:38Z</time><extensions><accuracy>6.5</accuracy></extensions></trkpt>
<trkpt lat="37.8883424" lon="127.2034921"><time>2026-09-10T06:25:39Z</time><extensions><accuracy>7.0</accuracy></extensions></trkpt>
<trkpt lat="37.8883577" lon="127.2034658"><time>2026-09-10T06:25:40Z</time><extensions><accuracy>8.8</accuracy></extensions></trkpt>
<trkpt lat="37.8883711" lon="127.2034430"><time>2026-09-10T06:25:41Z</time><extensions><accuracy>7.8</accuracy></extensions></trkpt>
<trkpt lat="37.8883788" lon="127.2034257"><time>2026-09-10T06:25:42Z</time><extensions><accuracy>9.0</accuracy></extensions></trkpt>
<trkpt lat="37.8883965" lon="127.2034145"><time>2026-09-10T06:25:43Z</time><extensions><accuracy>8.0</accuracy></extensions></trkpt>
<trkpt lat="37.8884104" lon="127.2033940"><time>2026-09-10T06:25:44Z</time><extensions><accuracy>6.2</accuracy></extensions></trkpt>
<trkpt lat="37.8884244" lon="127.2033632"><time>2026-09-10T06:25:45Z</time><extensions><accuracy>6.4</accuracy></extensions></trkpt>
<trkpt lat="37.8884431" lon="127.2033363"><time>2026-09-10T06:25:46Z</time><extensions><accuracy>9.8</accuracy></extensions></trkpt>
<trkpt lat="37.8884560" lon="127.2033010"><time>2026-09-10T06:25:47Z</time><extensions><accuracy>6.8</accuracy></extensions></trkpt>
<trkpt lat="37.8884649" lon="127.2032938"><time>2026-09-10T06:25:48Z</time><extensions><accuracy>6.9</accuracy></extensions></trkpt>
<trkpt lat="37.8884770" lon="127.2032763"><time>2026-09-10T06:25:49Z</time><extensions><accuracy>9.7</accuracy></extensions></trkpt>
<trkpt lat="37.8884919" lon="127.2032441"><time>2026-09-10T06:25:50Z</time><extensions><accuracy>9.9</accuracy></extensions></trkpt>
<trkpt lat="37.8885028" lon="127.2032132"><time>2026-09-10T06:25:51Z</time><extensions><accuracy>9.7</accuracy></extensions></trkpt>
<trkpt lat="37.8885240" lon="127.2031892"><time>2026-09-10T06:25:52Z</time><extensions><accuracy>9.6</accuracy></extensions></trkpt>
<trkpt lat="37.8885398" lon="127.2031828"><time>2026-09-10T06:25:53Z</time><extensions><accuracy>6.3</accuracy></extensions></trkpt>
<trkpt lat="37.8885533" lon="127.2031642"><time>2026-09-10T06:25:54Z</time><extensions><accuracy>8.9</accuracy></extensions></trkpt>
<trkpt lat="37.8885669" lon="127.2031386"><time>2026-09-10T06:25:55Z</time><extensions><accuracy>7.8</accuracy></extensions></trkpt>
<trkpt lat="37.8885857" lon="127.2031102"><time>2026-09-10T06:25:56Z</time><extensions><accuracy>9.7</accuracy></extensions></trkpt>
<trkpt lat="37.8886097" lon="127.2030818"><time>2026-09-10T06:25:57Z</time><extensions><accuracy>8.4</accuracy></extensions></trkpt>
<trkpt lat="37.8886349" lon="127.2030592"><time>2026-09-10T06:25:58Z</time><extensions><accuracy>6.5</accuracy></extensions></trkpt>
<trkpt lat="37.8886449" lon="127.2030307"><time>2026-09-10T06:25:59Z</time><extensions><accuracy>7.5</accuracy></extensions></trkpt>
<trkpt lat="37.8886576" lon="127.2029997"><time>2026-09-10T06:26:00Z</time><extensions><accuracy>7.7</accuracy></extensions></trkpt>
<trkpt lat="37.8886726" lon="127.2029746"><time>2026-09-10T06:26:01Z</time><extensions><accuracy>8.3</accuracy></extensions></trkpt>
<trkpt lat="37.8886856" lon="127.2029353"><time>2026-09-10T06:26:02Z</time><extensions><accuracy>7.1</accuracy></extensions></trkpt>
<trkpt lat="37.8887107" lon="127.2029143"><time>2026-09-10T06:26:03Z</time><extensions><accuracy>6.4</accuracy></extensions></trkpt>
<trkpt lat="37.8887325" lon="127.2028873"><time>2026-09-10T06:26:04Z</time><extensions><accuracy>9.8</accuracy></extensions></trkpt>
<trkpt lat="37.8887604" lon="127.2028697"><time>2026-09-10T06:26:05Z</time><extensions><accuracy>8.5</accuracy></extensions></trkpt>
<trkpt lat="37.8887836" lon="127.2028439"><time>2026-09-10T06:26:06Z</time><extensions><accuracy>6.3</accuracy></extensions></trkpt>
<trkpt lat="37.8888001" lon="127.2028235"><time>2026-09-10T06:26:07Z</time><extensions><accuracy>7.2</accuracy></extensions></trkpt>
<trkpt lat="37.8888186" lon="127.2028020"><time>2026-09-10T06:26:08Z</time><extensions><accuracy>7.4</accuracy></extensions></trkpt>
<trkpt lat="37.8888414" lon="127.2027683"><time>2026-09-10T06:26:09Z</time><extensions><accuracy>7.9</accuracy></extensions></trkpt>
<trkpt lat="37.8888638" lon="127.2027511"><time>2026-09-10T06:26:10Z</time><extensions><accuracy>8.2</accuracy></extensions></trkpt>
<trkpt lat="37.8888703" lon="127.2027317"><time>2026-09-10T06:26:11Z</time><extensions><accuracy>7.0</accuracy></extensions></trkpt>
<trkpt lat="37.8888825" lon="127.2027071"><time>2026-09-10T06:26:12Z</time><extensions><accuracy>6.8</accuracy></extensions></trkpt>
<trkpt lat="37.8889124" lon="127.2026910"><time>2026-09-10T06:26:13Z</time><extensions><accuracy>7.8</accuracy></extensions></trkpt>
<trkpt lat="37.8889329" lon="127.2026819"><time>2026-09-10T06:26:14Z</time><extensions><accuracy>9.6</accuracy></extensions></trkpt>
<trkpt lat="37.8889539" lon="127.2026535"><time>2026-09-10T06:26:15Z</time><extensions><accuracy>7.8</accuracy></extensions></trkpt>
<trkpt lat="37.8889772" lon="127.2026297"><time>2026-09-10T06:26:16Z</time><extensions><accuracy>6.2</accuracy></extensions></trkpt>
<trkpt lat="37.8889958" lon="127.2026130"><time>2026-09-10T06:26:17Z</time><extensions><accuracy>6.2</accuracy></extensions></trkpt>
<trkpt lat="37.8890179" lon="127.2025885"><time>2026-09-10T06:26:18Z</time><extensions><accuracy>9.3</accuracy></extensions></trkpt>
<trkpt lat="37.8890477" lon="127.2025794"><time>2026-09-10T06:26:19Z</time><extensions><accuracy>6.5</accuracy></extensions></trkpt>
<trkpt lat="37.8890680" lon="127.2025602"><time>2026-09-10T06:26:20Z</time><extensions><accuracy>7.9</accuracy></extensions></trkpt>
<trkpt lat="37.8890802" lon="127.2025302"><time>2026-09-10T06:26:21Z</time><extensions><accuracy>8.1</accuracy></extensions></trkpt>
<trkpt lat="37.8890873" lon="127.2025115"><time>2026-09-10T06:26:22Z</time><extensions><accuracy>9.1</accuracy></extensions></trkpt>
<trkpt lat="37.8891033" lon="127.2024862"><time>2026-09-10T06:26:23Z</time><extensions><accuracy>8.7</accuracy></extensions></trkpt>
<trkpt lat="37.8891194" lon="127.2024774"><time>2026-09-10T06:26:24Z</time><extensions><accuracy>7.3</accuracy></extensions></trkpt>
<trkpt lat="37.8891352" lon="127.2024435"><time>2026-09-10T06:26:25Z</time><extensions><accuracy>9.5</accuracy></extensions></trkpt>
<trkpt lat="37.8891559" lon="127.2024209"><time>2026-09-10T06:26:26Z</time><extensions><accuracy>6.5</accuracy></extensions></trkpt>
<trkpt lat="37.8891701" lon="127.2024194"><time>2026-09-10T06:26:27Z</time><extensions><accuracy>7.8</accuracy></extensions></trkpt>
<trkpt lat="37.8891853" lon="127.2023915"><time>2026-09-10T06:26:28Z</time><extensions><accuracy>6.4</accuracy></extensions></trkpt>
<trkpt lat="37.8892082" lon="127.2023560"><time>2026-09-10T06:26:29Z</time><extensions><accuracy>6.7</accuracy></extensions></trkpt>
<trkpt lat="37.8892242" lon="127.2023339"><time>2026-09-10T06:26:30Z</time><extensions><accuracy>7.9</accuracy></extensions></trkpt>
<trkpt lat="37.8892430" lon="127.2022967"><time>2026-09-10T06:26:31Z</time><extensions><accuracy>8.4</accuracy></extensions></trkpt>
<trkpt lat="37.8892632" lon="127.2022709"><time>2026-09-10T06:26:32Z</time><extensions><accuracy>9.3</accuracy></extensions></trkpt>
<trkpt lat="37.8892857" lon="127.2022525"><time>2026-09-10T06:26:33Z</time><extensions><accuracy>9.7</accuracy></extensions></trkpt>
<trkpt lat="37.8893026" lon="127.2022215"><time>2026-09-10T06:26:34Z</time><extensions><accuracy>8.2</accuracy></extensions></trkpt>
<trkpt lat="37.8893204" lon="127.2021938"><time>2026-09-10T06:26:35Z</time><extensions><accuracy>8.5</accuracy></extensions></trkpt>
<trkpt lat="37.8893379" lon="127.2021828"><time>2026-09-10T06:26:36Z</time><extensions><accuracy>6.2</accuracy></extensions></trkpt>
<trkpt lat="37.8893513" lon="127.2021674"><time>2026-09-10T06:26:37Z</time><extensions><accuracy>8.9</accuracy></extensions></trkpt>
<trkpt lat="37.8893661" lon="127.2021412"><time>2026-09-10T06:26:38Z</time><extensions><accuracy>9.4</accuracy></extensions></trkpt>
<trkpt lat="37.8893902" lon="127.2021250"><time>2026-09-10T06:26:39Z</time><extensions><accuracy>7.6</accuracy></extensions></trkpt>
<trkpt lat="37.8894036" lon="127.2021042"><time>2026-09-10T06:26:40Z</time><extensions><accuracy>9.9</accuracy></extensions></trkpt>
<trkpt lat="37.8894244" lon="127.2020915"><time>2026-09-10T06:26:41Z</time><extensions><accuracy>8.6</accuracy></extensions></trkpt>
<trkpt lat="37.8894378" lon="127.2020694"><time>2026-09-10T06:26:42Z</time><extensions><accuracy>7.0</accuracy></extensions></trkpt>
<trkpt lat="37.8894584" lon="127.2020422"><time>2026-09-10T06:26:43Z</time><extensions><accuracy>9.2</accuracy></extensions></trkpt>
<trkpt lat="37.8894736" lon="127.2020193"><time>2026-09-10T06:26:44Z</time><extensions><accuracy>10.0</accuracy></extensions></trkpt>
<trkpt lat="37.8894994" lon="127.2020002"><time>2026-09-10T06:26:45Z</time><extensions><accuracy>6.6</accuracy></extensions></trkpt>
<trkpt lat="37.8895193" lon="127.2019842"><time>2026-09-10T06:26:46Z</time><extensions><accuracy>8.5</accuracy></extensions></trkpt>
<trkpt lat="37.8895424" lon="127.2019680"><time>2026-09-10T06:26:47Z</time><extensions><accuracy>7.9</accuracy></extensions></trkpt>
<trkpt lat="37.8895618" lon="127.2019416"><time>2026-09-10T06:26:48Z</time><extensions><accuracy>8.0</accuracy></extensions></trkpt>
<trkpt lat="37.8895808" lon="127.2019257"><time>2026-09-10T06:26:49Z</time><extensions><accuracy>8.8</accuracy></extensions></trkpt>
<trkpt lat="37.8895962" lon="127.2018977"><time>2026-09-10T06:26:50Z</time><extensions><accuracy>9.2</accuracy></extensions></trkpt>
<trkpt lat="37.8896148" lon="127.2018784"><time>2026-09-10T06:26:51Z</time><extensions><accuracy>9.0</accuracy></extensions></trkpt>
<trkpt lat="37.8896276" lon="127.2018568"><time>2026-09-10T06:26:52Z</time><extensions><accuracy>6.6</accuracy></extensions></trkpt>
<trkpt lat="37.8896474" lon="127.2018222"><time>2026-09-10T06:26:53Z</time><extensions><accuracy>6.1</accuracy></extensions></trkpt>
<trkpt lat="37.8896734" lon="127.2017988"><time>2026-09-10T06:26:54Z</time><extensions><accuracy>8.4</accuracy></extensions></trkpt>
<trkpt lat="37.8897012" lon="127.2017826"><time>2026-09-10T06:26:55Z</time><extensions><accuracy>9.0</accuracy></extensions></trkpt>
<trkpt lat="37.8897250" lon="127.2017493"><time>2026-09-10T06:26:56Z</time><extensions><accuracy>9.0</accuracy></extensions></trkpt>
<trkpt lat="37.8897543" lon="127.2017359"><time>2026-09-10T06:26:57Z</time><extensions><accuracy>7.6</accuracy></extensions></trkpt>
<trkpt lat="37.8897849" lon="127.2017138"><time>2026-09-10T06:26:58Z</time><extensions><accuracy>9.9</accuracy></extensions></trkpt>
<trkpt lat="37.8897993" lon="127.2016823"><time>2026-09-10T06:26:59Z</time><extensions><accuracy>6.1</accuracy></extensions></trkpt>
<trkpt lat="37.8898137" lon="127.2016598"><time>2026-09-10T06:27:00Z</time><extensions><accuracy>7.2</accuracy></extensions></trkpt>
<trkpt lat="37.8898361" lon="127.2016425"><time>2026-09-10T06:27:01Z</time><extensions><accuracy>7.5</accuracy></extensions></trkpt>
<trkpt lat="37.8898562" lon="127.2016146"><time>2026-09-10T06:27:02Z</time><extensions><accuracy>6.7</accuracy></extensions></trkpt>
<trkpt lat="37.8898790" lon="127.2015960"><time>2026-09-10T06:27:03Z</time><extensions><accuracy>7.9</accuracy></extensions></trkpt>
<trkpt lat="37.8899096" lon="127.2015843"><time>2026-09-10T06:27:04Z</time><extensions><accuracy>7.0</accuracy></extensions></trkpt>
<trkpt lat="37.8899244" lon="127.2015638"><time>2026-09-10T06:27:05Z</time><extensions><accuracy>7.2</accuracy></extensions></trkpt>
<trkpt lat="37.8899441" lon="127.2015522"><time>2026-09-10T06:27:06Z</time><extensions><accuracy>8.2</accuracy></extensions></trkpt>
<trkpt lat="37.8899594" lon="127.2015391"><time>2026-09-10T06:27:07Z</time><extensions><accuracy>9.2</accuracy></extensions></trkpt>
<trkpt lat="37.8899888" lon="127.2015271"><time>2026-09-10T06:27:08Z</time><extensions><accuracy>8.2</accuracy></extensions></trkpt>
<trkpt lat="37.8900069" lon="127.2015164"><time>2026-09-10T06:27:09Z</time><extensions><accuracy>7.4</accuracy></extensions></trkpt>
<trkpt lat="37.8900262" lon="127.2014900"><time>2026-09-10T06:27:10Z</time><extensions><accuracy>6.2</accuracy></extensions></trkpt>
<trkpt lat="37.8900356" lon="127.2014770"><time>2026-09-10T06:27:11Z</time><extensions><accuracy>9.2</accuracy></extensions></trkpt>
<trkpt lat="37.8900466" lon="127.2014585"><time>2026-09-10T06:27:12Z</time><extensions><accuracy>7.6</accuracy></extensions></trkpt>
<trkpt lat="37.8900630" lon="127.2014443"><time>2026-09-10T06:27:13Z</time><extensions><accuracy>7.2</accuracy></extensions></trkpt>
<trkpt lat="37.8900955" lon="127.2014259"><time>2026-09-10T06:27:14Z</time><extensions><accuracy>6.2</accuracy></extensions></trkpt>
<trkpt lat="37.8901290" lon="127.2014118"><time>2026-09-10T06:27:15Z</time><extensions><accuracy>9.1</accuracy></extensions></trkpt>
<trkpt lat="37.8901542" lon="127.2013926"><time>2026-09-10T06:27:16Z</time><extensions><accuracy>6.5</accuracy></extensions></trkpt>
<trkpt lat="37.8901749" lon="127.2013758"><time>2026-09-10T06:27:17Z</time><extensions><accuracy>6.1</accuracy></extensions></trkpt>
<trkpt lat="37.8902025" lon="127.2013707"><time>2026-09-10T06:27:18Z</time><extensions><accuracy>9.3</accuracy></extensions></trkpt>
<trkpt lat="37.8902289" lon="127.2013627"><time>2026-09-10T06:27:19Z</time><extensions><accuracy>6.2</accuracy></extensions></trkpt>
<trkpt lat="37.8902486" lon="127.2013431"><time>2026-09-10T06:27:20Z</time><extensions><accuracy>8.4</accuracy></extensions></trkpt>
<trkpt lat="37.8902749" lon="127.2013169"><time>2026-09-10T06:27:21Z</time><extensions><accuracy>8.3</accuracy></extensions></trkpt>
<trkpt lat="37.8902916" lon="127.2012894"><time>2026-09-10T06:27:22Z</time><extensions><accuracy>9.4</accuracy></extensions></trkpt>
<trkpt lat="37.8903044" lon="127.2012765"><time>2026-09-10T06:27:23Z</time><extensions><accuracy>8.0</accuracy></extensions></trkpt>
<trkpt lat="37.8903269" lon="127.2012671"><time>2026-09-10T06:27:24Z</time><extensions><accuracy>9.3</accuracy></extensions></trkpt>
<trkpt lat="37.8903480" lon="127.2012559"><time>2026-09-10T06:27:25Z</time><extensions><accuracy>9.3</accuracy></extensions></trkpt>
<trkpt lat="37.8903718" lon="127.2012404"><time>2026-09-10T06:27:26Z</time><extensions><accuracy>9.2</accuracy></extensions></trkpt>
<trkpt lat="37.8903852" lon="127.2012249"><time>2026-09-10T06:27:27Z</time><extensions><accuracy>6.2</accuracy></extensions></trkpt>
<trkpt lat="37.8904016" lon="127.2012047"><time>2026-09-10T06:27:28Z</time><extensions><accuracy>8.6</accuracy></extensions></trkpt>
<trkpt lat="37.8904191" lon="127.2011963"><time>2026-09-10T06:27:29Z</time><extensions><accuracy>6.4</accuracy></extensions></trkpt>
<trkpt lat="37.8904327" lon="127.2011817"><time>2026-09-10T06:27:30Z</time><extensions><accuracy>10.0</accuracy></extensions></trkpt>
<trkpt lat="37.8904488" lon="127.2011597"><time>2026-09-10T06:27:31Z</time><extensions><accuracy>8.6</accuracy></extensions></trkpt>
<trkpt lat="37.8904720" lon="127.2011500"><time>2026-09-10T06:27:32Z</time><extensions><accuracy>6.4</accuracy></extensions></trkpt>
<trkpt lat="37.8904907" lon="127.2011496"><time>2026-09-10T06:27:33Z</time><extensions><accuracy>7.7</accuracy></extensions></trkpt>
<trkpt lat="37.8905221" lon="127.2011386"><time>2026-09-10T06:27:34Z</time><extensions><accuracy>6.4</accuracy></extensions></trkpt>
<trkpt lat="37.8905485" lon="127.2011250"><time>2026-09-10T06:27:35Z</time><extensions><accuracy>6.3</accuracy></extensions></trkpt>
<trkpt lat="37.8905631" lon="127.2011096"><time>2026-09-10T06:27:36Z</time><extensions><accuracy>7.6</accuracy></extensions></trkpt>
<trkpt lat="37.8905895" lon="127.2010918"><time>2026-09-10T06:27:37Z</time><extensions><accuracy>9.0</accuracy></extensions></trkpt>
<trkpt lat="37.8906091" lon="127.2010798"><time>2026-09-10T06:27:38Z</time><extensions><accuracy>7.8</accuracy></extensions></trkpt>
<trkpt lat="37.8906340" lon="127.2010607"><time>2026-09-10T06:27:39Z</time><extensions><accuracy>8.2</accuracy></extensions></trkpt>
<trkpt lat="37.8906613" lon="127.2010495"><time>2026-09-10T06:27:40Z</time><extensions><accuracy>6.6</accuracy></extensions></trkpt>
<trkpt lat="37.8906816" lon="127.2010320"><time>2026-09-10T06:27:41Z</time><extensions><accuracy>10.0</accuracy></extensions></trkpt>
<trkpt lat="37.8907053" lon="127.2010249"><time>2026-09-10T06:27:42Z</time><extensions><accuracy>9.9</accuracy></extensions></trkpt>
<trkpt lat="37.8907388" lon="127.2010075"><time>2026-09-10T06:27:43Z</time><extensions><accuracy>8.4</accuracy></extensions></trkpt>
<trkpt lat="37.8907678" lon="127.2009905"><time>2026-09-10T06:27:44Z</time><extensions><accuracy>7.4</accuracy></extensions></trkpt>
<trkpt lat="37.8907863" lon="127.2009854"><time>2026-09-10T06:27:45Z</time><extensions><accuracy>9.3</accuracy></extensions></trkpt>
<trkpt lat="37.8908189" lon="127.2009701"><time>2026-09-10T06:27:46Z</time><extensions><accuracy>8.9</accuracy></extensions></trkpt>
<trkpt lat="37.8908479" lon="127.2009609"><time>2026-09-10T06:27:47Z</time><extensions><accuracy>8.4</accuracy></extensions></trkpt>
<trkpt lat="37.8908815" lon="127.2009389"><time>2026-09-10T06:27:48Z</time><extensions><accuracy>6.5</accuracy></extensions></trkpt>
<trkpt lat="37.8909079" lon="127.2009306"><time>2026-09-10T06:27:49Z</time><extensions><accuracy>9.5</accuracy></extensions></trkpt>
<trkpt lat="37.8909303" lon="127.2009022"><time>2026-09-10T06:27:50Z</time><extensions><accuracy>8.5</accuracy></extensions></trkpt>
<trkpt lat="37.8909507" lon="127.2008892"><time>2026-09-10T06:27:51Z</time><extensions><accuracy>6.5</accuracy></extensions></trkpt>
<trkpt lat="37.8909636" lon="127.2008766"><time>2026-09-10T06:27:52Z</time><extensions><accuracy>9.9</accuracy></extensions></trkpt>
<trkpt lat="37.8909864" lon="127.2008690"><time>2026-09-10T06:27:53Z</time><extensions><accuracy>9.5</accuracy></extensions></trkpt>
<trkpt lat="37.8910023" lon="127.2008650"><time>2026-09-10T06:27:54Z</time><extensions><accuracy>8.6</accuracy></extensions></trkpt>
<trkpt lat="37.8910174" lon="127.2008465"><time>2026-09-10T06:27:55Z</time><extensions><accuracy>7.6</accuracy></extensions></trkpt>
<trkpt lat="37.8910495" lon="127.2008306"><time>2026-09-10T06:27:56Z</time><extensions><accuracy>7.5</accuracy></extensions></trkpt>
<trkpt lat="37.8910636" lon="127.2008139"><time>2026-09-10T06:27:57Z</time><extensions><accuracy>7.1</accuracy></extensions></trkpt>
<trkpt lat="37.8910885" lon="127.2008069"><time>2026-09-10T06:27:58Z</time><extensions><accuracy>6.9</accuracy></extensions></trkpt>
<trkpt lat="37.8911138" lon="127.2007858"><time>2026-09-10T06:27:59Z</time><extensions><accuracy>8.4</accuracy></extensions></trkpt>
<trkpt lat="37.8911339" lon="127.2007734"><time>2026-09-10T06:28:00Z</time><extensions><accuracy>8.0</accuracy></extensions></trkpt>
<trkpt lat="37.8911567" lon="127.2007504"><time>2026-09-10T06:28:01Z</time><extensions><accuracy>7.3</accuracy></extensions></trkpt>
<trkpt lat="37.8911873" lon="127.2007287"><time>2026-09-10T06:28:02Z</time><extensions><accuracy>6.3</accuracy></extensions></trkpt>
<trkpt lat="37.8912089" lon="127.2007107"><time>2026-09-10T06:28:03Z</time><extensions><accuracy>9.4</accuracy></extensions></trkpt>
<trkpt lat="37.8912264" lon="127.2007047"><time>2026-09-10T06:28:04Z</time><extensions><accuracy>7.1</accuracy></extensions></trkpt>
<trkpt lat="37.8912512" lon="127.2007034"><time>2026-09-10T06:28:05Z</time><extensions><accuracy>6.2</accuracy></extensions></trkpt>
<trkpt lat="37.8912762" lon="127.2006933"><time>2026-09-10T06:28:06Z</time><extensions><accuracy>9.4</accuracy></extensions></trkpt>
<trkpt lat="37.8913009" lon="127.2006742"><time>2026-09-10T06:28:07Z</time><extensions><accuracy>7.0</accuracy></extensions></trkpt>
<trkpt lat="37.8913157" lon="127.2006551"><time>2026-09-10T06:28:08Z</time><extensions><accuracy>7.2</accuracy></extensions></trkpt>
<trkpt lat="37.8913295" lon="127.2006371"><time>2026-09-10T06:28:09Z</time><extensions><accuracy>8.3</accuracy></extensions></trkpt>
<trkpt lat="37.8913483" lon="127.2006207"><time>2026-09-10T06:28:10Z</time><extensions><accuracy>8.2</accuracy></extensions></trkpt>
<trkpt lat="37.8913778" lon="127.2006065"><time>2026-09-10T06:28:11Z</time><extensions><accuracy>9.5</accuracy></extensions></trkpt>
<trkpt lat="37.8914025" lon="127.2005941"><time>2026-09-10T06:28:12Z</time><extensions><accuracy>8.5</accuracy></extensions></trkpt>
<trkpt lat="37.8914212" lon="127.2005922"><time>2026-09-10T06:28:13Z</time><extensions><accuracy>7.4</accuracy></extensions></trkpt>
<trkpt lat="37.8914380" lon="127.2005770"><time>2026-09-10T06:28:14Z</time><extensions><accuracy>9.1</accuracy></extensions></trkpt>
<trkpt lat="37.8914559" lon="127.2005752"><time>2026-09-10T06:28:15Z</time><extensions><accuracy>9.1</accuracy></extensions></trkpt>
<trkpt lat="37.8914702" lon="127.2005672"><time>2026-09-10T06:28:16Z</time><extensions><accuracy>9.1</accuracy></extensions></trkpt>
<trkpt lat="37.8914874" lon="127.2005491"><time>2026-09-10T06:28:17Z</time><extensions><accuracy>6.1</accuracy></extensions></trkpt>
<trkpt lat="37.8915171" lon="127.2005444"><time>2026-09-10T06:28:18Z</time><extensions><accuracy>8.8</accuracy></extensions></trkpt>
<trkpt lat="37.8915378" lon="127.2005173"><time>2026-09-10T06:28:19Z</time><extensions><accuracy>8.5</accuracy></extensions></trkpt>
<trkpt lat="37.8915638" lon="127.2005183"><time>2026-09-10T06:28:20Z</time><extensions><accuracy>6.4</accuracy></extensions></trkpt>
<trkpt lat="37.8915863" lon="127.2005094"><time>2026-09-10T06:28:21Z</time><extensions><accuracy>6.2</accuracy></extensions></trkpt>
<trkpt lat="37.8916087" lon="127.2004971"><time>2026-09-10T06:28:22Z</time><extensions><accuracy>8.5</accuracy></extensions></trkpt>
<trkpt lat="37.8916304" lon="127.2004927"><time>2026-09-10T06:28:23Z</time><extensions><accuracy>6.6</accuracy></extensions></trkpt>
<trkpt lat="37.8916505" lon="127.2004796"><time>2026-09-10T06:28:24Z</time><extensions><accuracy>8.0</accuracy></extensions></trkpt>
<trkpt lat="37.8916854" lon="127.2004753"><time>2026-09-10T06:28:25Z</time><extensions><accuracy>6.1</accuracy></extensions></trkpt>
<trkpt lat="37.8917150" lon="127.2004629"><time>2026-09-10T06:28:26Z</time><extensions><accuracy>6.8</accuracy></extensions></trkpt>
<trkpt lat="37.8917368" lon="127.2004522"><time>2026-09-10T06:28:27Z</time><extensions><accuracy>6.7</accuracy></extensions></trkpt>
<trkpt lat="37.8917562" lon="127.2004392"><time>2026-09-10T06:28:28Z</time><extensions><accuracy>7.0</accuracy></extensions></trkpt>
<trkpt lat="37.8917779" lon="127.2004256"><time>2026-09-10T06:28:29Z</time><extensions><accuracy>6.3</accuracy></extensions></trkpt>
<trkpt lat="37.8918034" lon="127.2004208"><time>2026-09-10T06:28:30Z</time><extensions><accuracy>9.8</accuracy></extensions></trkpt>
<trkpt lat="37.8918316" lon="127.2003982"><time>2026-09-10T06:28:31Z</time><extensions><accuracy>7.1</accuracy></extensions></trkpt>
<trkpt lat="37.8918565" lon="127.2003971"><time>2026-09-10T06:28:32Z</time><extensions><accuracy>9.2</accuracy></extensions></trkpt>
<trkpt lat="37.8918677" lon="127.2003858"><time>2026-09-10T06:28:33Z</time><extensions><accuracy>8.2</accuracy></extensions></trkpt>
<trkpt lat="37.8918892" lon="127.2003773"><time>2026-09-10T06:28:34Z</time><extensions><accuracy>9.1</accuracy></extensions></trkpt>
<trkpt lat="37.8919245" lon="127.2003684"><time>2026-09-10T06:28:35Z</time><extensions><accuracy>10.0</accuracy></extensions></trkpt>
<trkpt lat="37.8919486" lon="127.2003434"><time>2026-09-10T06:28:36Z</time><extensions><accuracy>9.0</accuracy></extensions></trkpt>
<trkpt lat="37.8919668" lon="127.2003318"><time>2026-09-10T06:28:37Z</time><extensions><accuracy>9.0</accuracy></extensions></trkpt>
<trkpt lat="37.8919988" lon="127.2003280"><time>2026-09-10T06:28:38Z</time><extensions><accuracy>8.4</accuracy></extensions></trkpt>
<trkpt lat="37.8920248" lon="127.2003183"><time>2026-09-10T06:28:39Z</time><extensions><accuracy>6.4</accuracy></extensions></trkpt>
<trkpt lat="37.8920489" lon="127.2003072"><time>2026-09-10T06:28:40Z</time><extensions><accuracy>7.1</accuracy></extensions></trkpt>
<trkpt lat="37.8920598" lon="127.2003014"><time>2026-09-10T06:28:41Z</time><extensions><accuracy>6.8</accuracy></extensions></trkpt>
<trkpt lat="37.8920856" lon="127.2002952"><time>2026-09-10T06:28:42Z</time><extensions><accuracy>9.9</accuracy></extensions></trkpt>
<trkpt lat="37.8921127" lon="127.2002785"><time>2026-09-10T06:28:43Z</time><extensions><accuracy>6.7</accuracy></extensions></trkpt>
<trkpt lat="37.8921314" lon="127.2002718"><time>2026-09-10T06:28:44Z</time><extensions><accuracy>9.4</accuracy></extensions></trkpt>
<trkpt lat="37.8921492" lon="127.2002752"><time>2026-09-10T06:28:45Z</time><extensions><accuracy>9.3</accuracy></extensions></trkpt>
<trkpt lat="37.8921756" lon="127.2002694"><time>2026-09-10T06:28:46Z</time><extensions><accuracy>8.3</accuracy></extensions></trkpt>
<trkpt lat="37.8921926" lon="127.2002803"><time>2026-09-10T06:28:47Z</time><extensions><accuracy>7.9</accuracy></extensions></trkpt>
<trkpt lat="37.8922090" lon="127.2002742"><time>2026-09-10T06:28:48Z</time><extensions><accuracy>6.2</accuracy></extensions></trkpt>
<trkpt lat="37.8922326" lon="127.2002603"><time>2026-09-10T06:28:49Z</time><extensions><accuracy>7.3</accuracy></extensions></trkpt>
<trkpt lat="37.8922653" lon="127.2002574"><time>2026-09-10T06:28:50Z</time><extensions><accuracy>6.9</accuracy></extensions></trkpt>
<trkpt lat="37.8922862" lon="127.2002479"><time>2026-09-10T06:28:51Z</time><extensions><accuracy>8.7</accuracy></extensions></trkpt>
<trkpt lat="37.8923171" lon="127.2002537"><time>2026-09-10T06:28:52Z</time><extensions><accuracy>6.4</accuracy></extensions></trkpt>
<trkpt lat="37.8923399" lon="127.2002434"><time>2026-09-10T06:28:53Z</time><extensions><accuracy>7.5</accuracy></extensions></trkpt>
<trkpt lat="37.8923810" lon="127.2002448"><time>2026-09-10T06:28:54Z</time><extensions><accuracy>7.0</accuracy></extensions></trkpt>
<trkpt lat="37.8924028" lon="127.2002389"><time>2026-09-10T06:28:55Z</time><extensions><accuracy>7.1</accuracy></extensions></trkpt>
<trkpt lat="37.8924332" lon="127.2002301"><time>2026-09-10T06:28:56Z</time><extensions><accuracy>7.8</accuracy></extensions></trkpt>
<trkpt lat="37.8924514" lon="127.2002279"><time>2026-09-10T06:28:57Z</time><extensions><accuracy>6.0</accuracy></extensions></trkpt>
<trkpt lat="37.8924846" lon="127.2002229"><time>2026-09-10T06:28:58Z</time><extensions><accuracy>7.4</accuracy></extensions></trkpt>
<trkpt lat="37.8925213" lon="127.2002040"><time>2026-09-10T06:28:59Z</time><extensions><accuracy>7.7</accuracy></extensions></trkpt>
<trkpt lat="37.8925460" lon="127.2001855"><time>2026-09-10T06:29:00Z</time><extensions><accuracy>8.4</accuracy></extensions></trkpt>
<trkpt lat="37.8925622" lon="127.2001722"><time>2026-09-10T06:29:01Z</time><extensions><accuracy>6.3</accuracy></extensions></trkpt>
<trkpt lat="37.8925786" lon="127.2001605"><time>2026-09-10T06:29:02Z</time><extensions><accuracy>9.1</accuracy></extensions></trkpt>
<trkpt lat="37.8926053" lon="127.2001506"><time>2026-09-10T06:29:03Z</time><extensions><accuracy>9.2</accuracy></extensions></trkpt>
<trkpt lat="37.8926319" lon="127.2001435"><time>2026-09-10T06:29:04Z</time><extensions><accuracy>9.9</accuracy></extensions></trkpt>
<trkpt lat="37.8926624" lon="127.2001432"><time>2026-09-10T06:29:05Z</time><extensions><accuracy>7.2</accuracy></extensions></trkpt>
<trkpt lat="37.8926819" lon="127.2001407"><time>2026-09-10T06:29:06Z</time><extensions><accuracy>6.6</accuracy></extensions></trkpt>
<trkpt lat="37.8927055" lon="127.2001388"><time>2026-09-10T06:29:07Z</time><extensions><accuracy>8.3</accuracy></extensions></trkpt>
<trkpt lat="37.8927347" lon="127.2001296"><time>2026-09-10T06:29:08Z</time><extensions><accuracy>6.0</accuracy></extensions></trkpt>
<trkpt lat="37.8927611" lon="127.2001259"><time>2026-09-10T06:29:09Z</time><extensions><accuracy>8.6</accuracy></extensions></trkpt>
<trkpt lat="37.8927772" lon="127.2001086"><time>2026-09-10T06:29:10Z</time><extensions><accuracy>8.1</accuracy></extensions></trkpt>
<trkpt lat="37.8928128" lon="127.2000912"><time>2026-09-10T06:29:11Z</time><extensions><accuracy>7.1</accuracy></extensions></trkpt>
<trkpt lat="37.8928350" lon="127.2000864"><time>2026-09-10T06:29:12Z</time><extensions><accuracy>7.5</accuracy></extensions></trkpt>
<trkpt lat="37.8928624" lon="127.2000702"><time>2026-09-10T06:29:13Z</time><extensions><accuracy>8.7</accuracy></extensions></trkpt>
<trkpt lat="37.8928853" lon="127.2000709"><time>2026-09-10T06:29:14Z</time><extensions><accuracy>8.4</accuracy></extensions></trkpt>
<trkpt lat="37.8929086" lon="127.2000666"><time>2026-09-10T06:29:15Z</time><extensions><accuracy>7.7</accuracy></extensions></trkpt>
<trkpt lat="37.8929379" lon="127.2000564"><time>2026-09-10T06:29:16Z</time><extensions><accuracy>7.3</accuracy></extensions></trkpt>
<trkpt lat="37.8929672" lon="127.2000596"><time>2026-09-10T06:29:17Z</time><extensions><accuracy>9.7</accuracy></extensions></trkpt>
<trkpt lat="37.8929818" lon="127.2000426"><time>2026-09-10T06:29:18Z</time><extensions><accuracy>7.0</accuracy></extensions></trkpt>
<trkpt lat="37.8930156" lon="127.2000375"><time>2026-09-10T06:29:19Z</time><extensions><accuracy>8.5</accuracy></extensions></trkpt>
<trkpt lat="37.8930439" lon="127.2000264"><time>2026-09-10T06:29:20Z</time><extensions><accuracy>6.8</accuracy></extensions></trkpt>
<trkpt lat="37.8930704" lon="127.2000231"><time>2026-09-10T06:29:21Z</time><extensions><accuracy>8.7</accuracy></extensions></trkpt>
<trkpt lat="37.8930946" lon="127.2000213"><time>2026-09-10T06:29:22Z</time><extensions><accuracy>9.1</accuracy></extensions></trkpt>
<trkpt lat="37.8931125" lon="127.2000196"><time>2026-09-10T06:29:23Z</time><extensions><accuracy>8.3</accuracy></extensions></trkpt>
<trkpt lat="37.8931425" lon="127.2000231"><time>2026-09-10T06:29:24Z</time><extensions><accuracy>7.3</accuracy></extensions></trkpt>
<trkpt lat="37.8931668" lon="127.2000202"><time>2026-09-10T06:29:25Z</time><extensions><accuracy>9.4</accuracy></extensions></trkpt>
<trkpt lat="37.8931840" lon="127.2000309"><time>2026-09-10T06:29:26Z</time><extensions><accuracy>8.3</accuracy></extensions></trkpt>
<trkpt lat="37.8932051" lon="127.2000324"><time>2026-09-10T06:29:27Z</time><extensions><accuracy>9.2</accuracy></extensions></trkpt>
<trkpt lat="37.8932267" lon="127.2000320"><time>2026-09-10T06:29:28Z</time><extensions><accuracy>6.1</accuracy></extensions></trkpt>
<trkpt lat="37.8932449" lon="127.2000291"><time>2026-09-10T06:29:29Z</time><extensions><accuracy>9.1</accuracy></extensions></trkpt>
<trkpt lat="37.8932726" lon="127.2000302"><time>2026-09-10T06:29:30Z</time><extensions><accuracy>6.4</accuracy></extensions></trkpt>
<trkpt lat="37.8933014" lon="127.2000321"><time>2026-09-10T06:29:31Z</time><extensions><accuracy>6.6</accuracy></extensions></trkpt>
<trkpt lat="37.8933205" lon="127.2000291"><time>2026-09-10T06:29:32Z</time><extensions><accuracy>8.2</accuracy></extensions></trkpt>
<trkpt lat="37.8933510" lon="127.2000293"><time>2026-09-10T06:29:33Z</time><extensions><accuracy>8.0</accuracy></extensions></trkpt>
<trkpt lat="37.8933842" lon="127.2000283"><time>2026-09-10T06:29:34Z</time><extensions><accuracy>8.6</accuracy></extensions></trkpt>
<trkpt lat="37.8934232" lon="127.2000230"><time>2026-09-10T06:29:35Z</time><extensions><accuracy>9.7</accuracy></extensions></trkpt>
<trkpt lat="37.8934462" lon="127.2000236"><time>2026-09-10T06:29:36Z</time><extensions><accuracy>7.3</accuracy></extensions></trkpt>
<trkpt lat="37.8934668" lon="127.2000144"><time>2026-09-10T06:29:37Z</time><extensions><accuracy>6.2</accuracy></extensions></trkpt>
<trkpt lat="37.8934894" lon="127.1999990"><time>2026-09-10T06:29:38Z</time><extensions><accuracy>6.2</accuracy></extensions></trkpt>
<trkpt lat="37.8935095" lon="127.2000018"><time>2026-09-10T06:29:39Z</time><extensions><accuracy>8.5</accuracy></extensions></trkpt>
<trkpt lat="37.8935334" lon="127.2000218"><time>2026-09-10T06:29:40Z</time><extensions><accuracy>6.2</accuracy></extensions></trkpt>
<trkpt lat="37.8935634" lon="127.2000319"><time>2026-09-10T06:29:41Z</time><extensions><accuracy>9.4</accuracy></extensions></trkpt>
<trkpt lat="37.8935899" lon="127.2000356"><time>2026-09-10T06:29:42Z</time><extensions><accuracy>6.1</accuracy></extensions></trkpt>
<trkpt lat="37.8936180" lon="127.2000213"><time>2026-09-10T06:29:43Z</time><extensions><accuracy>6.7</accuracy></extensions></trkpt>
<trkpt lat="37.8936359" lon="127.2000127"><time>2026-09-10T06:29:44Z</time><extensions><accuracy>9.1</accuracy></extensions></trkpt>
<trkpt lat="37.8936632" lon="127.2000012"><time>2026-09-10T06:29:45Z</time><extensions><accuracy>9.7</accuracy></extensions></trkpt>
<trkpt lat="37.8936935" lon="127.2000005"><time>2026-09-10T06:29:46Z</time><extensions><accuracy>10.0</accuracy></extensions></trkpt>
<trkpt lat="37.8937175" lon="127.1999957"><time>2026-09-10T06:29:47Z</time><extensions><accuracy>8.1</accuracy></extensions></trkpt>
<trkpt lat="37.8937340" lon="127.1999929"><time>2026-09-10T06:29:48Z</time><extensions><accuracy>7.8</accuracy></extensions></trkpt>
<trkpt lat="37.8937445" lon="127.1999960"><time>2026-09-10T06:29:49Z</time><extensions><accuracy>9.1</accuracy></extensions></trkpt>
<trkpt lat="37.8937745" lon="127.1999883"><time>2026-09-10T06:29:50Z</time><extensions><accuracy>6.7</accuracy></extensions></trkpt>
<trkpt lat="37.8938084" lon="127.1999806"><time>2026-09-10T06:29:51Z</time><extensions><accuracy>9.1</accuracy></extensions></trkpt>
<trkpt lat="37.8938297" lon="127.1999833"><time>2026-09-10T06:29:52Z</time><extensions><accuracy>9.5</accuracy></extensions></trkpt>
<trkpt lat="37.8938475" lon="127.1999843"><time>2026-09-10T06:29:53Z</time><extensions><accuracy>7.7</accuracy></extensions></trkpt>
<trkpt lat="37.8938742" lon="127.1999838"><time>2026-09-10T06:29:54Z</time><extensions><accuracy>8.8</accuracy></extensions></trkpt>
<trkpt lat="37.8938995" lon="127.1999910"><time>2026-09-10T06:29:55Z</time><extensions><accuracy>6.5</accuracy></extensions></trkpt>
<trkpt lat="37.8939281" lon="127.1999915"><time>2026-09-10T06:29:56Z</time><extensions><accuracy>7.4</accuracy></extensions></trkpt>
<trkpt lat="37.8939484" lon="127.1999899"><time>2026-09-10T06:29:57Z</time><extensions><accuracy>6.8</accuracy></extensions></trkpt>
<trkpt lat="37.8939822" lon="127.1999908"><time>2026-09-10T06:29:58Z</time><extensions><accuracy>9.4</accuracy></extensions></trkpt>
<trkpt lat="37.8940080" lon="127.1999863"><time>2026-09-10T06:29:59Z</time><extensions><accuracy>7.4</accuracy></extensions></trkpt>
<trkpt lat="37.8940336" lon="127.1999909"><time>2026-09-10T06:30:00Z</time><extensions><accuracy>9.7</accuracy></extensions></trkpt>
</trkseg></trk>
</gpx>