<?xml version="1.0" encoding="UTF-8"?>
<gpx version="1.1" creator="runaway-sim" xmlns="http://www.topografix.com/GPX/1/1">
<trk><name>intervals</name><trkseg>
<trkpt lat="37.8940490" lon="127.2000088"><time>2026-09-10T06:00:00Z</time><extensions><accuracy>6.9</accuracy></extensions></trkpt>
<trkpt lat="37.8940989" lon="127.2000146"><time>2026-09-10T06:00:01Z</time><extensions><accuracy>6.6</accuracy></extensions></trkpt>
<trkpt lat="37.8941439" lon="127.1999916"><time>2026-09-10T06:00:02Z</time><extensions><accuracy>9.7</accuracy></extensions></trkpt>
<trkpt lat="37.8941738" lon="127.1999905"><time>2026-09-10T06:00:03Z</time><extensions><accuracy>6.9</accuracy></extensions></trkpt>
<trkpt lat="37.8942192" lon="127.1999984"><time>2026-09-10T06:00:04Z</time><extensions><accuracy>6.7</accuracy></extensions></trkpt>
<trkpt lat="37.8942679" lon="127.1999776"><time>2026-09-10T06:00:05Z</time><extensions><accuracy>9.7</accuracy></extensions></trkpt>
<trkpt lat="37.8943098" lon="127.1999923"><time>2026-09-10T06:00:06Z</time><extensions><accuracy>9.2</accuracy></extensions></trkpt>
<trkpt lat="37.8943457" lon="127.1999673"><time>2026-09-10T06:00:07Z</time><extensions><accuracy>8.5</accuracy></extensions></trkpt>
<trkpt lat="37.8943974" lon="127.1999819"><time>2026-09-10T06:00:08Z</time><extensions><accuracy>9.5</accuracy></extensions></trkpt>
<trkpt lat="37.8944284" lon="127.1999857"><time>2026-09-10T06:00:09Z</time><extensions><accuracy>8.7</accuracy></extensions></trkpt>
<trkpt lat="37.8944891" lon="127.2000078"><time>2026-09-10T06:00:10Z</time><extensions><accuracy>7.9</accuracy></extensions></trkpt>
<trkpt lat="37.8945174" lon="127.2000080"><time>2026-09-10T06:00:11Z</time><extensions><accuracy>9.5</accuracy></extensions></trkpt>
<trkpt lat="37.8945345" lon="127.1999992"><time>2026-09-10T06:00:12Z</time><extensions><accuracy>9.6</accuracy></extensions></trkpt>
<trkpt lat="37.8945620" lon="127.2000035"><time>2026-09-10T06:00:13Z</time><extensions><accuracy>9.4</accuracy></extensions></trkpt>
<trkpt lat="37.8945957" lon="127.2000123"><time>2026-09-10T06:00:14Z</time><extensions><accuracy>8.4</accuracy></extensions></trkpt>
<trkpt lat="37.8946369" lon="127.2000138"><time>2026-09-10T06:00:15Z</time><extensions><accuracy>7.2</accuracy></extensions></trkpt>
<trkpt lat="37.8946704" lon="127.2000113"><time>2026-09-10T06:00:16Z</time><extensions><accuracy>6.2</accuracy></extensions></trkpt>
<trkpt lat="37.8947005" lon="127.2000201"><time>2026-09-10T06:00:17Z</time><extensions><accuracy>8.1</accuracy></extensions></trkpt>
<trkpt lat="37.8947450" lon="127.2000404"><time>2026-09-10T06:00:18Z</time><extensions><accuracy>10.0</accuracy></extensions></trkpt>
<trkpt lat="37.8947793" lon="127.2000380"><time>2026-09-10T06:00:19Z</time><extensions><accuracy>6.8</accuracy></extensions></trkpt>
<trkpt lat="37.8948198" lon="127.2000322"><time>2026-09-10T06:00:20Z</time><extensions><accuracy>7.4</accuracy></extensions></trkpt>
<trkpt lat="37.8948646" lon="127.2000360"><time>2026-09-10T06:00:21Z</time><extensions><accuracy>8.2</accuracy></extensions></trkpt>
<trkpt lat="37.8949074" lon="127.2000680"><time>2026-09-10T06:00:22Z</time><extensions><accuracy>6.2</accuracy></extensions></trkpt>
<trkpt lat="37.8949483" lon="127.2000877"><time>2026-09-10T06:00:23Z</time><extensions><accuracy>8.5</accuracy></extensions></trkpt>
<trkpt lat="37.8949851" lon="127.2000954"><time>2026-09-10T06:00:24Z</time><extensions><accuracy>6.7</accuracy></extensions></trkpt>
<trkpt lat="37.8950474" lon="127.2000807"><time>2026-09-10T06:00:25Z</time><extensions><accuracy>8.8</accuracy></extensions></trkpt>
<trkpt lat="37.8950884" lon="127.2000882"><time>2026-09-10T06:00:26Z</time><extensions><accuracy>8.9</accuracy></extensions></trkpt>
<trkpt lat="37.8951462" lon="127.2000915"><time>2026-09-10T06:00:27Z</time><extensions><accuracy>7.2</accuracy></extensions></trkpt>
<trkpt lat="37.8951987" lon="127.2000935"><time>2026-09-10T06:00:28Z</time><extensions><accuracy>7.6</accuracy></extensions></trkpt>
<trkpt lat="37.8952340" lon="127.2001120"><time>2026-09-10T06:00:29Z</time><extensions><accuracy>9.3</accuracy></extensions></trkpt>
<trkpt lat="37.8952785" lon="127.2001319"><time>2026-09-10T06:00:30Z</time><extensions><accuracy>7.8</accuracy></extensions></trkpt>
<trkpt lat="37.8953149" lon="127.2001427"><time>2026-09-10T06:00:31Z</time><extensions><accuracy>9.8</accuracy></extensions></trkpt>
<trkpt lat="37.8953616" lon="127.2001737"><time>2026-09-10T06:00:32Z</time><extensions><accuracy>6.2</accuracy></extensions></trkpt>
<trkpt lat="37.8953971" lon="127.2001884"><time>2026-09-10T06:00:33Z</time><extensions><accuracy>7.5</accuracy></extensions></trkpt>
<trkpt lat="37.8954272" lon="127.2002013"><time>2026-09-10T06:00:34Z</time><extensions><accuracy>9.9</accuracy></extensions></trkpt>
<trkpt lat="37.8954709" lon="127.2002127"><time>2026-09-10T06:00:35Z</time><extensions><accuracy>6.2</accuracy></extensions></trkpt>
<trkpt lat="37.8955099" lon="127.2002248"><time>2026-09-10T06:00:36Z</time><extensions><accuracy>8.7</accuracy></extensions></trkpt>
<trkpt lat="37.8955471" lon="127.2002833"><time>2026-09-10T06:00:37Z</time><extensions><accuracy>8.0</accuracy></extensions></trkpt>
<trkpt lat="37.8955652" lon="127.2002856"><time>2026-09-10T06:00:38Z</time><extensions><accuracy>6.5</accuracy></extensions></trkpt>
<trkpt lat="37.8956160" lon="127.2002919"><time>2026-09-10T06:00:39Z</time><extensions><accuracy>7.6</accuracy></extensions></trkpt>
<trkpt lat="37.8956508" lon="127.2003020"><time>2026-09-10T06:00:40Z</time><extensions><accuracy>7.0</accuracy></extensions></trkpt>
<trkpt lat="37.8956886" lon="127.2003402"><time>2026-09-10T06:00:41Z</time><extensions><accuracy>7.7</accuracy></extensions></trkpt>
<trkpt lat="37.8957234" lon="127.2003476"><time>2026-09-10T06:00:42Z</time><extensions><accuracy>9.3</accuracy></extensions></trkpt>
<trkpt lat="37.8957615" lon="127.2003651"><time>2026-09-10T06:00:43Z</time><extensions><accuracy>7.0</accuracy></extensions></trkpt>
<trkpt lat="37.8958034" lon="127.2003672"><time>2026-09-10T06:00:44Z</time><extensions><accuracy>6.9</accuracy></extensions></trkpt>
<trkpt lat="37.8958540" lon="127.2003678"><time>2026-09-10T06:00:45Z</time><extensions><accuracy>6.2</accuracy></extensions></trkpt>
<trkpt lat="37.8958710" lon="127.2003948"><time>2026-09-10T06:00:46Z</time><extensions><accuracy>10.0</accuracy></extensions></trkpt>
<trkpt lat="37.8959136" lon="127.2003811"><time>2026-09-10T06:00:47Z</time><extensions><accuracy>8.6</accuracy></extensions></trkpt>
<trkpt lat="37.8959577" lon="127.2003972"><time>2026-09-10T06:00:48Z</time><extensions><accuracy>8.0</accuracy></extensions></trkpt>
<trkpt lat="37.8960156" lon="127.2003890"><time>2026-09-10T06:00:49Z</time><extensions><accuracy>9.5</accuracy></extensions></trkpt>
<trkpt lat="37.8960407" lon="127.2003799"><time>2026-09-10T06:00:50Z</time><extensions><accuracy>7.3</accuracy></extensions></trkpt>
<trkpt lat="37.8960830" lon="127.2003775"><time>2026-09-10T06:00:51Z</time><extensions><accuracy>8.6</accuracy></extensions></trkpt>
<trkpt lat="37.8961161" lon="127.2003819"><time>2026-09-10T06:00:52Z</time><extensions><accuracy>8.6</accuracy></extensions></trkpt>
<trkpt lat="37.8961571" lon="127.2003960"><time>2026-09-10T06:00:53Z</time><extensions><accuracy>9.7</accuracy></extensions></trkpt>
<trkpt lat="37.8962099" lon="127.2004068"><time>2026-09-10T06:00:54Z</time><extensions><accuracy>9.9</accuracy></extensions></trkpt>
<trkpt lat="37.8962504" lon="127.2004187"><time>2026-09-10T06:00:55Z</time><extensions><accuracy>6.2</accuracy></extensions></trkpt>
<trkpt lat="37.8962840" lon="127.2004311"><time>2026-09-10T06:00:56Z</time><extensions><accuracy>9.9</accuracy></extensions></trkpt>
<trkpt lat="37.8963101" lon="127.2004345"><time>2026-09-10T06:00:57Z</time><extensions><accuracy>6.7</accuracy></extensions></trkpt>
<trkpt lat="37.8963534" lon="127.2004482"><time>2026-09-10T06:00:58Z</time><extensions><accuracy>9.0</accuracy></extensions></trkpt>
<trkpt lat="37.8963909" lon="127.2004656"><time>2026-09-10T06:00:59Z</time><extensions><accuracy>6.0</accuracy></extensions></trkpt>
<trkpt lat="37.8964256" lon="127.2004942"><time>2026-09-10T06:01:00Z</time><extensions><accuracy>9.5</accuracy></extensions></trkpt>
<trkpt lat="37.8964545" lon="127.2004922"><time>2026-09-10T06:01:01Z</time><extensions><accuracy>9.1</accuracy></extensions></trkpt>
<trkpt lat="37.8964777" lon="127.2005236"><time>2026-09-10T06:01:02Z</time><extensions><accuracy>9.5</accuracy></extensions></trkpt>
<trkpt lat="37.8965109" lon="127.2005183"><time>2026-09-10T06:01:03Z</time><extensions><accuracy>7.3</accuracy></extensions></trkpt>
<trkpt lat="37.8965258" lon="127.2005287"><time>2026-09-10T06:01:04Z</time><extensions><accuracy>7.9</accuracy></extensions></trkpt>
<trkpt lat="37.8965328" lon="127.2005305"><time>2026-09-10T06:01:05Z</time><extensions><accuracy>6.1</accuracy></extensions></trkpt>
<trkpt lat="37.8965465" lon="127.2005371"><time>2026-09-10T06:01:06Z</time><extensions><accuracy>9.5</accuracy></extensions></trkpt>
<trkpt lat="37.8965668" lon="127.2005317"><time>2026-09-10T06:01:07Z</time><extensions><accuracy>7.5</accuracy></extensions></trkpt>
<trkpt lat="37.8965967" lon="127.2005215"><time>2026-09-10T06:01:08Z</time><extensions><accuracy>6.0</accuracy></extensions></trkpt>
<trkpt lat="37.8966044" lon="127.2005315"><time>2026-09-10T06:01:09Z</time><extensions><accuracy>6.3</accuracy></extensions></trkpt>
<trkpt lat="37.8966203" lon="127.2005549"><time>2026-09-10T06:01:10Z</time><extensions><accuracy>9.1</accuracy></extensions></trkpt>
<trkpt lat="37.8966445" lon="127.2005668"><time>2026-09-10T06:01:11Z</time><extensions><accuracy>7.9</accuracy></extensions></trkpt>
<trkpt lat="37.8966466" lon="127.2005596"><time>2026-09-10T06:01:12Z</time><extensions><accuracy>6.5</accuracy></extensions></trkpt>
<trkpt lat="37.8966462" lon="127.2005851"><time>2026-09-10T06:01:13Z</time><extensions><accuracy>8.0</accuracy></extensions></trkpt>
<trkpt lat="37.8966884" lon="127.2006106"><time>2026-09-10T06:01:14Z</time><extensions><accuracy>9.1</accuracy></extensions></trkpt>
<trkpt lat="37.8967014" lon="127.2006491"><time>2026-09-10T06:01:15Z</time><extensions><accuracy>6.8</accuracy></extensions></trkpt>
<trkpt lat="37.8967236" lon="127.2006525"><time>2026-09-10T06:01:16Z</time><extensions><accuracy>7.7</accuracy></extensions></trkpt>
<trkpt lat="37.8967467" lon="127.2006717"><time>2026-09-10T06:01:17Z</time><extensions><accuracy>9.5</accuracy></extensions></trkpt>
<trkpt lat="37.8967593" lon="127.2006985"><time>2026-09-10T06:01:18Z</time><extensions><accuracy>8.0</accuracy></extensions></trkpt>
<trkpt lat="37.8967794" lon="127.2007080"><time>2026-09-10T06:01:19Z</time><extensions><accuracy>9.6</accuracy></extensions></trkpt>
<trkpt lat="37.8967873" lon="127.2007145"><time>2026-09-10T06:01:20Z</time><extensions><accuracy>7.2</accuracy></extensions></trkpt>
<trkpt lat="37.8968039" lon="127.2007265"><time>2026-09-10T06:01:21Z</time><extensions><accuracy>8.9</accuracy></extensions></trkpt>
<trkpt lat="37.8968312" lon="127.2007270"><time>2026-09-10T06:01:22Z</time><extensions><accuracy>7.0</accuracy></extensions></trkpt>
<trkpt lat="37.8968677" lon="127.2007373"><time>2026-09-10T06:01:23Z</time><extensions><accuracy>9.1</accuracy></extensions></trkpt>
<trkpt lat="37.8968802" lon="127.2007417"><time>2026-09-10T06:01:24Z</time><extensions><accuracy>8.7</accuracy></extensions></trkpt>
<trkpt lat="37.8968764" lon="127.2007608"><time>2026-09-10T06:01:25Z</time><extensions><accuracy>9.7</accuracy></extensions></trkpt>
<trkpt lat="37.8969113" lon="127.2007546"><time>2026-09-10T06:01:26Z</time><extensions><accuracy>7.2</accuracy></extensions></trkpt>
<trkpt lat="37.8969263" lon="127.2007707"><time>2026-09-10T06:01:27Z</time><extensions><accuracy>8.5</accuracy></extensions></trkpt>
<trkpt lat="37.8969367" lon="127.2007999"><time>2026-09-10T06:01:28Z</time><extensions><accuracy>9.1</accuracy></extensions></trkpt>
<trkpt lat="37.8969637" lon="127.2008162"><time>2026-09-10T06:01:29Z</time><extensions><accuracy>6.5</accuracy></extensions></trkpt>
<trkpt lat="37.8969955" lon="127.2008560"><time>2026-09-10T06:01:30Z</time><extensions><accuracy>9.2</accuracy></extensions></trkpt>
<trkpt lat="37.8970069" lon="127.2008609"><time>2026-09-10T06:01:31Z</time><extensions><accuracy>7.5</accuracy></extensions></trkpt>
<trkpt lat="37.8970374" lon="127.2008803"><time>2026-09-10T06:01:32Z</time><extensions><accuracy>8.5</accuracy></extensions></trkpt>
<trkpt lat="37.8970649" lon="127.2009101"><time>2026-09-10T06:01:33Z</time><extensions><accuracy>9.7</accuracy></extensions></trkpt>
<trkpt lat="37.8970842" lon="127.2009233"><time>2026-09-10T06:01:34Z</time><extensions><accuracy>7.3</accuracy></extensions></trkpt>
<trkpt lat="37.8971244" lon="127.2009252"><time>2026-09-10T06:01:35Z</time><extensions><accuracy>6.1</accuracy></extensions></trkpt>
<trkpt lat="37.8971533" lon="127.2009032"><time>2026-09-10T06:01:36Z</time><extensions><accuracy>9.2</accuracy></extensions></trkpt>
<trkpt lat="37.8971606" lon="127.2009075"><time>2026-09-10T06:01:37Z</time><extensions><accuracy>6.6</accuracy></extensions></trkpt>
<trkpt lat="37.8971974" lon="127.2009115"><time>2026-09-10T06:01:38Z</time><extensions><accuracy>8.3</accuracy></extensions></trkpt>
<trkpt lat="37.8972278" lon="127.2009391"><time>2026-09-10T06:01:39Z</time><extensions><accuracy>9.9</accuracy></extensions></trkpt>
<trkpt lat="37.8972452" lon="127.2009324"><time>2026-09-10T06:01:40Z</time><extensions><accuracy>8.7</accuracy></extensions></trkpt>
<trkpt lat="37.8972548" lon="127.2009773"><time>2026-09-10T06:01:41Z</time><extensions><accuracy>9.3</accuracy></extensions></trkpt>
<trkpt lat="37.8972537" lon="127.2009722"><time>2026-09-10T06:01:42Z</time><extensions><accuracy>7.6</accuracy></extensions></trkpt>
<trkpt lat="37.8972702" lon="127.2009953"><time>2026-09-10T06:01:43Z</time><extensions><accuracy>8.8</accuracy></extensions></trkpt>
<trkpt lat="37.8972634" lon="127.2009743"><time>2026-09-10T06:01:44Z</time><extensions><accuracy>7.3</accuracy></extensions></trkpt>
<trkpt lat="37.8972751" lon="127.2009976"><time>2026-09-10T06:01:45Z</time><extensions><accuracy>9.6</accuracy></extensions></trkpt>
<trkpt lat="37.8972940" lon="127.2010264"><time>2026-09-10T06:01:46Z</time><extensions><accuracy>9.3</accuracy></extensions></trkpt>
<trkpt lat="37.8973210" lon="127.2010564"><time>2026-09-10T06:01:47Z</time><extensions><accuracy>6.1</accuracy></extensions></trkpt>
<trkpt lat="37.8973339" lon="127.2010605"><time>2026-09-10T06:01:48Z</time><extensions><accuracy>8.8</accuracy></extensions></trkpt>
<trkpt lat="37.8973504" lon="127.2010682"><time>2026-09-10T06:01:49Z</time><extensions><accuracy>9.8</accuracy></extensions></trkpt>
<trkpt lat="37.8974047" lon="127.2010752"><time>2026-09-10T06:01:50Z</time><extensions><accuracy>6.3</accuracy></extensions></trkpt>
<trkpt lat="37.8974166" lon="127.2010821"><time>2026-09-10T06:01:51Z</time><extensions><accuracy>9.7</accuracy></extensions></trkpt>
<trkpt lat="37.8974361" lon="127.2011069"><time>2026-09-10T06:01:52Z</time><extensions><accuracy>6.4</accuracy></extensions></trkpt>
<trkpt lat="37.8974713" lon="127.2011057"><time>2026-09-10T06:01:53Z</time><extensions><accuracy>9.7</accuracy></extensions></trkpt>
<trkpt lat="37.8974911" lon="127.2011327"><time>2026-09-10T06:01:54Z</time><extensions><accuracy>6.6</accuracy></extensions></trkpt>
<trkpt lat="37.8975205" lon="127.2011688"><time>2026-09-10T06:01:55Z</time><extensions><accuracy>9.8</accuracy></extensions></trkpt>
<trkpt lat="37.8975119" lon="127.2011717"><time>2026-09-10T06:01:56Z</time><extensions><accuracy>8.7</accuracy></extensions></trkpt>
<trkpt lat="37.8975254" lon="127.2011845"><time>2026-09-10T06:01:57Z</time><extensions><accuracy>7.0</accuracy></extensions></trkpt>
<trkpt lat="37.8975552" lon="127.2012012"><time>2026-09-10T06:01:58Z</time><extensions><accuracy>6.4</accuracy></extensions></trkpt>
<trkpt lat="37.8976074" lon="127.2012321"><time>2026-09-10T06:01:59Z</time><extensions><accuracy>6.5</accuracy></extensions></trkpt>
<trkpt lat="37.8976389" lon="127.2012315"><time>2026-09-10T06:02:00Z</time><extensions><accuracy>7.2</accuracy></extensions></trkpt>
<trkpt lat="37.8976407" lon="127.2012166"><time>2026-09-10T06:02:01Z</time><extensions><accuracy>8.9</accuracy></extensions></trkpt>
<trkpt lat="37.8976562" lon="127.2012145"><time>2026-09-10T06:02:02Z</time><extensions><accuracy>9.5</accuracy></extensions></trkpt>
<trkpt lat="37.8976722" lon="127.2012134"><time>2026-09-10T06:02:03Z</time><extensions><accuracy>8.8</accuracy></extensions></trkpt>
<trkpt lat="37.8977030" lon="127.2012536"><time>2026-09-10T06:02:04Z</time><extensions><accuracy>8.0</accuracy></extensions></trkpt>
<trkpt lat="37.8977270" lon="127.2012735"><time>2026-09-10T06:02:05Z</time><extensions><accuracy>7.9</accuracy></extensions></trkpt>
<trkpt lat="37.8977442" lon="127.2013038"><time>2026-09-10T06:02:06Z</time><extensions><accuracy>9.5</accuracy></extensions></trkpt>
<trkpt lat="37.8977684" lon="127.2013096"><time>2026-09-10T06:02:07Z</time><extensions><accuracy>8.7</accuracy></extensions></trkpt>
<trkpt lat="37.8977834" lon="127.2013272"><time>2026-09-10T06:02:08Z</time><extensions><accuracy>7.5</accuracy></extensions></trkpt>
<trkpt lat="37.8978293" lon="127.2013474"><time>2026-09-10T06:02:09Z</time><extensions><accuracy>9.5</accuracy></extensions></trkpt>
<trkpt lat="37.8978575" lon="127.2013862"><time>2026-09-10T06:02:10Z</time><extensions><accuracy>6.6</accuracy></extensions></trkpt>
<trkpt lat="37.8978748" lon="127.2014188"><time>2026-09-10T06:02:11Z</time><extensions><accuracy>9.3</accuracy></extensions></trkpt>
<trkpt lat="37.8978891" lon="127.2014237"><time>2026-09-10T06:02:12Z</time><extensions><accuracy>7.9</accuracy></extensions></trkpt>
<trkpt lat="37.8979227" lon="127.2014376"><time>2026-09-10T06:02:13Z</time><extensions><accuracy>9.3</accuracy></extensions></trkpt>
<trkpt lat="37.8979480" lon="127.2014468"><time>2026-09-10T06:02:14Z</time><extensions><accuracy>9.7</accuracy></extensions></trkpt>
<trkpt lat="37.8979703" lon="127.2014454"><time>2026-09-10T06:02:15Z</time><extensions><accuracy>9.4</accuracy></extensions></trkpt>
<trkpt lat="37.8979668" lon="127.2014399"><time>2026-09-10T06:02:16Z</time><extensions><accuracy>6.4</accuracy></extensions></trkpt>
<trkpt lat="37.8979680" lon="127.2014327"><time>2026-09-10T06:02:17Z</time><extensions><accuracy>7.2</accuracy></extensions></trkpt>
<trkpt lat="37.8980000" lon="127.2014556"><time>2026-09-10T06:02:18Z</time><extensions><accuracy>8.4</accuracy></extensions></trkpt>
<trkpt lat="37.8980262" lon="127.2014572"><time>2026-09-10T06:02:19Z</time><extensions><accuracy>7.0</accuracy></extensions></trkpt>
<trkpt lat="37.8980541" lon="127.2014637"><time>2026-09-10T06:02:20Z</time><extensions><accuracy>7.2</accuracy></extensions></trkpt>
<trkpt lat="37.8980809" lon="127.2014571"><time>2026-09-10T06:02:21Z</time><extensions><accuracy>7.4</accuracy></extensions></trkpt>
<trkpt lat="37.8981076" lon="127.2014635"><time>2026-09-10T06:02:22Z</time><extensions><accuracy>9.6</accuracy></extensions></trkpt>
<trkpt lat="37.8981108" lon="127.2014739"><time>2026-09-10T06:02:23Z</time><extensions><accuracy>8.8</accuracy></extensions></trkpt>
<trkpt lat="37.8981227" lon="127.2014999"><time>2026-09-10T06:02:24Z</time><extensions><accuracy>9.9</accuracy></extensions></trkpt>
<trkpt lat="37.8981237" lon="127.2015211"><time>2026-09-10T06:02:25Z</time><extensions><accuracy>8.9</accuracy></extensions></trkpt>
<trkpt lat="37.8981396" lon="127.2015513"><time>2026-09-10T06:02:26Z</time><extensions><accuracy>8.4</accuracy></extensions></trkpt>
<trkpt lat="37.8981604" lon="127.2015409"><time>2026-09-10T06:02:27Z</time><extensions><accuracy>6.3</accuracy></extensions></trkpt>
<trkpt lat="37.8981993" lon="127.2015889"><time>2026-09-10T06:02:28Z</time><extensions><accuracy>8.8</accuracy></extensions></trkpt>
<trkpt lat="37.8982136" lon="127.2016089"><time>2026-09-10T06:02:29Z</time><extensions><accuracy>9.3</accuracy></extensions></trkpt>
<trkpt lat="37.8982173" lon="127.2016149"><time>2026-09-10T06:02:30Z</time><extensions><accuracy>9.4</accuracy></extensions></trkpt>
<trkpt lat="37.8982326" lon="127.2016317"><time>2026-09-10T06:02:31Z</time><extensions><accuracy>6.1</accuracy></extensions></trkpt>
<trkpt lat="37.8982548" lon="127.2016629"><time>2026-09-10T06:02:32Z</time><extensions><accuracy>7.9</accuracy></extensions></trkpt>
<trkpt lat="37.8982701" lon="127.2016566"><time>2026-09-10T06:02:33Z</time><extensions><accuracy>9.6</accuracy></extensions></trkpt>
<trkpt lat="37.8982739" lon="127.2016903"><time>2026-09-10T06:02:34Z</time><extensions><accuracy>7.2</accuracy></extensions></trkpt>
<trkpt lat="37.8982642" lon="127.2017309"><time>2026-09-10T06:02:35Z</time><extensions><accuracy>6.1</accuracy></extensions></trkpt>
<trkpt lat="37.8982880" lon="127.2017411"><time>2026-09-10T06:02:36Z</time><extensions><accuracy>9.0</accuracy></extensions></trkpt>
<trkpt lat="37.8983095" lon="127.2017392"><time>2026-09-10T06:02:37Z</time><extensions><accuracy>8.8</accuracy></extensions></trkpt>
<trkpt lat="37.8983275" lon="127.2017623"><time>2026-09-10T06:02:38Z</time><extensions><accuracy>7.7</accuracy></extensions></trkpt>
<trkpt lat="37.8983527" lon="127.2017780"><time>2026-09-10T06:02:39Z</time><extensions><accuracy>9.5</accuracy></extensions></trkpt>
<trkpt lat="37.8983561" lon="127.2018097"><time>2026-09-10T06:02:40Z</time><extensions><accuracy>9.0</accuracy></extensions></trkpt>
<trkpt lat="37.8983666" lon="127.2018475"><time>2026-09-10T06:02:41Z</time><extensions><accuracy>9.4</accuracy></extensions></trkpt>
<trkpt lat="37.8983815" lon="127.2018663"><time>2026-09-10T06:02:42Z</time><extensions><accuracy>7.0</accuracy></extensions></trkpt>
<trkpt lat="37.8983934" lon="127.2019160"><time>2026-09-10T06:02:43Z</time><extensions><accuracy>7.1</accuracy></extensions></trkpt>
<trkpt lat="37.8984116" lon="127.2019274"><time>2026-09-10T06:02:44Z</time><extensions><accuracy>6.5</accuracy></extensions></trkpt>
<trkpt lat="37.8984320" lon="127.2019507"><time>2026-09-10T06:02:45Z</time><extensions><accuracy>9.9</accuracy></extensions></trkpt>
<trkpt lat="37.8984649" lon="127.2019597"><time>2026-09-10T06:02:46Z</time><extensions><accuracy>6.8</accuracy></extensions></trkpt>
<trkpt lat="37.8984763" lon="127.2019779"><time>2026-09-10T06:02:47Z</time><extensions><accuracy>9.6</accuracy></extensions></trkpt>
<trkpt lat="37.8984606" lon="127.2020080"><time>2026-09-10T06:02:48Z</time><extensions><accuracy>7.4</accuracy></extensions></trkpt>
<trkpt lat="37.8984801" lon="127.2020530"><time>2026-09-10T06:02:49Z</time><extensions><accuracy>6.7</accuracy></extensions></trkpt>
<trkpt lat="37.8985080" lon="127.2020673"><time>2026-09-10T06:02:50Z</time><extensions><accuracy>6.5</accuracy></extensions></trkpt>
<trkpt lat="37.8985131" lon="127.2020576"><time>2026-09-10T06:02:51Z</time><extensions><accuracy>8.3</accuracy></extensions></trkpt>
<trkpt lat="37.8985357" lon="127.2020684"><time>2026-09-10T06:02:52Z</time><extensions><accuracy>6.3</accuracy></extensions></trkpt>
<trkpt lat="37.8985730" lon="127.2020910"><time>2026-09-10T06:02:53Z</time><extensions><accuracy>8.9</accuracy></extensions></trkpt>
<trkpt lat="37.8985911" lon="127.2021130"><time>2026-09-10T06:02:54Z</time><extensions><accuracy>6.7</accuracy></extensions></trkpt>
<trkpt lat="37.8985931" lon="127.2021670"><time>2026-09-10T06:02:55Z</time><extensions><accuracy>7.3</accuracy></extensions></trkpt>
<trkpt lat="37.8985886" lon="127.2022161"><time>2026-09-10T06:02:56Z</time><extensions><accuracy>8.4</accuracy></extensions></trkpt>
<trkpt lat="37.8986137" lon="127.2022659"><time>2026-09-10T06:02:57Z</time><extensions><accuracy>6.7</accuracy></extensions></trkpt>
<trkpt lat="37.8986197" lon="127.2022433"><time>2026-09-10T06:02:58Z</time><extensions><accuracy>9.8</accuracy></extensions></trkpt>
<trkpt lat="37.8986531" lon="127.2022463"><time>2026-09-10T06:02:59Z</time><extensions><accuracy>6.2</accuracy></extensions></trkpt>
<trkpt lat="37.8986874" lon="127.2022718"><time>2026-09-10T06:03:00Z</time><extensions><accuracy>8.7</accuracy></extensions></trkpt>
<trkpt lat="37.8987267" lon="127.2023159"><time>2026-09-10T06:03:01Z</time><extensions><accuracy>6.8</accuracy></extensions></trkpt>
<trkpt lat="37.8987467" lon="127.2023438"><time>2026-09-10T06:03:02Z</time><extensions><accuracy>8.2</accuracy></extensions></trkpt>
<trkpt lat="37.8987874" lon="127.2023553"><time>2026-09-10T06:03:03Z</time><extensions><accuracy>9.0</accuracy></extensions></trkpt>
<trkpt lat="37.8988220" lon="127.2023967"><time>2026-09-10T06:03:04Z</time><extensions><accuracy>6.2</accuracy></extensions></trkpt>
<trkpt lat="37.8988450" lon="127.2024255"><time>2026-09-10T06:03:05Z</time><extensions><accuracy>7.0</accuracy></extensions></trkpt>
<trkpt lat="37.8988689" lon="127.2024702"><time>2026-09-10T06:03:06Z</time><extensions><accuracy>8.5</accuracy></extensions></trkpt>
<trkpt lat="37.8989056" lon="127.2025003"><time>2026-09-10T06:03:07Z</time><extensions><accuracy>8.8</accuracy></extensions></trkpt>
<trkpt lat="37.8989427" lon="127.2025328"><time>2026-09-10T06:03:08Z</time><extensions><accuracy>7.4</accuracy></extensions></trkpt>
<trkpt lat="37.8989791" lon="127.2025915"><time>2026-09-10T06:03:09Z</time><extensions><accuracy>6.1</accuracy></extensions></trkpt>
<trkpt lat="37.8990196" lon="127.2026182"><time>2026-09-10T06:03:10Z</time><extensions><accuracy>8.9</accuracy></extensions></trkpt>
<trkpt lat="37.8990410" lon="127.2026731"><time>2026-09-10T06:03:11Z</time><extensions><accuracy>6.2</accuracy></extensions></trkpt>
<trkpt lat="37.8990757" lon="127.2027165"><time>2026-09-10T06:03:12Z</time><extensions><accuracy>7.6</accuracy></extensions></trkpt>
<trkpt lat="37.8990954" lon="127.2027613"><time>2026-09-10T06:03:13Z</time><extensions><accuracy>7.9</accuracy></extensions></trkpt>
<trkpt lat="37.8991422" lon="127.2027984"><time>2026-09-10T06:03:14Z</time><extensions><accuracy>6.5</accuracy></extensions></trkpt>
<trkpt lat="37.8991638" lon="127.2028344"><time>2026-09-10T06:03:15Z</time><extensions><accuracy>8.9</accuracy></extensions></trkpt>
<trkpt lat="37.8991682" lon="127.2028563"><time>2026-09-10T06:03:16Z</time><extensions><accuracy>7.2</accuracy></extensions></trkpt>
<trkpt lat="37.8992093" lon="127.2028871"><time>2026-09-10T06:03:17Z</time><extensions><accuracy>7.9</accuracy></extensions></trkpt>
<trkpt lat="37.8992247" lon="127.2029086"><time>2026-09-10T06:03:18Z</time><extensions><accuracy>6.7</accuracy></extensions></trkpt>
<trkpt lat="37.8992515" lon="127.2029407"><time>2026-09-10T06:03:19Z</time><extensions><accuracy>8.4</accuracy></extensions></trkpt>
<trkpt lat="37.8992804" lon="127.2029689"><time>2026-09-10T06:03:20Z</time><extensions><accuracy>7.7</accuracy></extensions></trkpt>
<trkpt lat="37.8993110" lon="127.2030158"><time>2026-09-10T06:03:21Z</time><extensions><accuracy>6.2</accuracy></extensions></trkpt>
<trkpt lat="37.8993312" lon="127.2030703"><time>2026-09-10T06:03:22Z</time><extensions><accuracy>7.7</accuracy></extensions></trkpt>
<trkpt lat="37.8993483" lon="127.2031232"><time>2026-09-10T06:03:23Z</time><extensions><accuracy>6.7</accuracy></extensions></trkpt>
<trkpt lat="37.8994006" lon="127.2031493"><time>2026-09-10T06:03:24Z</time><extensions><accuracy>8.2</accuracy></extensions></trkpt>
<trkpt lat="37.8994190" lon="127.2032000"><time>2026-09-10T06:03:25Z</time><extensions><accuracy>7.0</accuracy></extensions></trkpt>
<trkpt lat="37.8994298" lon="127.2032563"><time>2026-09-10T06:03:26Z</time><extensions><accuracy>8.2</accuracy></extensions></trkpt>
<trkpt lat="37.8994505" lon="127.2032919"><time>2026-09-10T06:03:27Z</time><extensions><accuracy>6.8</accuracy></extensions></trkpt>
<trkpt lat="37.8994493" lon="127.2033027"><time>2026-09-10T06:03:28Z</time><extensions><accuracy>9.5</accuracy></extensions></trkpt>
<trkpt lat="37.8994732" lon="127.2033204"><time>2026-09-10T06:03:29Z</time><extensions><accuracy>6.6</accuracy></extensions></trkpt>
<trkpt lat="37.8995104" lon="127.2033316"><time>2026-09-10T06:03:30Z</time><extensions><accuracy>6.2</accuracy></extensions></trkpt>
<trkpt lat="37.8995555" lon="127.2033618"><time>2026-09-10T06:03:31Z</time><extensions><accuracy>6.3</accuracy></extensions></trkpt>
<trkpt lat="37.8995725" lon="127.2033985"><time>2026-09-10T06:03:32Z</time><extensions><accuracy>8.4</accuracy></extensions></trkpt>
<trkpt lat="37.8995760" lon="127.2034429"><time>2026-09-10T06:03:33Z</time><extensions><accuracy>6.2</accuracy></extensions></trkpt>
<trkpt lat="37.8995936" lon="127.2034848"><time>2026-09-10T06:03:34Z</time><extensions><accuracy>6.8</accuracy></extensions></trkpt>
<trkpt lat="37.8996432" lon="127.2035174"><time>2026-09-10T06:03:35Z</time><extensions><accuracy>8.8</accuracy></extensions></trkpt>
<trkpt lat="37.8996679" lon="127.2035585"><time>2026-09-10T06:03:36Z</time><extensions><accuracy>7.2</accuracy></extensions></trkpt>
<trkpt lat="37.8997062" lon="127.2035773"><time>2026-09-10T06:03:37Z</time><extensions><accuracy>8.1</accuracy></extensions></trkpt>
<trkpt lat="37.8997263" lon="127.2036216"><time>2026-09-10T06:03:38Z</time><extensions><accuracy>6.3</accuracy></extensions></trkpt>
<trkpt lat="37.8997584" lon="127.2036575"><time>2026-09-10T06:03:39Z</time><extensions><accuracy>7.7</accuracy></extensions></trkpt>
<trkpt lat="37.8998021" lon="127.2036925"><time>2026-09-10T06:03:40Z</time><extensions><accuracy>9.4</accuracy></extensions></trkpt>
<trkpt lat="37.8998468" lon="127.2037195"><time>2026-09-10T06:03:41Z</time><extensions><accuracy>6.8</accuracy></extensions></trkpt>
<trkpt lat="37.8998690" lon="127.2037632"><time>2026-09-10T06:03:42Z</time><extensions><accuracy>10.0</accuracy></extensions></trkpt>
<trkpt lat="37.8998785" lon="127.2038053"><time>2026-09-10T06:03:43Z</time><extensions><accuracy>7.2</accuracy></extensions></trkpt>
<trkpt lat="37.8998895" lon="127.2038328"><time>2026-09-10T06:03:44Z</time><extensions><accuracy>6.4</accuracy></extensions></trkpt>
<trkpt lat="37.8998975" lon="127.2038763"><time>2026-09-10T06:03:45Z</time><extensions><accuracy>8.5</accuracy></extensions></trkpt>
<trkpt lat="37.8999312" lon="127.2039270"><time>2026-09-10T06:03:46Z</time><extensions><accuracy>8.8</accuracy></extensions></trkpt>
<trkpt lat="37.8999681" lon="127.2039862"><time>2026-09-10T06:03:47Z</time><extensions><accuracy>6.5</accuracy></extensions></trkpt>
<trkpt lat="37.8999843" lon="127.2040396"><time>2026-09-10T06:03:48Z</time><extensions><accuracy>7.3</accuracy></extensions></trkpt>
<trkpt lat="37.9000172" lon="127.2040968"><time>2026-09-10T06:03:49Z</time><extensions><accuracy>8.3</accuracy></extensions></trkpt>
<trkpt lat="37.9000439" lon="127.2041372"><time>2026-09-10T06:03:50Z</time><extensions><accuracy>6.3</accuracy></extensions></trkpt>
<trkpt lat="37.9000525" lon="127.2041761"><time>2026-09-10T06:03:51Z</time><extensions><accuracy>9.1</accuracy></extensions></trkpt>
<trkpt lat="37.9000608" lon="127.2042380"><time>2026-09-10T06:03:52Z</time><extensions><accuracy>7.2</accuracy></extensions></trkpt>
<trkpt lat="37.9000734" lon="127.2042781"><time>2026-09-10T06:03:53Z</time><extensions><accuracy>8.1</accuracy></extensions></trkpt>
<trkpt lat="37.9001007" lon="127.2043353"><time>2026-09-10T06:03:54Z</time><extensions><accuracy>8.5</accuracy></extensions></trkpt>
<trkpt lat="37.9001070" lon="127.2043725"><time>2026-09-10T06:03:55Z</time><extensions><accuracy>8.6</accuracy></extensions></trkpt>
<trkpt lat="37.9001379" lon="127.2044488"><time>2026-09-10T06:03:56Z</time><extensions><accuracy>8.3</accuracy></extensions></trkpt>
<trkpt lat="37.9001541" lon="127.2044550"><time>2026-09-10T06:03:57Z</time><extensions><accuracy>8.7</accuracy></extensions></trkpt>
<trkpt lat="37.9001698" lon="127.2045088"><time>2026-09-10T06:03:58Z</time><extensions><accuracy>7.8</accuracy></extensions></trkpt>
<trkpt lat="37.9001872" lon="127.2045634"><time>2026-09-10T06:03:59Z</time><extensions><accuracy>7.3</accuracy></extensions></trkpt>
<trkpt lat="37.9001896" lon="127.2045879"><time>2026-09-10T06:04:00Z</time><extensions><accuracy>6.8</accuracy></extensions></trkpt>
<trkpt lat="37.9001967" lon="127.2046006"><time>2026-09-10T06:04:01Z</time><extensions><accuracy>7.5</accuracy></extensions></trkpt>
<trkpt lat="37.9002119" lon="127.2046124"><time>2026-09-10T06:04:02Z</time><extensions><accuracy>9.5</accuracy></extensions></trkpt>
<trkpt lat="37.9002262" lon="127.2046427"><time>2026-09-10T06:04:03Z</time><extensions><accuracy>9.3</accuracy></extensions></trkpt>
<trkpt lat="37.9002391" lon="127.2046674"><time>2026-09-10T06:04:04Z</time><extensions><accuracy>10.0</accuracy></extensions></trkpt>
<trkpt lat="37.9002671" lon="127.2046922"><time>2026-09-10T06:04:05Z</time><extensions><accuracy>9.5</accuracy></extensions></trkpt>
<trkpt lat="37.9002792" lon="127.2047273"><time>2026-09-10T06:04:06Z</time><extensions><accuracy>8.2</accuracy></extensions></trkpt>
<trkpt lat="37.9002832" lon="127.2047579"><time>2026-09-10T06:04:07Z</time><extensions><accuracy>9.9</accuracy></extensions></trkpt>
<trkpt lat="37.9002930" lon="127.2047700"><time>2026-09-10T06:04:08Z</time><extensions><accuracy>7.8</accuracy></extensions></trkpt>
<trkpt lat="37.9003051" lon="127.2047883"><time>2026-09-10T06:04:09Z</time><extensions><accuracy>6.4</accuracy></extensions></trkpt>
<trkpt lat="37.9003515" lon="127.2048145"><time>2026-09-10T06:04:10Z</time><extensions><accuracy>6.2</accuracy></extensions></trkpt>
<trkpt lat="37.9003591" lon="127.2048212"><time>2026-09-10T06:04:11Z</time><extensions><accuracy>7.7</accuracy></extensions></trkpt>
<trkpt lat="37.9003623" lon="127.2048581"><time>2026-09-10T06:04:12Z</time><extensions><accuracy>9.9</accuracy></extensions></trkpt>
<trkpt lat="37.9003822" lon="127.2048834"><time>2026-09-10T06:04:13Z</time><extensions><accuracy>8.7</accuracy></extensions></trkpt>
<trkpt lat="37.9003792" lon="127.2049015"><time>2026-09-10T06:04:14Z</time><extensions><accuracy>9.0</accuracy></extensions></trkpt>
<trkpt lat="37.9003719" lon="127.2049366"><time>2026-09-10T06:04:15Z</time><extensions><accuracy>9.7</accuracy></extensions></trkpt>
<trkpt lat="37.9003915" lon="127.2049692"><time>2026-09-10T06:04:16Z</time><extensions><accuracy>7.6</accuracy></extensions></trkpt>
<trkpt lat="37.9004102" lon="127.2049962"><time>2026-09-10T06:04:17Z</time><extensions><accuracy>6.8</accuracy></extensions></trkpt>
<trkpt lat="37.9004016" lon="127.2050274"><time>2026-09-10T06:04:18Z</time><extensions><accuracy>6.5</accuracy></extensions></trkpt>
<trkpt lat="37.9004189" lon="127.2050437"><time>2026-09-10T06:04:19Z</time><extensions><accuracy>9.0</accuracy></extensions></trkpt>
<trkpt lat="37.9004370" lon="127.2050597"><time>2026-09-10T06:04:20Z</time><extensions><accuracy>8.7</accuracy></extensions></trkpt>
<trkpt lat="37.9004663" lon="127.2051047"><time>2026-09-10T06:04:21Z</time><extensions><accuracy>9.7</accuracy></extensions></trkpt>
<trkpt lat="37.9004953" lon="127.2051261"><time>2026-09-10T06:04:22Z</time><extensions><accuracy>9.5</accuracy></extensions></trkpt>
<trkpt lat="37.9004859" lon="127.2051601"><time>2026-09-10T06:04:23Z</time><extensions><accuracy>8.8</accuracy></extensions></trkpt>
<trkpt lat="37.9004799" lon="127.2051756"><time>2026-09-10T06:04:24Z</time><extensions><accuracy>9.5</accuracy></extensions></trkpt>
<trkpt lat="37.9004863" lon="127.2052134"><time>2026-09-10T06:04:25Z</time><extensions><accuracy>9.7</accuracy></extensions></trkpt>
<trkpt lat="37.9005065" lon="127.2052241"><time>2026-09-10T06:04:26Z</time><extensions><accuracy>6.1</accuracy></extensions></trkpt>
<trkpt lat="37.9005151" lon="127.2052585"><time>2026-09-10T06:04:27Z</time><extensions><accuracy>8.7</accuracy></extensions></trkpt>
<trkpt lat="37.9005308" lon="127.2052743"><time>2026-09-10T06:04:28Z</time><extensions><accuracy>7.9</accuracy></extensions></trkpt>
<trkpt lat="37.9005196" lon="127.2053134"><time>2026-09-10T06:04:29Z</time><extensions><accuracy>7.7</accuracy></extensions></trkpt>
<trkpt lat="37.9005295" lon="127.2053367"><time>2026-09-10T06:04:30Z</time><extensions><accuracy>6.5</accuracy></extensions></trkpt>
<trkpt lat="37.9005392" lon="127.2053458"><time>2026-09-10T06:04:31Z</time><extensions><accuracy>8.8</accuracy></extensions></trkpt>
<trkpt lat="37.9005465" lon="127.2053795"><time>2026-09-10T06:04:32Z</time><extensions><accuracy>9.0</accuracy></extensions></trkpt>
<trkpt lat="37.9005534" lon="127.2054276"><time>2026-09-10T06:04:33Z</time><extensions><accuracy>7.4</accuracy></extensions></trkpt>
<trkpt lat="37.9005457" lon="127.2054193"><time>2026-09-10T06:04:34Z</time><extensions><accuracy>8.3</accuracy></extensions></trkpt>
<trkpt lat="37.9005627" lon="127.2054092"><time>2026-09-10T06:04:35Z</time><extensions><accuracy>9.1</accuracy></extensions></trkpt>
<trkpt lat="37.9005711" lon="127.2054242"><time>2026-09-10T06:04:36Z</time><extensions><accuracy>9.7</accuracy></extensions></trkpt>
<trkpt lat="37.9005806" lon="127.2054280"><time>2026-09-10T06:04:37Z</time><extensions><accuracy>8.0</accuracy></extensions></trkpt>
<trkpt lat="37.9005886" lon="127.2054368"><time>2026-09-10T06:04:38Z</time><extensions><accuracy>9.6</accuracy></extensions></trkpt>
<trkpt lat="37.9005921" lon="127.2054612"><time>2026-09-10T06:04:39Z</time><extensions><accuracy>7.0</accuracy></extensions></trkpt>
<trkpt lat="37.9006020" lon="127.2054946"><time>2026-09-10T06:04:40Z</time><extensions><accuracy>8.6</accuracy></extensions></trkpt>
<trkpt lat="37.9006174" lon="127.2055164"><time>2026-09-10T06:04:41Z</time><extensions><accuracy>9.8</accuracy></extensions></trkpt>
<trkpt lat="37.9006339" lon="127.2055250"><time>2026-09-10T06:04:42Z</time><extensions><accuracy>6.2</accuracy></extensions></trkpt>
<trkpt lat="37.9006506" lon="127.2055320"><time>2026-09-10T06:04:43Z</time><extensions><accuracy>6.6</accuracy></extensions></trkpt>
<trkpt lat="37.9006575" lon="127.2055696"><time>2026-09-10T06:04:44Z</time><extensions><accuracy>8.3</accuracy></extensions></trkpt>
<trkpt lat="37.9006483" lon="127.2056102"><time>2026-09-10T06:04:45Z</time><extensions><accuracy>6.3</accuracy></extensions></trkpt>
<trkpt lat="37.9006597" lon="127.2056669"><time>2026-09-10T06:04:46Z</time><extensions><accuracy>8.6</accuracy></extensions></trkpt>
<trkpt lat="37.9006626" lon="127.2056913"><time>2026-09-10T06:04:47Z</time><extensions><accuracy>6.3</accuracy></extensions></trkpt>
<trkpt lat="37.9006778" lon="127.2057453"><time>2026-09-10T06:04:48Z</time><extensions><accuracy>6.0</accuracy></extensions></trkpt>
<trkpt lat="37.9006985" lon="127.2057757"><time>2026-09-10T06:04:49Z</time><extensions><accuracy>6.9</accuracy></extensions></trkpt>
<trkpt lat="37.9006925" lon="127.2057961"><time>2026-09-10T06:04:50Z</time><extensions><accuracy>7.4</accuracy></extensions></trkpt>
<trkpt lat="37.9007091" lon="127.2058186"><time>2026-09-10T06:04:51Z</time><extensions><accuracy>8.8</accuracy></extensions></trkpt>
<trkpt lat="37.9007227" lon="127.2058553"><time>2026-09-10T06:04:52Z</time><extensions><accuracy>8.5</accuracy></extensions></trkpt>
<trkpt lat="37.9007362" lon="127.2058744"><time>2026-09-10T06:04:53Z</time><extensions><accuracy>6.4</accuracy></extensions></trkpt>
<trkpt lat="37.9007507" lon="127.2058939"><time>2026-09-10T06:04:54Z</time><extensions><accuracy>8.8</accuracy></extensions></trkpt>
<trkpt lat="37.9007571" lon="127.2059401"><time>2026-09-10T06:04:55Z</time><extensions><accuracy>6.8</accuracy></extensions></trkpt>
<trkpt lat="37.9007831" lon="127.2059806"><time>2026-09-10T06:04:56Z</time><extensions><accuracy>7.5</accuracy></extensions></trkpt>
<trkpt lat="37.9008034" lon="127.2059889"><time>2026-09-10T06:04:57Z</time><extensions><accuracy>8.6</accuracy></extensions></trkpt>
<trkpt lat="37.9008157" lon="127.2059981"><time>2026-09-10T06:04:58Z</time><extensions><accuracy>8.9</accuracy></extensions></trkpt>
<trkpt lat="37.9008304" lon="127.2059992"><time>2026-09-10T06:04:59Z</time><extensions><accuracy>7.7</accuracy></extensions></trkpt>
<trkpt lat="37.9008384" lon="127.2060373"><time>2026-09-10T06:05:00Z</time><extensions><accuracy>6.4</accuracy></extensions></trkpt>
<trkpt lat="37.9008511" lon="127.2060549"><time>2026-09-10T06:05:01Z</time><extensions><accuracy>7.8</accuracy></extensions></trkpt>
<trkpt lat="37.9008448" lon="127.2060999"><time>2026-09-10T06:05:02Z</time><extensions><accuracy>9.4</accuracy></extensions></trkpt>
<trkpt lat="37.9008430" lon="127.2061215"><time>2026-09-10T06:05:03Z</time><extensions><accuracy>7.0</accuracy></extensions></trkpt>
<trkpt lat="37.9008357" lon="127.2061631"><time>2026-09-10T06:05:04Z</time><extensions><accuracy>6.0</accuracy></extensions></trkpt>
<trkpt lat="37.9008349" lon="127.2062248"><time>2026-09-10T06:05:05Z</time><extensions><accuracy>9.5</accuracy></extensions></trkpt>
<trkpt lat="37.9008509" lon="127.2062737"><time>2026-09-10T06:05:06Z</time><extensions><accuracy>9.2</accuracy></extensions></trkpt>
<trkpt lat="37.9008724" lon="127.2062958"><time>2026-09-10T06:05:07Z</time><extensions><accuracy>9.7</accuracy></extensions></trkpt>
<trkpt lat="37.9008607" lon="127.2063176"><time>2026-09-10T06:05:08Z</time><extensions><accuracy>7.6</accuracy></extensions></trkpt>
<trkpt lat="37.9008743" lon="127.2063729"><time>2026-09-10T06:05:09Z</time><extensions><accuracy>8.5</accuracy></extensions></trkpt>
<trkpt lat="37.9008874" lon="127.2064045"><time>2026-09-10T06:05:10Z</time><extensions><accuracy>8.2</accuracy></extensions></trkpt>
<trkpt lat="37.9008866" lon="127.2064323"><time>2026-09-10T06:05:11Z</time><extensions><accuracy>6.3</accuracy></extensions></trkpt>
<trkpt lat="37.9008871" lon="127.2064847"><time>2026-09-10T06:05:12Z</time><extensions><accuracy>8.1</accuracy></extensions></trkpt>
<trkpt lat="37.9008996" lon="127.2065337"><time>2026-09-10T06:05:13Z</time><extensions><accuracy>9.1</accuracy></extensions></trkpt>
<trkpt lat="37.9009007" lon="127.2065887"><time>2026-09-10T06:05:14Z</time><extensions><accuracy>8.3</accuracy></extensions></trkpt>
<trkpt lat="37.9008929" lon="127.2066226"><time>2026-09-10T06:05:15Z</time><extensions><accuracy>6.0</accuracy></extensions></trkpt>
<trkpt lat="37.9008746" lon="127.2066465"><time>2026-09-10T06:05:16Z</time><extensions><accuracy>6.7</accuracy></extensions></trkpt>
<trkpt lat="37.9008790" lon="127.2066600"><time>2026-09-10T06:05:17Z</time><extensions><accuracy>7.4</accuracy></extensions></trkpt>
<trkpt lat="37.9008918" lon="127.2066812"><time>2026-09-10T06:05:18Z</time><extensions><accuracy>9.9</accuracy></extensions></trkpt>
<trkpt lat="37.9008962" lon="127.2067079"><time>2026-09-10T06:05:19Z</time><extensions><accuracy>9.1</accuracy></extensions></trkpt>
<trkpt lat="37.9009004" lon="127.2067156"><time>2026-09-10T06:05:20Z</time><extensions><accuracy>6.8</accuracy></extensions></trkpt>
<trkpt lat="37.9009110" lon="127.2067465"><time>2026-09-10T06:05:21Z</time><extensions><accuracy>8.1</accuracy></extensions></trkpt>
<trkpt lat="37.9008959" lon="127.2067686"><time>2026-09-10T06:05:22Z</time><extensions><accuracy>7.5</accuracy></extensions></trkpt>
<trkpt lat="37.9008907" lon="127.2068211"><time>2026-09-10T06:05:23Z</time><extensions><accuracy>7.8</accuracy></extensions></trkpt>
<trkpt lat="37.9008985" lon="127.2068189"><time>2026-09-10T06:05:24Z</time><extensions><accuracy>8.8</accuracy></extensions></trkpt>
<trkpt lat="37.9009050" lon="127.2068508"><time>2026-09-10T06:05:25Z</time><extensions><accuracy>7.9</accuracy></extensions></trkpt>
<trkpt lat="37.9009115" lon="127.2068449"><time>2026-09-10T06:05:26Z</time><extensions><accuracy>8.6</accuracy></extensions></trkpt>
<trkpt lat="37.9009052" lon="127.2068710"><time>2026-09-10T06:05:27Z</time><extensions><accuracy>9.7</accuracy></extensions></trkpt>
<trkpt lat="37.9009217" lon="127.2069047"><time>2026-09-10T06:05:28Z</time><extensions><accuracy>9.9</accuracy></extensions></trkpt>
<trkpt lat="37.9009158" lon="127.2069194"><time>2026-09-10T06:05:29Z</time><extensions><accuracy>8.2</accuracy></extensions></trkpt>
<trkpt lat="37.9009159" lon="127.2069459"><time>2026-09-10T06:05:30Z</time><extensions><accuracy>6.6</accuracy></extensions></trkpt>
<trkpt lat="37.9009274" lon="127.2069842"><time>2026-09-10T06:05:31Z</time><extensions><accuracy>7.5</accuracy></extensions></trkpt>
<trkpt lat="37.9009287" lon="127.2070159"><time>2026-09-10T06:05:32Z</time><extensions><accuracy>8.5</accuracy></extensions></trkpt>
<trkpt lat="37.9009311" lon="127.2070317"><time>2026-09-10T06:05:33Z</time><extensions><accuracy>7.9</accuracy></extensions></trkpt>
<trkpt lat="37.9009222" lon="127.2070673"><time>2026-09-10T06:05:34Z</time><extensions><accuracy>7.1</accuracy></extensions></trkpt>
<trkpt lat="37.9009281" lon="127.2070897"><time>2026-09-10T06:05:35Z</time><extensions><accuracy>6.1</accuracy></extensions></trkpt>
<trkpt lat="37.9009433" lon="127.2071414"><time>2026-09-10T06:05:36Z</time><extensions><accuracy>9.6</accuracy></extensions></trkpt>
<trkpt lat="37.9009416" lon="127.2071676"><time>2026-09-10T06:05:37Z</time><extensions><accuracy>6.1</accuracy></extensions></trkpt>
<trkpt lat="37.9009496" lon="127.2071860"><time>2026-09-10T06:05:38Z</time><extensions><accuracy>9.1</accuracy></extensions></trkpt>
<trkpt lat="37.9009551" lon="127.2071977"><time>2026-09-10T06:05:39Z</time><extensions><accuracy>6.2</accuracy></extensions></trkpt>
<trkpt lat="37.9009558" lon="127.2072359"><time>2026-09-10T06:05:40Z</time><extensions><accuracy>7.5</accuracy></extensions></trkpt>
<trkpt lat="37.9009583" lon="127.2072674"><time>2026-09-10T06:05:41Z</time><extensions><accuracy>8.3</accuracy></extensions></trkpt>
<trkpt lat="37.9009845" lon="127.2072921"><time>2026-09-10T06:05:42Z</time><extensions><accuracy>7.9</accuracy></extensions></trkpt>
<trkpt lat="37.9010013" lon="127.2073120"><time>2026-09-10T06:05:43Z</time><extensions><accuracy>8.9</accuracy></extensions></trkpt>
<trkpt lat="37.9010080" lon="127.2073327"><time>2026-09-10T06:05:44Z</time><extensions><accuracy>7.4</accuracy></extensions></trkpt>
<trkpt lat="37.9010224" lon="127.2073761"><time>2026-09-10T06:05:45Z</time><extensions><accuracy>9.1</accuracy></extensions></trkpt>
<trkpt lat="37.9010274" lon="127.2073978"><time>2026-09-10T06:05:46Z</time><extensions><accuracy>8.1</accuracy></extensions></trkpt>
<trkpt lat="37.9010332" lon="127.2074213"><time>2026-09-10T06:05:47Z</time><extensions><accuracy>8.7</accuracy></extensions></trkpt>
<trkpt lat="37.9010339" lon="127.2074717"><time>2026-09-10T06:05:48Z</time><extensions><accuracy>8.7</accuracy></extensions></trkpt>
<trkpt lat="37.9010497" lon="127.2074981"><time>2026-09-10T06:05:49Z</time><extensions><accuracy>9.9</accuracy></extensions></trkpt>
<trkpt lat="37.9010786" lon="127.2075206"><time>2026-09-10T06:05:50Z</time><extensions><accuracy>8.0</accuracy></extensions></trkpt>
<trkpt lat="37.9010885" lon="127.2075582"><time>2026-09-10T06:05:51Z</time><extensions><accuracy>6.1</accuracy></extensions></trkpt>
<trkpt lat="37.9010940" lon="127.2075667"><time>2026-09-10T06:05:52Z</time><extensions><accuracy>9.2</accuracy></extensions></trkpt>
<trkpt lat="37.9011056" lon="127.2075674"><time>2026-09-10T06:05:53Z</time><extensions><accuracy>9.7</accuracy></extensions></trkpt>
<trkpt lat="37.9011059" lon="127.2076191"><time>2026-09-10T06:05:54Z</time><extensions><accuracy>8.5</accuracy></extensions></trkpt>
<trkpt lat="37.9011135" lon="127.2076426"><time>2026-09-10T06:05:55Z</time><extensions><accuracy>8.9</accuracy></extensions></trkpt>
<trkpt lat="37.9011100" lon="127.2076793"><time>2026-09-10T06:05:56Z</time><extensions><accuracy>6.1</accuracy></extensions></trkpt>
<trkpt lat="37.9011258" lon="127.2077137"><time>2026-09-10T06:05:57Z</time><extensions><accuracy>7.5</accuracy></extensions></trkpt>
<trkpt lat="37.9011260" lon="127.2077471"><time>2026-09-10T06:05:58Z</time><extensions><accuracy>7.7</accuracy></extensions></trkpt>
<trkpt lat="37.9011449" lon="127.2077902"><time>2026-09-10T06:05:59Z</time><extensions><accuracy>8.3</accuracy></extensions></trkpt>
<trkpt lat="37.9011520" lon="127.2078336"><time>2026-09-10T06:06:00Z</time><extensions><accuracy>7.1</accuracy></extensions></trkpt>
<trkpt lat="37.9011567" lon="127.2078648"><time>2026-09-10T06:06:01Z</time><extensions><accuracy>7.6</accuracy></extensions></trkpt>
<trkpt lat="37.9011636" lon="127.2079082"><time>2026-09-10T06:06:02Z</time><extensions><accuracy>7.8</accuracy></extensions></trkpt>
<trkpt lat="37.9011561" lon="127.2079567"><time>2026-09-10T06:06:03Z</time><extensions><accuracy>9.4</accuracy></extensions></trkpt>
<trkpt lat="37.9011554" lon="127.2080262"><time>2026-09-10T06:06:04Z</time><extensions><accuracy>7.4</accuracy></extensions></trkpt>
<trkpt lat="37.9011414" lon="127.2080726"><time>2026-09-10T06:06:05Z</time><extensions><accuracy>7.8</accuracy></extensions></trkpt>
<trkpt lat="37.9011413" lon="127.2081103"><time>2026-09-10T06:06:06Z</time><extensions><accuracy>9.4</accuracy></extensions></trkpt>
<trkpt lat="37.9011354" lon="127.2081308"><time>2026-09-10T06:06:07Z</time><extensions><accuracy>8.7</accuracy></extensions></trkpt>
<trkpt lat="37.9011201" lon="127.2081772"><time>2026-09-10T06:06:08Z</time><extensions><accuracy>7.5</accuracy></extensions></trkpt>
<trkpt lat="37.9011168" lon="127.2082462"><time>2026-09-10T06:06:09Z</time><extensions><accuracy>7.3</accuracy></extensions></trkpt>
<trkpt lat="37.9011268" lon="127.2082859"><time>2026-09-10T06:06:10Z</time><extensions><accuracy>7.5</accuracy></extensions></trkpt>
<trkpt lat="37.9011186" lon="127.2083247"><time>2026-09-10T06:06:11Z</time><extensions><accuracy>6.9</accuracy></extensions></trkpt>
<trkpt lat="37.9011334" lon="127.2083711"><time>2026-09-10T06:06:12Z</time><extensions><accuracy>10.0</accuracy></extensions></trkpt>
<trkpt lat="37.9011287" lon="127.2084092"><time>2026-09-10T06:06:13Z</time><extensions><accuracy>7.8</accuracy></extensions></trkpt>
<trkpt lat="37.9011138" lon="127.2084781"><time>2026-09-10T06:06:14Z</time><extensions><accuracy>8.4</accuracy></extensions></trkpt>
<trkpt lat="37.9011223" lon="127.2085068"><time>2026-09-10T06:06:15Z</time><extensions><accuracy>9.6</accuracy></extensions></trkpt>
<trkpt lat="37.9011246" lon="127.2085935"><time>2026-09-10T06:06:16Z</time><extensions><accuracy>9.6</accuracy></extensions></trkpt>
<trkpt lat="37.9011383" lon="127.2086543"><time>2026-09-10T06:06:17Z</time><extensions><accuracy>6.8</accuracy></extensions></trkpt>
<trkpt lat="37.9011399" lon="127.2087241"><time>2026-09-10T06:06:18Z</time><extensions><accuracy>6.6</accuracy></extensions></trkpt>
<trkpt lat="37.9011334" lon="127.2087818"><time>2026-09-10T06:06:19Z</time><extensions><accuracy>6.6</accuracy></extensions></trkpt>
<trkpt lat="37.9011474" lon="127.2088390"><time>2026-09-10T06:06:20Z</time><extensions><accuracy>9.8</accuracy></extensions></trkpt>
<trkpt lat="37.9011542" lon="127.2088990"><time>2026-09-10T06:06:21Z</time><extensions><accuracy>7.9</accuracy></extensions></trkpt>
<trkpt lat="37.9011461" lon="127.2089615"><time>2026-09-10T06:06:22Z</time><extensions><accuracy>7.5</accuracy></extensions></trkpt>
<trkpt lat="37.9011353" lon="127.2090125"><time>2026-09-10T06:06:23Z</time><extensions><accuracy>8.2</accuracy></extensions></trkpt>
<trkpt lat="37.9011310" lon="127.2090609"><time>2026-09-10T06:06:24Z</time><extensions><accuracy>8.4</accuracy></extensions></trkpt>
<trkpt lat="37.9011139" lon="127.2091239"><time>2026-09-10T06:06:25Z</time><extensions><accuracy>8.6</accuracy></extensions></trkpt>
<trkpt lat="37.9011069" lon="127.2091677"><time>2026-09-10T06:06:26Z</time><extensions><accuracy>6.5</accuracy></extensions></trkpt>
<trkpt lat="37.9011158" lon="127.2091966"><time>2026-09-10T06:06:27Z</time><extensions><accuracy>8.5</accuracy></extensions></trkpt>
<trkpt lat="37.9011247" lon="127.2092410"><time>2026-09-10T06:06:28Z</time><extensions><accuracy>8.3</accuracy></extensions></trkpt>
<trkpt lat="37.9011107" lon="127.2092976"><time>2026-09-10T06:06:29Z</time><extensions><accuracy>10.0</accuracy></extensions></trkpt>
<trkpt lat="37.9011185" lon="127.2093478"><time>2026-09-10T06:06:30Z</time><extensions><accuracy>6.5</accuracy></extensions></trkpt>
<trkpt lat="37.9011203" lon="127.2094218"><time>2026-09-10T06:06:31Z</time><extensions><accuracy>8.2</accuracy></extensions></trkpt>
<trkpt lat="37.9011080" lon="127.2094432"><time>2026-09-10T06:06:32Z</time><extensions><accuracy>6.6</accuracy></extensions></trkpt>
<trkpt lat="37.9011271" lon="127.2094798"><time>2026-09-10T06:06:33Z</time><extensions><accuracy>8.8</accuracy></extensions></trkpt>
<trkpt lat="37.9011394" lon="127.2095337"><time>2026-09-10T06:06:34Z</time><extensions><accuracy>9.4</accuracy></extensions></trkpt>
<trkpt lat="37.9011210" lon="127.2095918"><time>2026-09-10T06:06:35Z</time><extensions><accuracy>7.2</accuracy></extensions></trkpt>
<trkpt lat="37.9011219" lon="127.2096493"><time>2026-09-10T06:06:36Z</time><extensions><accuracy>8.9</accuracy></extensions></trkpt>
<trkpt lat="37.9011191" lon="127.2096716"><time>2026-09-10T06:06:37Z</time><extensions><accuracy>6.3</accuracy></extensions></trkpt>
<trkpt lat="37.9011215" lon="127.2097276"><time>2026-09-10T06:06:38Z</time><extensions><accuracy>6.4</accuracy></extensions></trkpt>
<trkpt lat="37.9011326" lon="127.2097855"><time>2026-09-10T06:06:39Z</time><extensions><accuracy>10.0</accuracy></extensions></trkpt>
<trkpt lat="37.9011377" lon="127.2098539"><time>2026-09-10T06:06:40Z</time><extensions><accuracy>9.5</accuracy></extensions></trkpt>
<trkpt lat="37.9011261" lon="127.2098900"><time>2026-09-10T06:06:41Z</time><extensions><accuracy>7.4</accuracy></extensions></trkpt>
<trkpt lat="37.9011332" lon="127.2099291"><time>2026-09-10T06:06:42Z</time><extensions><accuracy>6.6</accuracy></extensions></trkpt>
<trkpt lat="37.9011054" lon="127.2099585"><time>2026-09-10T06:06:43Z</time><extensions><accuracy>9.9</accuracy></extensions></trkpt>
<trkpt lat="37.9011032" lon="127.2100098"><time>2026-09-10T06:06:44Z</time><extensions><accuracy>8.6</accuracy></extensions></trkpt>
<trkpt lat="37.9010896" lon="127.2100387"><time>2026-09-10T06:06:45Z</time><extensions><accuracy>10.0</accuracy></extensions></trkpt>
<trkpt lat="37.9010750" lon="127.2101075"><time>2026-09-10T06:06:46Z</time><extensions><accuracy>9.4</accuracy></extensions></trkpt>
<trkpt lat="37.9010849" lon="127.2101649"><time>2026-09-10T06:06:47Z</time><extensions><accuracy>8.6</accuracy></extensions></trkpt>
<trkpt lat="37.9010624" lon="127.2102066"><time>2026-09-10T06:06:48Z</time><extensions><accuracy>9.7</accuracy></extensions></trkpt>
<trkpt lat="37.9010475" lon="127.2102659"><time>2026-09-10T06:06:49Z</time><extensions><accuracy>6.3</accuracy></extensions></trkpt>
<trkpt lat="37.9010519" lon="127.2103026"><time>2026-09-10T06:06:50Z</time><extensions><accuracy>8.2</accuracy></extensions></trkpt>
<trkpt lat="37.9010313" lon="127.2103511"><time>2026-09-10T06:06:51Z</time><extensions><accuracy>8.3</accuracy></extensions></trkpt>
<trkpt lat="37.9010208" lon="127.2104092"><time>2026-09-10T06:06:52Z</time><extensions><accuracy>8.3</accuracy></extensions></trkpt>
<trkpt lat="37.9010067" lon="127.2104776"><time>2026-09-10T06:06:53Z</time><extensions><accuracy>9.5</accuracy></extensions></trkpt>
<trkpt lat="37.9010114" lon="127.2105264"><time>2026-09-10T06:06:54Z</time><extensions><accuracy>7.1</accuracy></extensions></trkpt>
<trkpt lat="37.9009920" lon="127.2105974"><time>2026-09-10T06:06:55Z</time><extensions><accuracy>7.7</accuracy></extensions></trkpt>
<trkpt lat="37.9009879" lon="127.2106565"><time>2026-09-10T06:06:56Z</time><extensions><accuracy>8.9</accuracy></extensions></trkpt>
<trkpt lat="37.9009774" lon="127.2107074"><time>2026-09-10T06:06:57Z</time><extensions><accuracy>9.0</accuracy></extensions></trkpt>
<trkpt lat="37.9009706" lon="127.2107347"><time>2026-09-10T06:06:58Z</time><extensions><accuracy>6.5</accuracy></extensions></trkpt>
<trkpt lat="37.9009780" lon="127.2107912"><time>2026-09-10T06:06:59Z</time><extensions><accuracy>9.2</accuracy></extensions></trkpt>
<trkpt lat="37.9009802" lon="127.2108563"><time>2026-09-10T06:07:00Z</time><extensions><accuracy>49.3</accuracy></extensions></trkpt>
<trkpt lat="37.9009851" lon="127.2108503"><time>2026-09-10T06:07:01Z</time><extensions><accuracy>39.1</accuracy></extensions></trkpt>
<trkpt lat="37.9009795" lon="127.2109217"><time>2026-09-10T06:07:02Z</time><extensions><accuracy>53.9</accuracy></extensions></trkpt>
<trkpt lat="37.9010083" lon="127.2108462"><time>2026-09-10T06:07:03Z</time><extensions><accuracy>49.1</accuracy></extensions></trkpt>
<trkpt lat="37.9009677" lon="127.2109124"><time>2026-09-10T06:07:04Z</time><extensions><accuracy>37.2</accuracy></extensions></trkpt>
<trkpt lat="37.9008891" lon="127.2110155"><time>2026-09-10T06:07:05Z</time><extensions><accuracy>56.7</accuracy></extensions></trkpt>
<trkpt lat="37.9008389" lon="127.2109717"><time>2026-09-10T06:07:06Z</time><extensions><accuracy>46.1</accuracy></extensions></trkpt>
<trkpt lat="37.9008307" lon="127.2110470"><time>2026-09-10T06:07:07Z</time><extensions><accuracy>57.5</accuracy></extensions></trkpt>
<trkpt lat="37.9007660" lon="127.2110796"><time>2026-09-10T06:07:08Z</time><extensions><accuracy>39.7</accuracy></extensions></trkpt>
<trkpt lat="37.9006628" lon="127.2111664"><time>2026-09-10T06:07:09Z</time><extensions><accuracy>47.2</accuracy></extensions></trkpt>
<trkpt lat="37.9006827" lon="127.2113010"><time>2026-09-10T06:07:10Z</time><extensions><accuracy>55.2</accuracy></extensions></trkpt>
<trkpt lat="37.9006581" lon="127.2112684"><time>2026-09-10T06:07:11Z</time><extensions><accuracy>38.8</accuracy></extensions></trkpt>
<trkpt lat="37.9006331" lon="127.2113521"><time>2026-09-10T06:07:12Z</time><extensions><accuracy>50.6</accuracy></extensions></trkpt>
<trkpt lat="37.9006366" lon="127.2113239"><time>2026-09-10T06:07:13Z</time><extensions><accuracy>49.6</accuracy></extensions></trkpt>
<trkpt lat="37.9006629" lon="127.2113420"><time>2026-09-10T06:07:14Z</time><extensions><accuracy>55.6</accuracy></extensions></trkpt>
<trkpt lat="37.9006959" lon="127.2114144"><time>2026-09-10T06:07:15Z</time><extensions><accuracy>39.1</accuracy></extensions></trkpt>
<trkpt lat="37.9007261" lon="127.2113333"><time>2026-09-10T06:07:16Z</time><extensions><accuracy>38.1</accuracy></extensions></trkpt>
<trkpt lat="37.9007486" lon="127.2114385"><time>2026-09-10T06:07:17Z</time><extensions><accuracy>53.9</accuracy></extensions></trkpt>
<trkpt lat="37.9007625" lon="127.2114113"><time>2026-09-10T06:07:18Z</time><extensions><accuracy>41.8</accuracy></extensions></trkpt>
<trkpt lat="37.9007476" lon="127.2114505"><time>2026-09-10T06:07:19Z</time><extensions><accuracy>57.0</accuracy></extensions></trkpt>
<trkpt lat="37.9008139" lon="127.2115467"><time>2026-09-10T06:07:20Z</time><extensions><accuracy>38.9</accuracy></extensions></trkpt>
<trkpt lat="37.9007613" lon="127.2116182"><time>2026-09-10T06:07:21Z</time><extensions><accuracy>41.5</accuracy></extensions></trkpt>
<trkpt lat="37.9007932" lon="127.2116505"><time>2026-09-10T06:07:22Z</time><extensions><accuracy>42.9</accuracy></extensions></trkpt>
<trkpt lat="37.9007205" lon="127.2115990"><time>2026-09-10T06:07:23Z</time><extensions><accuracy>51.0</accuracy></extensions></trkpt>
<trkpt lat="37.9006977" lon="127.2115804"><time>2026-09-10T06:07:24Z</time><extensions><accuracy>42.0</accuracy></extensions></trkpt>
<trkpt lat="37.9007682" lon="127.2115803"><time>2026-09-10T06:07:25Z</time><extensions><accuracy>40.6</accuracy></extensions></trkpt>
<trkpt lat="37.9007337" lon="127.2116228"><time>2026-09-10T06:07:26Z</time><extensions><accuracy>58.5</accuracy></extensions></trkpt>
<trkpt lat="37.9007612" lon="127.2115770"><time>2026-09-10T06:07:27Z</time><extensions><accuracy>53.4</accuracy></extensions></trkpt>
<trkpt lat="37.9007650" lon="127.2115752"><time>2026-09-10T06:07:28Z</time><extensions><accuracy>51.6</accuracy></extensions></trkpt>
<trkpt lat="37.9007541" lon="127.2116272"><time>2026-09-10T06:07:29Z</time><extensions><accuracy>48.3</accuracy></extensions></trkpt>
<trkpt lat="37.9007557" lon="127.2116664"><time>2026-09-10T06:07:30Z</time><extensions><accuracy>8.4</accuracy></extensions></trkpt>
<trkpt lat="37.9007569" lon="127.2117017"><time>2026-09-10T06:07:31Z</time><extensions><accuracy>8.2</accuracy></extensions></trkpt>
<trkpt lat="37.9007434" lon="127.2117483"><time>2026-09-10T06:07:32Z</time><extensions><accuracy>6.3</accuracy></extensions></trkpt>
<trkpt lat="37.9007417" lon="127.2117798"><time>2026-09-10T06:07:33Z</time><extensions><accuracy>7.0</accuracy></extensions></trkpt>
<trkpt lat="37.9007400" lon="127.2117943"><time>2026-09-10T06:07:34Z</time><extensions><accuracy>8.4</accuracy></extensions></trkpt>
<trkpt lat="37.9007439" lon="127.2118190"><time>2026-09-10T06:07:35Z</time><extensions><accuracy>9.3</accuracy></extensions></trkpt>
<trkpt lat="37.9007428" lon="127.2118376"><time>2026-09-10T06:07:36Z</time><extensions><accuracy>6.4</accuracy></extensions></trkpt>
<trkpt lat="37.9007426" lon="127.2118740"><time>2026-09-10T06:07:37Z</time><extensions><accuracy>8.9</accuracy></extensions></trkpt>
<trkpt lat="37.9007437" lon="127.2118856"><time>2026-09-10T06:07:38Z</time><extensions><accuracy>6.4</accuracy></extensions></trkpt>
<trkpt lat="37.9007353" lon="127.2118934"><time>2026-09-10T06:07:39Z</time><extensions><accuracy>9.7</accuracy></extensions></trkpt>
<trkpt lat="37.9007182" lon="127.2119122"><time>2026-09-10T06:07:40Z</time><extensions><accuracy>7.8</accuracy></extensions></trkpt>
<trkpt lat="37.9007235" lon="127.2119203"><time>2026-09-10T06:07:41Z</time><extensions><accuracy>9.9</accuracy></extensions></trkpt>
<trkpt lat="37.9007213" lon="127.2119006"><time>2026-09-10T06:07:42Z</time><extensions><accuracy>10.0</accuracy></extensions></trkpt>
<trkpt lat="37.9007332" lon="127.2119013"><time>2026-09-10T06:07:43Z</time><extensions><accuracy>7.9</accuracy></extensions></trkpt>
<trkpt lat="37.9007344" lon="127.2119203"><time>2026-09-10T06:07:44Z</time><extensions><accuracy>9.2</accuracy></extensions></trkpt>
<trkpt lat="37.9007395" lon="127.2119235"><time>2026-09-10T06:07:45Z</time><extensions><accuracy>8.0</accuracy></extensions></trkpt>
<trkpt lat="37.9007405" lon="127.2119120"><time>2026-09-10T06:07:46Z</time><extensions><accuracy>6.3</accuracy></extensions></trkpt>
<trkpt lat="37.9007267" lon="127.2119001"><time>2026-09-10T06:07:47Z</time><extensions><accuracy>8.0</accuracy></extensions></trkpt>
<trkpt lat="37.9007134" lon="127.2119106"><time>2026-09-10T06:07:48Z</time><extensions><accuracy>6.6</accuracy></extensions></trkpt>
<trkpt lat="37.9007019" lon="127.2119132"><time>2026-09-10T06:07:49Z</time><extensions><accuracy>8.7</accuracy></extensions></trkpt>
<trkpt lat="37.9007166" lon="127.2119002"><time>2026-09-10T06:07:50Z</time><extensions><accuracy>9.1</accuracy></extensions></trkpt>
<trkpt lat="37.9007321" lon="127.2119154"><time>2026-09-10T06:07:51Z</time><extensions><accuracy>6.4</accuracy></extensions></trkpt>
<trkpt lat="37.9007192" lon="127.2119220"><time>2026-09-10T06:07:52Z</time><extensions><accuracy>8.7</accuracy></extensions></trkpt>
<trkpt lat="37.9007145" lon="127.2119294"><time>2026-09-10T06:07:53Z</time><extensions><accuracy>6.9</accuracy></extensions></trkpt>
<trkpt lat="37.9007276" lon="127.2119254"><time>2026-09-10T06:07:54Z</time><extensions><accuracy>9.0</accuracy></extensions></trkpt>
<trkpt lat="37.9007158" lon="127.2119449"><time>2026-09-10T06:07:55Z</time><extensions><accuracy>6.4</accuracy></extensions></trkpt>
<trkpt lat="37.9007295" lon="127.2119472"><time>2026-09-10T06:07:56Z</time><extensions><accuracy>10.0</accuracy></extensions></trkpt>
<trkpt lat="37.9007445" lon="127.2119333"><time>2026-09-10T06:07:57Z</time><extensions><accuracy>7.9</accuracy></extensions></trkpt>
<trkpt lat="37.9007652" lon="127.2119278"><time>2026-09-10T06:07:58Z</time><extensions><accuracy>7.7</accuracy></extensions></trkpt>
<trkpt lat="37.9007787" lon="127.2118885"><time>2026-09-10T06:07:59Z</time><extensions><accuracy>9.6</accuracy></extensions></trkpt>
<trkpt lat="37.9007823" lon="127.2118725"><time>2026-09-10T06:08:00Z</time><extensions><accuracy>8.7</accuracy></extensions></trkpt>
<trkpt lat="37.9008084" lon="127.2118606"><time>2026-09-10T06:08:01Z</time><extensions><accuracy>8.7</accuracy></extensions></trkpt>
<trkpt lat="37.9008020" lon="127.2118476"><time>2026-09-10T06:08:02Z</time><extensions><accuracy>9.6</accuracy></extensions></trkpt>
<trkpt lat="37.9007804" lon="127.2118723"><time>2026-09-10T06:08:03Z</time><extensions><accuracy>7.7</accuracy></extensions></trkpt>
<trkpt lat="37.9007864" lon="127.2118535"><time>2026-09-10T06:08:04Z</time><extensions><accuracy>8.7</accuracy></extensions></trkpt>
<trkpt lat="37.9007771" lon="127.2118600"><time>2026-09-10T06:08:05Z</time><extensions><accuracy>6.4</accuracy></extensions></trkpt>
<trkpt lat="37.9007742" lon="127.2118493"><time>2026-09-10T06:08:06Z</time><extensions><accuracy>9.9</accuracy></extensions></trkpt>
<trkpt lat="37.9007862" lon="127.2118409"><time>2026-09-10T06:08:07Z</time><extensions><accuracy>8.0</accuracy></extensions></trkpt>
<trkpt lat="37.9007792" lon="127.2118552"><time>2026-09-10T06:08:08Z</time><extensions><accuracy>8.8</accuracy></extensions></trkpt>
<trkpt lat="37.9007855" lon="127.2118776"><time>2026-09-10T06:08:09Z</time><extensions><accuracy>9.1</accuracy></extensions></trkpt>
<trkpt lat="37.9007999" lon="127.2118781"><time>2026-09-10T06:08:10Z</time><extensions><accuracy>9.4</accuracy></extensions></trkpt>
<trkpt lat="37.9008198" lon="127.2118781"><time>2026-09-10T06:08:11Z</time><extensions><accuracy>8.5</accuracy></extensions></trkpt>
<trkpt lat="37.9008129" lon="127.2118779"><time>2026-09-10T06:08:12Z</time><extensions><accuracy>9.5</accuracy></extensions></trkpt>
<trkpt lat="37.9008269" lon="127.2118915"><time>2026-09-10T06:08:13Z</time><extensions><accuracy>9.3</accuracy></extensions></trkpt>
<trkpt lat="37.9008313" lon="127.2118728"><time>2026-09-10T06:08:14Z</time><extensions><accuracy>7.2</accuracy></extensions></trkpt>
<trkpt lat="37.9008203" lon="127.2118756"><time>2026-09-10T06:08:15Z</time><extensions><accuracy>8.0</accuracy></extensions></trkpt>
<trkpt lat="37.9007926" lon="127.2118642"><time>2026-09-10T06:08:16Z</time><extensions><accuracy>10.0</accuracy></extensions></trkpt>
<trkpt lat="37.9007998" lon="127.2118673"><time>2026-09-10T06:08:17Z</time><extensions><accuracy>6.5</accuracy></extensions></trkpt>
<trkpt lat="37.9008056" lon="127.2118682"><time>2026-09-10T06:08:18Z</time><extensions><accuracy>7.3</accuracy></extensions></trkpt>
<trkpt lat="37.9008112" lon="127.2118602"><time>2026-09-10T06:08:19Z</time><extensions><accuracy>8.1</accuracy></extensions></trkpt>
<trkpt lat="37.9008115" lon="127.2118667"><time>2026-09-10T06:08:20Z</time><extensions><accuracy>7.2</accuracy></extensions></trkpt>
<trkpt lat="37.9008037" lon="127.2118645"><time>2026-09-10T06:08:21Z</time><extensions><accuracy>8.3</accuracy></extensions></trkpt>
<trkpt lat="37.9007861" lon="127.2118659"><time>2026-09-10T06:08:22Z</time><extensions><accuracy>8.2</accuracy></extensions></trkpt>
<trkpt lat="37.9007901" lon="127.2118963"><time>2026-09-10T06:08:23Z</time><extensions><accuracy>7.0</accuracy></extensions></trkpt>
<trkpt lat="37.9007910" lon="127.2118834"><time>2026-09-10T06:08:24Z</time><extensions><accuracy>8.7</accuracy></extensions></trkpt>
<trkpt lat="37.9007791" lon="127.2118989"><time>2026-09-10T06:08:25Z</time><extensions><accuracy>8.3</accuracy></extensions></trkpt>
<trkpt lat="37.9007607" lon="127.2119271"><time>2026-09-10T06:08:26Z</time><extensions><accuracy>9.8</accuracy></extensions></trkpt>
<trkpt lat="37.9007445" lon="127.2119544"><time>2026-09-10T06:08:27Z</time><extensions><accuracy>8.8</accuracy></extensions></trkpt>
<trkpt lat="37.9007449" lon="127.2119659"><time>2026-09-10T06:08:28Z</time><extensions><accuracy>6.1</accuracy></extensions></trkpt>
<trkpt lat="37.9007264" lon="127.2120181"><time>2026-09-10T06:08:29Z</time><extensions><accuracy>9.4</accuracy></extensions></trkpt>
<trkpt lat="37.9007233" lon="127.2120690"><time>2026-09-10T06:08:30Z</time><extensions><accuracy>9.2</accuracy></extensions></trkpt>
<trkpt lat="37.9007059" lon="127.2120746"><time>2026-09-10T06:08:31Z</time><extensions><accuracy>6.2</accuracy></extensions></trkpt>
<trkpt lat="37.9006983" lon="127.2121136"><time>2026-09-10T06:08:32Z</time><extensions><accuracy>8.9</accuracy></extensions></trkpt>
<trkpt lat="37.9007053" lon="127.2121276"><time>2026-09-10T06:08:33Z</time><extensions><accuracy>6.7</accuracy></extensions></trkpt>
<trkpt lat="37.9006876" lon="127.2121547"><time>2026-09-10T06:08:34Z</time><extensions><accuracy>9.1</accuracy></extensions></trkpt>
<trkpt lat="37.9006992" lon="127.2121716"><time>2026-09-10T06:08:35Z</time><extensions><accuracy>9.8</accuracy></extensions></trkpt>
<trkpt lat="37.9007005" lon="127.2121901"><time>2026-09-10T06:08:36Z</time><extensions><accuracy>8.6</accuracy></extensions></trkpt>
<trkpt lat="37.9006975" lon="127.2121963"><time>2026-09-10T06:08:37Z</time><extensions><accuracy>7.3</accuracy></extensions></trkpt>
<trkpt lat="37.9006878" lon="127.2122102"><time>2026-09-10T06:08:38Z</time><extensions><accuracy>9.1</accuracy></extensions></trkpt>
<trkpt lat="37.9006839" lon="127.2122103"><time>2026-09-10T06:08:39Z</time><extensions><accuracy>6.5</accuracy></extensions></trkpt>
<trkpt lat="37.9006675" lon="127.2122651"><time>2026-09-10T06:08:40Z</time><extensions><accuracy>8.1</accuracy></extensions></trkpt>
<trkpt lat="37.9006655" lon="127.2123110"><time>2026-09-10T06:08:41Z</time><extensions><accuracy>6.8</accuracy></extensions></trkpt>
<trkpt lat="37.9006582" lon="127.2123359"><time>2026-09-10T06:08:42Z</time><extensions><accuracy>7.9</accuracy></extensions></trkpt>
<trkpt lat="37.9006481" lon="127.2123798"><time>2026-09-10T06:08:43Z</time><extensions><accuracy>9.7</accuracy></extensions></trkpt>
<trkpt lat="37.9006311" lon="127.2124183"><time>2026-09-10T06:08:44Z</time><extensions><accuracy>6.1</accuracy></extensions></trkpt>
<trkpt lat="37.9006261" lon="127.2124512"><time>2026-09-10T06:08:45Z</time><extensions><accuracy>9.8</accuracy></extensions></trkpt>
<trkpt lat="37.9006303" lon="127.2124688"><time>2026-09-10T06:08:46Z</time><extensions><accuracy>9.5</accuracy></extensions></trkpt>
<trkpt lat="37.9006313" lon="127.2124840"><time>2026-09-10T06:08:47Z</time><extensions><accuracy>8.1</accuracy></extensions></trkpt>
<trkpt lat="37.9006151" lon="127.2125148"><time>2026-09-10T06:08:48Z</time><extensions><accuracy>7.8</accuracy></extensions></trkpt>
<trkpt lat="37.9006040" lon="127.2125450"><time>2026-09-10T06:08:49Z</time><extensions><accuracy>7.1</accuracy></extensions></trkpt>
<trkpt lat="37.9006000" lon="127.2125427"><time>2026-09-10T06:08:50Z</time><extensions><accuracy>7.9</accuracy></extensions></trkpt>
<trkpt lat="37.9005765" lon="127.2125917"><time>2026-09-10T06:08:51Z</time><extensions><accuracy>6.5</accuracy></extensions></trkpt>
<trkpt lat="37.9005658" lon="127.2126261"><time>2026-09-10T06:08:52Z</time><extensions><accuracy>9.8</accuracy></extensions></trkpt>
<trkpt lat="37.9005533" lon="127.2126719"><time>2026-09-10T06:08:53Z</time><extensions><accuracy>9.4</accuracy></extensions></trkpt>
<trkpt lat="37.9005455" lon="127.2127086"><time>2026-09-10T06:08:54Z</time><extensions><accuracy>9.7</accuracy></extensions></trkpt>
<trkpt lat="37.9005492" lon="127.2127414"><time>2026-09-10T06:08:55Z</time><extensions><accuracy>8.3</accuracy></extensions></trkpt>
<trkpt lat="37.9005238" lon="127.2127749"><time>2026-09-10T06:08:56Z</time><extensions><accuracy>8.3</accuracy></extensions></trkpt>
<trkpt lat="37.9004980" lon="127.2127856"><time>2026-09-10T06:08:57Z</time><extensions><accuracy>8.7</accuracy></extensions></trkpt>
<trkpt lat="37.9004950" lon="127.2128202"><time>2026-09-10T06:08:58Z</time><extensions><accuracy>6.6</accuracy></extensions></trkpt>
<trkpt lat="37.9005051" lon="127.2128273"><time>2026-09-10T06:08:59Z</time><extensions><accuracy>6.7</accuracy></extensions></trkpt>
<trkpt lat="37.9004724" lon="127.2128896"><time>2026-09-10T06:09:00Z</time><extensions><accuracy>9.6</accuracy></extensions></trkpt>
<trkpt lat="37.9004598" lon="127.2129061"><time>2026-09-10T06:09:01Z</time><extensions><accuracy>9.7</accuracy></extensions></trkpt>
<trkpt lat="37.9004543" lon="127.2129523"><time>2026-09-10T06:09:02Z</time><extensions><accuracy>8.7</accuracy></extensions></trkpt>
<trkpt lat="37.9004239" lon="127.2129940"><time>2026-09-10T06:09:03Z</time><extensions><accuracy>7.0</accuracy></extensions></trkpt>
<trkpt lat="37.9004062" lon="127.2130780"><time>2026-09-10T06:09:04Z</time><extensions><accuracy>9.7</accuracy></extensions></trkpt>
<trkpt lat="37.9003923" lon="127.2131090"><time>2026-09-10T06:09:05Z</time><extensions><accuracy>6.6</accuracy></extensions></trkpt>
<trkpt lat="37.9003734" lon="127.2131497"><time>2026-09-10T06:09:06Z</time><extensions><accuracy>8.3</accuracy></extensions></trkpt>
<trkpt lat="37.9003522" lon="127.2131842"><time>2026-09-10T06:09:07Z</time><extensions><accuracy>8.3</accuracy></extensions></trkpt>
<trkpt lat="37.9003287" lon="127.2132216"><time>2026-09-10T06:09:08Z</time><extensions><accuracy>6.4</accuracy></extensions></trkpt>
<trkpt lat="37.9003131" lon="127.2132846"><time>2026-09-10T06:09:09Z</time><extensions><accuracy>6.7</accuracy></extensions></trkpt>
<trkpt lat="37.9002921" lon="127.2133328"><time>2026-09-10T06:09:10Z</time><extensions><accuracy>7.9</accuracy></extensions></trkpt>
<trkpt lat="37.9002666" lon="127.2133665"><time>2026-09-10T06:09:11Z</time><extensions><accuracy>6.9</accuracy></extensions></trkpt>
<trkpt lat="37.9002557" lon="127.2133937"><time>2026-09-10T06:09:12Z</time><extensions><accuracy>6.7</accuracy></extensions></trkpt>
<trkpt lat="37.9002521" lon="127.2134349"><time>2026-09-10T06:09:13Z</time><extensions><accuracy>7.4</accuracy></extensions></trkpt>
<trkpt lat="37.9002250" lon="127.2134807"><time>2026-09-10T06:09:14Z</time><extensions><accuracy>6.6</accuracy></extensions></trkpt>
<trkpt lat="37.9002077" lon="127.2135193"><time>2026-09-10T06:09:15Z</time><extensions><accuracy>9.4</accuracy></extensions></trkpt>
<trkpt lat="37.9001831" lon="127.2135486"><time>2026-09-10T06:09:16Z</time><extensions><accuracy>6.5</accuracy></extensions></trkpt>
<trkpt lat="37.9001586" lon="127.2135940"><time>2026-09-10T06:09:17Z</time><extensions><accuracy>7.2</accuracy></extensions></trkpt>
<trkpt lat="37.9001164" lon="127.2136250"><time>2026-09-10T06:09:18Z</time><extensions><accuracy>7.9</accuracy></extensions></trkpt>
<trkpt lat="37.9000961" lon="127.2136683"><time>2026-09-10T06:09:19Z</time><extensions><accuracy>8.4</accuracy></extensions></trkpt>
<trkpt lat="37.9000632" lon="127.2137052"><time>2026-09-10T06:09:20Z</time><extensions><accuracy>8.0</accuracy></extensions></trkpt>
<trkpt lat="37.9000625" lon="127.2137426"><time>2026-09-10T06:09:21Z</time><extensions><accuracy>7.3</accuracy></extensions></trkpt>
<trkpt lat="37.9000720" lon="127.2137829"><time>2026-09-10T06:09:22Z</time><extensions><accuracy>8.9</accuracy></extensions></trkpt>
<trkpt lat="37.9000630" lon="127.2138178"><time>2026-09-10T06:09:23Z</time><extensions><accuracy>6.5</accuracy></extensions></trkpt>
<trkpt lat="37.9000462" lon="127.2138641"><time>2026-09-10T06:09:24Z</time><extensions><accuracy>8.4</accuracy></extensions></trkpt>
<trkpt lat="37.9000033" lon="127.2139397"><time>2026-09-10T06:09:25Z</time><extensions><accuracy>9.2</accuracy></extensions></trkpt>
<trkpt lat="37.8999684" lon="127.2139783"><time>2026-09-10T06:09:26Z</time><extensions><accuracy>9.8</accuracy></extensions></trkpt>
<trkpt lat="37.8999285" lon="127.2140155"><time>2026-09-10T06:09:27Z</time><extensions><accuracy>8.4</accuracy></extensions></trkpt>
<trkpt lat="37.8999034" lon="127.2140719"><time>2026-09-10T06:09:28Z</time><extensions><accuracy>9.9</accuracy></extensions></trkpt>
<trkpt lat="37.8998900" lon="127.2141186"><time>2026-09-10T06:09:29Z</time><extensions><accuracy>7.6</accuracy></extensions></trkpt>
<trkpt lat="37.8998698" lon="127.2141520"><time>2026-09-10T06:09:30Z</time><extensions><accuracy>6.7</accuracy></extensions></trkpt>
<trkpt lat="37.8998610" lon="127.2141925"><time>2026-09-10T06:09:31Z</time><extensions><accuracy>8.4</accuracy></extensions></trkpt>
<trkpt lat="37.8998400" lon="127.2142484"><time>2026-09-10T06:09:32Z</time><extensions><accuracy>10.0</accuracy></extensions></trkpt>
<trkpt lat="37.8998252" lon="127.2143020"><time>2026-09-10T06:09:33Z</time><extensions><accuracy>6.6</accuracy></extensions></trkpt>
<trkpt lat="37.8997988" lon="127.2143345"><time>2026-09-10T06:09:34Z</time><extensions><accuracy>9.1</accuracy></extensions></trkpt>
<trkpt lat="37.8997858" lon="127.2143816"><time>2026-09-10T06:09:35Z</time><extensions><accuracy>6.3</accuracy></extensions></trkpt>
<trkpt lat="37.8997685" lon="127.2144223"><time>2026-09-10T06:09:36Z</time><extensions><accuracy>8.2</accuracy></extensions></trkpt>
<trkpt lat="37.8997457" lon="127.2144671"><time>2026-09-10T06:09:37Z</time><extensions><accuracy>8.7</accuracy></extensions></trkpt>
<trkpt lat="37.8997389" lon="127.2145180"><time>2026-09-10T06:09:38Z</time><extensions><accuracy>9.2</accuracy></extensions></trkpt>
<trkpt lat="37.8997227" lon="127.2145452"><time>2026-09-10T06:09:39Z</time><extensions><accuracy>6.2</accuracy></extensions></trkpt>
<trkpt lat="37.8997027" lon="127.2146108"><time>2026-09-10T06:09:40Z</time><extensions><accuracy>7.4</accuracy></extensions></trkpt>
<trkpt lat="37.8996681" lon="127.2146450"><time>2026-09-10T06:09:41Z</time><extensions><accuracy>7.7</accuracy></extensions></trkpt>
<trkpt lat="37.8996400" lon="127.2146939"><time>2026-09-10T06:09:42Z</time><extensions><accuracy>6.7</accuracy></extensions></trkpt>
<trkpt lat="37.8996236" lon="127.2147100"><time>2026-09-10T06:09:43Z</time><extensions><accuracy>9.0</accuracy></extensions></trkpt>
<trkpt lat="37.8995839" lon="127.2147781"><time>2026-09-10T06:09:44Z</time><extensions><accuracy>7.2</accuracy></extensions></trkpt>
<trkpt lat="37.8995556" lon="127.2148133"><time>2026-09-10T06:09:45Z</time><extensions><accuracy>7.8</accuracy></extensions></trkpt>
<trkpt lat="37.8995232" lon="127.2148543"><time>2026-09-10T06:09:46Z</time><extensions><accuracy>9.1</accuracy></extensions></trkpt>
<trkpt lat="37.8995016" lon="127.2149042"><time>2026-09-10T06:09:47Z</time><extensions><accuracy>7.9</accuracy></extensions></trkpt>
<trkpt lat="37.8994670" lon="127.2149458"><time>2026-09-10T06:09:48Z</time><extensions><accuracy>7.4</accuracy></extensions></trkpt>
<trkpt lat="37.8994489" lon="127.2149668"><time>2026-09-10T06:09:49Z</time><extensions><accuracy>6.7</accuracy></extensions></trkpt>
<trkpt lat="37.8994199" lon="127.2149990"><time>2026-09-10T06:09:50Z</time><extensions><accuracy>7.5</accuracy></extensions></trkpt>
<trkpt lat="37.8993864" lon="127.2150489"><time>2026-09-10T06:09:51Z</time><extensions><accuracy>7.2</accuracy></extensions></trkpt>
<trkpt lat="37.8993503" lon="127.2150901"><time>2026-09-10T06:09:52Z</time><extensions><accuracy>9.5</accuracy></extensions></trkpt>
<trkpt lat="37.8993268" lon="127.2151137"><time>2026-09-10T06:09:53Z</time><extensions><accuracy>8.4</accuracy></extensions></trkpt>
<trkpt lat="37.8993001" lon="127.2151522"><time>2026-09-10T06:09:54Z</time><extensions><accuracy>8.7</accuracy></extensions></trkpt>
<trkpt lat="37.8992853" lon="127.2151929"><time>2026-09-10T06:09:55Z</time><extensions><accuracy>6.3</accuracy></extensions></trkpt>
<trkpt lat="37.8992422" lon="127.2152199"><time>2026-09-10T06:09:56Z</time><extensions><accuracy>6.9</accuracy></extensions></trkpt>
<trkpt lat="37.8992154" lon="127.2152441"><time>2026-09-10T06:09:57Z</time><extensions><accuracy>7.8</accuracy></extensions></trkpt>
<trkpt lat="37.8991961" lon="127.2152647"><time>2026-09-10T06:09:58Z</time><extensions><accuracy>6.8</accuracy></extensions></trkpt>
<trkpt lat="37.8991551" lon="127.2153249"><time>2026-09-10T06:09:59Z</time><extensions><accuracy>6.9</accuracy></extensions></trkpt>
<trkpt lat="37.8991447" lon="127.2153393"><time>2026-09-10T06:10:00Z</time><extensions><accuracy>6.2</accuracy></extensions></trkpt>
<trkpt lat="37.8991251" lon="127.2153579"><time>2026-09-10T06:10:01Z</time><extensions><accuracy>9.5</accuracy></extensions></trkpt>
<trkpt lat="37.8990992" lon="127.2153901"><time>2026-09-10T06:10:02Z</time><extensions><accuracy>7.1</accuracy></extensions></trkpt>
<trkpt lat="37.8990903" lon="127.2154014"><time>2026-09-10T06:10:03Z</time><extensions><accuracy>9.2</accuracy></extensions></trkpt>
<trkpt lat="37.8990775" lon="127.2154122"><time>2026-09-10T06:10:04Z</time><extensions><accuracy>8.3</accuracy></extensions></trkpt>
<trkpt lat="37.8990643" lon="127.2154516"><time>2026-09-10T06:10:05Z</time><extensions><accuracy>9.2</accuracy></extensions></trkpt>
<trkpt lat="37.8990287" lon="127.2154650"><time>2026-09-10T06:10:06Z</time><extensions><accuracy>8.0</accuracy></extensions></trkpt>
<trkpt lat="37.8990136" lon="127.2155214"><time>2026-09-10T06:10:07Z</time><extensions><accuracy>6.6</accuracy></extensions></trkpt>
<trkpt lat="37.8990069" lon="127.2155332"><time>2026-09-10T06:10:08Z</time><extensions><accuracy>8.5</accuracy></extensions></trkpt>
<trkpt lat="37.8989762" lon="127.2155391"><time>2026-09-10T06:10:09Z</time><extensions><accuracy>7.3</accuracy></extensions></trkpt>
<trkpt lat="37.8989739" lon="127.2155649"><time>2026-09-10T06:10:10Z</time><extensions><accuracy>8.0</accuracy></extensions></trkpt>
<trkpt lat="37.8989637" lon="127.2155791"><time>2026-09-10T06:10:11Z</time><extensions><accuracy>9.1</accuracy></extensions></trkpt>
<trkpt lat="37.8989650" lon="127.2155855"><time>2026-09-10T06:10:12Z</time><extensions><accuracy>7.6</accuracy></extensions></trkpt>
<trkpt lat="37.8989564" lon="127.2156192"><time>2026-09-10T06:10:13Z</time><extensions><accuracy>8.5</accuracy></extensions></trkpt>
<trkpt lat="37.8989278" lon="127.2156375"><time>2026-09-10T06:10:14Z</time><extensions><accuracy>7.7</accuracy></extensions></trkpt>
<trkpt lat="37.8989174" lon="127.2156418"><time>2026-09-10T06:10:15Z</time><extensions><accuracy>6.4</accuracy></extensions></trkpt>
<trkpt lat="37.8988947" lon="127.2156526"><time>2026-09-10T06:10:16Z</time><extensions><accuracy>6.8</accuracy></extensions></trkpt>
<trkpt lat="37.8988777" lon="127.2156708"><time>2026-09-10T06:10:17Z</time><extensions><accuracy>6.5</accuracy></extensions></trkpt>
<trkpt lat="37.8988547" lon="127.2156857"><time>2026-09-10T06:10:18Z</time><extensions><accuracy>9.7</accuracy></extensions></trkpt>
<trkpt lat="37.8988382" lon="127.2157043"><time>2026-09-10T06:10:19Z</time><extensions><accuracy>9.7</accuracy></extensions></trkpt>
<trkpt lat="37.8988320" lon="127.2157278"><time>2026-09-10T06:10:20Z</time><extensions><accuracy>8.9</accuracy></extensions></trkpt>
<trkpt lat="37.8988016" lon="127.2157174"><time>2026-09-10T06:10:21Z</time><extensions><accuracy>8.3</accuracy></extensions></trkpt>
<trkpt lat="37.8987931" lon="127.2157545"><time>2026-09-10T06:10:22Z</time><extensions><accuracy>9.3</accuracy></extensions></trkpt>
<trkpt lat="37.8987745" lon="127.2157601"><time>2026-09-10T06:10:23Z</time><extensions><accuracy>6.4</accuracy></extensions></trkpt>
<trkpt lat="37.8987713" lon="127.2157875"><time>2026-09-10T06:10:24Z</time><extensions><accuracy>8.6</accuracy></extensions></trkpt>
<trkpt lat="37.8987713" lon="127.2158131"><time>2026-09-10T06:10:25Z</time><extensions><accuracy>7.7</accuracy></extensions></trkpt>
<trkpt lat="37.8987540" lon="127.2157961"><time>2026-09-10T06:10:26Z</time><extensions><accuracy>9.9</accuracy></extensions></trkpt>
<trkpt lat="37.8987277" lon="127.2158030"><time>2026-09-10T06:10:27Z</time><extensions><accuracy>6.4</accuracy></extensions></trkpt>
<trkpt lat="37.8987151" lon="127.2158111"><time>2026-09-10T06:10:28Z</time><extensions><accuracy>7.8</accuracy></extensions></trkpt>
<trkpt lat="37.8986839" lon="127.2158128"><time>2026-09-10T06:10:29Z</time><extensions><accuracy>6.3</accuracy></extensions></trkpt>
<trkpt lat="37.8986635" lon="127.2158301"><time>2026-09-10T06:10:30Z</time><extensions><accuracy>7.5</accuracy></extensions></trkpt>
<trkpt lat="37.8986497" lon="127.2158530"><time>2026-09-10T06:10:31Z</time><extensions><accuracy>9.9</accuracy></extensions></trkpt>
<trkpt lat="37.8986458" lon="127.2158685"><time>2026-09-10T06:10:32Z</time><extensions><accuracy>8.6</accuracy></extensions></trkpt>
<trkpt lat="37.8986274" lon="127.2158748"><time>2026-09-10T06:10:33Z</time><extensions><accuracy>6.3</accuracy></extensions></trkpt>
<trkpt lat="37.8986181" lon="127.2159020"><time>2026-09-10T06:10:34Z</time><extensions><accuracy>7.4</accuracy></extensions></trkpt>
<trkpt lat="37.8985874" lon="127.2159282"><time>2026-09-10T06:10:35Z</time><extensions><accuracy>9.3</accuracy></extensions></trkpt>
<trkpt lat="37.8985569" lon="127.2159672"><time>2026-09-10T06:10:36Z</time><extensions><accuracy>8.6</accuracy></extensions></trkpt>
<trkpt lat="37.8985570" lon="127.2159912"><time>2026-09-10T06:10:37Z</time><extensions><accuracy>8.9</accuracy></extensions></trkpt>
<trkpt lat="37.8985146" lon="127.2160111"><time>2026-09-10T06:10:38Z</time><extensions><accuracy>6.1</accuracy></extensions></trkpt>
<trkpt lat="37.8984904" lon="127.2160633"><time>2026-09-10T06:10:39Z</time><extensions><accuracy>9.3</accuracy></extensions></trkpt>
<trkpt lat="37.8984695" lon="127.2160593"><time>2026-09-10T06:10:40Z</time><extensions><accuracy>6.7</accuracy></extensions></trkpt>
<trkpt lat="37.8984536" lon="127.2160972"><time>2026-09-10T06:10:41Z</time><extensions><accuracy>6.2</accuracy></extensions></trkpt>
<trkpt lat="37.8984446" lon="127.2161300"><time>2026-09-10T06:10:42Z</time><extensions><accuracy>10.0</accuracy></extensions></trkpt>
<trkpt lat="37.8984388" lon="127.2161721"><time>2026-09-10T06:10:43Z</time><extensions><accuracy>9.6</accuracy></extensions></trkpt>
<trkpt lat="37.8984254" lon="127.2161767"><time>2026-09-10T06:10:44Z</time><extensions><accuracy>9.0</accuracy></extensions></trkpt>
<trkpt lat="37.8984142" lon="127.2162035"><time>2026-09-10T06:10:45Z</time><extensions><accuracy>8.4</accuracy></extensions></trkpt>
<trkpt lat="37.8984078" lon="127.2162322"><time>2026-09-10T06:10:46Z</time><extensions><accuracy>9.2</accuracy></extensions></trkpt>
<trkpt lat="37.8983958" lon="127.2162296"><time>2026-09-10T06:10:47Z</time><extensions><accuracy>6.3</accuracy></extensions></trkpt>
<trkpt lat="37.8983899" lon="127.2162331"><time>2026-09-10T06:10:48Z</time><extensions><accuracy>6.5</accuracy></extensions></trkpt>
<trkpt lat="37.8983900" lon="127.2162635"><time>2026-09-10T06:10:49Z</time><extensions><accuracy>8.6</accuracy></extensions></trkpt>
<trkpt lat="37.8983671" lon="127.2162846"><time>2026-09-10T06:10:50Z</time><extensions><accuracy>8.8</accuracy></extensions></trkpt>
<trkpt lat="37.8983514" lon="127.2163263"><time>2026-09-10T06:10:51Z</time><extensions><accuracy>9.1</accuracy></extensions></trkpt>
<trkpt lat="37.8983235" lon="127.2163533"><time>2026-09-10T06:10:52Z</time><extensions><accuracy>8.3</accuracy></extensions></trkpt>
<trkpt lat="37.8982812" lon="127.2163669"><time>2026-09-10T06:10:53Z</time><extensions><accuracy>7.1</accuracy></extensions></trkpt>
<trkpt lat="37.8982502" lon="127.2163963"><time>2026-09-10T06:10:54Z</time><extensions><accuracy>8.3</accuracy></extensions></trkpt>
<trkpt lat="37.8982388" lon="127.2164276"><time>2026-09-10T06:10:55Z</time><extensions><accuracy>9.9</accuracy></extensions></trkpt>
<trkpt lat="37.8982134" lon="127.2164380"><time>2026-09-10T06:10:56Z</time><extensions><accuracy>9.6</accuracy></extensions></trkpt>
<trkpt lat="37.8981921" lon="127.2164342"><time>2026-09-10T06:10:57Z</time><extensions><accuracy>6.7</accuracy></extensions></trkpt>
<trkpt lat="37.8966281" lon="127.2176005"><time>2026-09-10T06:12:10Z</time><extensions><accuracy>7.4</accuracy></extensions></trkpt>
<trkpt lat="37.8965868" lon="127.2175960"><time>2026-09-10T06:12:11Z</time><extensions><accuracy>7.7</accuracy></extensions></trkpt>
<trkpt lat="37.8965371" lon="127.2176132"><time>2026-09-10T06:12:12Z</time><extensions><accuracy>9.5</accuracy></extensions></trkpt>
<trkpt lat="37.8964993" lon="127.2176153"><time>2026-09-10T06:12:13Z</time><extensions><accuracy>6.4</accuracy></extensions></trkpt>
<trkpt lat="37.8964542" lon="127.2176153"><time>2026-09-10T06:12:14Z</time><extensions><accuracy>7.9</accuracy></extensions></trkpt>
<trkpt lat="37.8964137" lon="127.2176240"><time>2026-09-10T06:12:15Z</time><extensions><accuracy>6.7</accuracy></extensions></trkpt>
<trkpt lat="37.8964092" lon="127.2176389"><time>2026-09-10T06:12:16Z</time><extensions><accuracy>9.6</accuracy></extensions></trkpt>
<trkpt lat="37.8963613" lon="127.2176692"><time>2026-09-10T06:12:17Z</time><extensions><accuracy>7.9</accuracy></extensions></trkpt>
<trkpt lat="37.8963254" lon="127.2177040"><time>2026-09-10T06:12:18Z</time><extensions><accuracy>9.1</accuracy></extensions></trkpt>
<trkpt lat="37.8962836" lon="127.2177214"><time>2026-09-10T06:12:19Z</time><extensions><accuracy>7.4</accuracy></extensions></trkpt>
<trkpt lat="37.8962375" lon="127.2177501"><time>2026-09-10T06:12:20Z</time><extensions><accuracy>8.9</accuracy></extensions></trkpt>
<trkpt lat="37.8962114" lon="127.2177454"><time>2026-09-10T06:12:21Z</time><extensions><accuracy>8.1</accuracy></extensions></trkpt>
<trkpt lat="37.8961923" lon="127.2177474"><time>2026-09-10T06:12:22Z</time><extensions><accuracy>9.0</accuracy></extensions></trkpt>
<trkpt lat="37.8961679" lon="127.2177395"><time>2026-09-10T06:12:23Z</time><extensions><accuracy>6.6</accuracy></extensions></trkpt>
<trkpt lat="37.8961237" lon="127.2177777"><time>2026-09-10T06:12:24Z</time><extensions><accuracy>6.8</accuracy></extensions></trkpt>
<trkpt lat="37.8961010" lon="127.2178003"><time>2026-09-10T06:12:25Z</time><extensions><accuracy>9.5</accuracy></extensions></trkpt>
<trkpt lat="37.8960521" lon="127.2178159"><time>2026-09-10T06:12:26Z</time><extensions><accuracy>9.5</accuracy></extensions></trkpt>
<trkpt lat="37.8960129" lon="127.2178556"><time>2026-09-10T06:12:27Z</time><extensions><accuracy>7.0</accuracy></extensions></trkpt>
<trkpt lat="37.8959711" lon="127.2178895"><time>2026-09-10T06:12:28Z</time><extensions><accuracy>9.0</accuracy></extensions></trkpt>
<trkpt lat="37.8959284" lon="127.2179289"><time>2026-09-10T06:12:29Z</time><extensions><accuracy>9.3</accuracy></extensions></trkpt>
<trkpt lat="37.8958982" lon="127.2179421"><time>2026-09-10T06:12:30Z</time><extensions><accuracy>8.5</accuracy></extensions></trkpt>
<trkpt lat="37.8958624" lon="127.2179683"><time>2026-09-10T06:12:31Z</time><extensions><accuracy>7.4</accuracy></extensions></trkpt>
<trkpt lat="37.8958328" lon="127.2179698"><time>2026-09-10T06:12:32Z</time><extensions><accuracy>7.7</accuracy></extensions></trkpt>
<trkpt lat="37.8957920" lon="127.2179755"><time>2026-09-10T06:12:33Z</time><extensions><accuracy>8.3</accuracy></extensions></trkpt>
<trkpt lat="37.8957639" lon="127.2179705"><time>2026-09-10T06:12:34Z</time><extensions><accuracy>7.3</accuracy></extensions></trkpt>
<trkpt lat="37.8957397" lon="127.2179881"><time>2026-09-10T06:12:35Z</time><extensions><accuracy>9.4</accuracy></extensions></trkpt>
<trkpt lat="37.8956924" lon="127.2180071"><time>2026-09-10T06:12:36Z</time><extensions><accuracy>7.0</accuracy></extensions></trkpt>
<trkpt lat="37.8956591" lon="127.2179959"><time>2026-09-10T06:12:37Z</time><extensions><accuracy>8.1</accuracy></extensions></trkpt>
<trkpt lat="37.8956184" lon="127.2180247"><time>2026-09-10T06:12:38Z</time><extensions><accuracy>8.8</accuracy></extensions></trkpt>
<trkpt lat="37.8955830" lon="127.2180135"><time>2026-09-10T06:12:39Z</time><extensions><accuracy>7.5</accuracy></extensions></trkpt>
<trkpt lat="37.8955268" lon="127.2180333"><time>2026-09-10T06:12:40Z</time><extensions><accuracy>6.7</accuracy></extensions></trkpt>
<trkpt lat="37.8954856" lon="127.2180487"><time>2026-09-10T06:12:41Z</time><extensions><accuracy>8.6</accuracy></extensions></trkpt>
<trkpt lat="37.8954547" lon="127.2180634"><time>2026-09-10T06:12:42Z</time><extensions><accuracy>9.0</accuracy></extensions></trkpt>
<trkpt lat="37.8954125" lon="127.2180713"><time>2026-09-10T06:12:43Z</time><extensions><accuracy>9.1</accuracy></extensions></trkpt>
<trkpt lat="37.8953774" lon="127.2180555"><time>2026-09-10T06:12:44Z</time><extensions><accuracy>9.9</accuracy></extensions></trkpt>
<trkpt lat="37.8953390" lon="127.2180460"><time>2026-09-10T06:12:45Z</time><extensions><accuracy>9.0</accuracy></extensions></trkpt>
<trkpt lat="37.8953128" lon="127.2180463"><time>2026-09-10T06:12:46Z</time><extensions><accuracy>9.7</accuracy></extensions></trkpt>
<trkpt lat="37.8952757" lon="127.2180556"><time>2026-09-10T06:12:47Z</time><extensions><accuracy>8.9</accuracy></extensions></trkpt>
<trkpt lat="37.8952324" lon="127.2180580"><time>2026-09-10T06:12:48Z</time><extensions><accuracy>8.2</accuracy></extensions></trkpt>
<trkpt lat="37.8951914" lon="127.2180618"><time>2026-09-10T06:12:49Z</time><extensions><accuracy>9.6</accuracy></extensions></trkpt>
<trkpt lat="37.8951454" lon="127.2180562"><time>2026-09-10T06:12:50Z</time><extensions><accuracy>8.9</accuracy></extensions></trkpt>
<trkpt lat="37.8951071" lon="127.2180762"><time>2026-09-10T06:12:51Z</time><extensions><accuracy>8.3</accuracy></extensions></trkpt>
<trkpt lat="37.8950522" lon="127.2180899"><time>2026-09-10T06:12:52Z</time><extensions><accuracy>9.6</accuracy></extensions></trkpt>
<trkpt lat="37.8950040" lon="127.2180794"><time>2026-09-10T06:12:53Z</time><extensions><accuracy>7.3</accuracy></extensions></trkpt>
<trkpt lat="37.8949462" lon="127.2180810"><time>2026-09-10T06:12:54Z</time><extensions><accuracy>7.5</accuracy></extensions></trkpt>
<trkpt lat="37.8949024" lon="127.2180951"><time>2026-09-10T06:12:55Z</time><extensions><accuracy>9.7</accuracy></extensions></trkpt>
<trkpt lat="37.8948608" lon="127.2181175"><time>2026-09-10T06:12:56Z</time><extensions><accuracy>7.0</accuracy></extensions></trkpt>
<trkpt lat="37.8948246" lon="127.2181354"><time>2026-09-10T06:12:57Z</time><extensions><accuracy>6.5</accuracy></extensions></trkpt>
<trkpt lat="37.8947651" lon="127.2181579"><time>2026-09-10T06:12:58Z</time><extensions><accuracy>6.0</accuracy></extensions></trkpt>
<trkpt lat="37.8947102" lon="127.2181484"><time>2026-09-10T06:12:59Z</time><extensions><accuracy>7.1</accuracy></extensions></trkpt>
<trkpt lat="37.8947010" lon="127.2181445"><time>2026-09-10T06:13:00Z</time><extensions><accuracy>8.8</accuracy></extensions></trkpt>
<trkpt lat="37.8946773" lon="127.2181369"><time>2026-09-10T06:13:01Z</time><extensions><accuracy>6.8</accuracy></extensions></trkpt>
<trkpt lat="37.8946617" lon="127.2181409"><time>2026-09-10T06:13:02Z</time><extensions><accuracy>7.7</accuracy></extensions></trkpt>
<trkpt lat="37.8946197" lon="127.2181232"><time>2026-09-10T06:13:03Z</time><extensions><accuracy>7.1</accuracy></extensions></trkpt>
<trkpt lat="37.8946067" lon="127.2181211"><time>2026-09-10T06:13:04Z</time><extensions><accuracy>6.3</accuracy></extensions></trkpt>
<trkpt lat="37.8945932" lon="127.2181250"><time>2026-09-10T06:13:05Z</time><extensions><accuracy>7.1</accuracy></extensions></trkpt>
<trkpt lat="37.8945580" lon="127.2181431"><time>2026-09-10T06:13:06Z</time><extensions><accuracy>6.0</accuracy></extensions></trkpt>
<trkpt lat="37.8945374" lon="127.2181802"><time>2026-09-10T06:13:07Z</time><extensions><accuracy>8.1</accuracy></extensions></trkpt>
<trkpt lat="37.8945081" lon="127.2181714"><time>2026-09-10T06:13:08Z</time><extensions><accuracy>9.5</accuracy></extensions></trkpt>
<trkpt lat="37.8945023" lon="127.2181811"><time>2026-09-10T06:13:09Z</time><extensions><accuracy>7.5</accuracy></extensions></trkpt>
<trkpt lat="37.8944730" lon="127.2181603"><time>2026-09-10T06:13:10Z</time><extensions><accuracy>8.5</accuracy></extensions></trkpt>
<trkpt lat="37.8944394" lon="127.2181600"><time>2026-09-10T06:13:11Z</time><extensions><accuracy>7.9</accuracy></extensions></trkpt>
<trkpt lat="37.8944305" lon="127.2181686"><time>2026-09-10T06:13:12Z</time><extensions><accuracy>7.1</accuracy></extensions></trkpt>
<trkpt lat="37.8944178" lon="127.2181602"><time>2026-09-10T06:13:13Z</time><extensions><accuracy>8.3</accuracy></extensions></trkpt>
<trkpt lat="37.8944058" lon="127.2181672"><time>2026-09-10T06:13:14Z</time><extensions><accuracy>10.0</accuracy></extensions></trkpt>
<trkpt lat="37.8943624" lon="127.2181513"><time>2026-09-10T06:13:15Z</time><extensions><accuracy>8.0</accuracy></extensions></trkpt>
<trkpt lat="37.8943289" lon="127.2181271"><time>2026-09-10T06:13:16Z</time><extensions><accuracy>8.2</accuracy></extensions></trkpt>
<trkpt lat="37.8943218" lon="127.2181465"><time>2026-09-10T06:13:17Z</time><extensions><accuracy>9.9</accuracy></extensions></trkpt>
<trkpt lat="37.8942942" lon="127.2181217"><time>2026-09-10T06:13:18Z</time><extensions><accuracy>7.6</accuracy></extensions></trkpt>
<trkpt lat="37.8942937" lon="127.2181330"><time>2026-09-10T06:13:19Z</time><extensions><accuracy>6.4</accuracy></extensions></trkpt>
<trkpt lat="37.8942722" lon="127.2181272"><time>2026-09-10T06:13:20Z</time><extensions><accuracy>8.1</accuracy></extensions></trkpt>
<trkpt lat="37.8942434" lon="127.2181259"><time>2026-09-10T06:13:21Z</time><extensions><accuracy>8.1</accuracy></extensions></trkpt>
<trkpt lat="37.8942187" lon="127.2181469"><time>2026-09-10T06:13:22Z</time><extensions><accuracy>8.6</accuracy></extensions></trkpt>
<trkpt lat="37.8941897" lon="127.2181298"><time>2026-09-10T06:13:23Z</time><extensions><accuracy>6.6</accuracy></extensions></trkpt>
<trkpt lat="37.8941540" lon="127.2181110"><time>2026-09-10T06:13:24Z</time><extensions><accuracy>9.0</accuracy></extensions></trkpt>
<trkpt lat="37.8941408" lon="127.2181209"><time>2026-09-10T06:13:25Z</time><extensions><accuracy>6.0</accuracy></extensions></trkpt>
<trkpt lat="37.8941023" lon="127.2181232"><time>2026-09-10T06:13:26Z</time><extensions><accuracy>7.6</accuracy></extensions></trkpt>
<trkpt lat="37.8940777" lon="127.2181356"><time>2026-09-10T06:13:27Z</time><extensions><accuracy>7.4</accuracy></extensions></trkpt>
<trkpt lat="37.8940306" lon="127.2181357"><time>2026-09-10T06:13:28Z</time><extensions><accuracy>7.3</accuracy></extensions></trkpt>
<trkpt lat="37.8940146" lon="127.2181151"><time>2026-09-10T06:13:29Z</time><extensions><accuracy>6.8</accuracy></extensions></trkpt>
<trkpt lat="37.8939797" lon="127.2181044"><time>2026-09-10T06:13:30Z</time><extensions><accuracy>7.7</accuracy></extensions></trkpt>
<trkpt lat="37.8939726" lon="127.2181126"><time>2026-09-10T06:13:31Z</time><extensions><accuracy>9.4</accuracy></extensions></trkpt>
<trkpt lat="37.8939468" lon="127.2181423"><time>2026-09-10T06:13:32Z</time><extensions><accuracy>7.8</accuracy></extensions></trkpt>
<trkpt lat="37.8939157" lon="127.2181211"><time>2026-09-10T06:13:33Z</time><extensions><accuracy>7.1</accuracy></extensions></trkpt>
<trkpt lat="37.8939045" lon="127.2181367"><time>2026-09-10T06:13:34Z</time><extensions><accuracy>9.3</accuracy></extensions></trkpt>
<trkpt lat="37.8938835" lon="127.2181341"><time>2026-09-10T06:13:35Z</time><extensions><accuracy>6.8</accuracy></extensions></trkpt>
<trkpt lat="37.8938642" lon="127.2181312"><time>2026-09-10T06:13:36Z</time><extensions><accuracy>7.6</accuracy></extensions></trkpt>
<trkpt lat="37.8938385" lon="127.2181224"><time>2026-09-10T06:13:37Z</time><extensions><accuracy>7.1</accuracy></extensions></trkpt>
<trkpt lat="37.8938132" lon="127.2181383"><time>2026-09-10T06:13:38Z</time><extensions><accuracy>9.9</accuracy></extensions></trkpt>
<trkpt lat="37.8937875" lon="127.2181338"><time>2026-09-10T06:13:39Z</time><extensions><accuracy>7.6</accuracy></extensions></trkpt>
<trkpt lat="37.8937607" lon="127.2181310"><time>2026-09-10T06:13:40Z</time><extensions><accuracy>8.3</accuracy></extensions></trkpt>
<trkpt lat="37.8937521" lon="127.2181349"><time>2026-09-10T06:13:41Z</time><extensions><accuracy>6.9</accuracy></extensions></trkpt>
<trkpt lat="37.8937152" lon="127.2181317"><time>2026-09-10T06:13:42Z</time><extensions><accuracy>7.0</accuracy></extensions></trkpt>
<trkpt lat="37.8936955" lon="127.2181491"><time>2026-09-10T06:13:43Z</time><extensions><accuracy>8.4</accuracy></extensions></trkpt>
<trkpt lat="37.8936727" lon="127.2181462"><time>2026-09-10T06:13:44Z</time><extensions><accuracy>8.6</accuracy></extensions></trkpt>
<trkpt lat="37.8936478" lon="127.2181629"><time>2026-09-10T06:13:45Z</time><extensions><accuracy>6.0</accuracy></extensions></trkpt>
<trkpt lat="37.8936268" lon="127.2181302"><time>2026-09-10T06:13:46Z</time><extensions><accuracy>7.1</accuracy></extensions></trkpt>
<trkpt lat="37.8936189" lon="127.2181383"><time>2026-09-10T06:13:47Z</time><extensions><accuracy>8.9</accuracy></extensions></trkpt>
<trkpt lat="37.8936005" lon="127.2181332"><time>2026-09-10T06:13:48Z</time><extensions><accuracy>9.3</accuracy></extensions></trkpt>
<trkpt lat="37.8935792" lon="127.2181483"><time>2026-09-10T06:13:49Z</time><extensions><accuracy>8.3</accuracy></extensions></trkpt>
<trkpt lat="37.8935610" lon="127.2181406"><time>2026-09-10T06:13:50Z</time><extensions><accuracy>7.6</accuracy></extensions></trkpt>
<trkpt lat="37.8935350" lon="127.2181125"><time>2026-09-10T06:13:51Z</time><extensions><accuracy>6.7</accuracy></extensions></trkpt>
<trkpt lat="37.8935289" lon="127.2181094"><time>2026-09-10T06:13:52Z</time><extensions><accuracy>7.1</accuracy></extensions></trkpt>
<trkpt lat="37.8935235" lon="127.2181136"><time>2026-09-10T06:13:53Z</time><extensions><accuracy>8.9</accuracy></extensions></trkpt>
<trkpt lat="37.8935056" lon="127.2181158"><time>2026-09-10T06:13:54Z</time><extensions><accuracy>8.2</accuracy></extensions></trkpt>
<trkpt lat="37.8934912" lon="127.2181130"><time>2026-09-10T06:13:55Z</time><extensions><accuracy>7.1</accuracy></extensions></trkpt>
<trkpt lat="37.8934664" lon="127.2181255"><time>2026-09-10T06:13:56Z</time><extensions><accuracy>8.3</accuracy></extensions></trkpt>
<trkpt lat="37.8934458" lon="127.2181229"><time>2026-09-10T06:13:57Z</time><extensions><accuracy>7.9</accuracy></extensions></trkpt>
<trkpt lat="37.8934268" lon="127.2181327"><time>2026-09-10T06:13:58Z</time><extensions><accuracy>8.2</accuracy></extensions></trkpt>
<trkpt lat="37.8933939" lon="127.2181266"><time>2026-09-10T06:13:59Z</time><extensions><accuracy>6.1</accuracy></extensions></trkpt>
<trkpt lat="37.8933700" lon="127.2180868"><time>2026-09-10T06:14:00Z</time><extensions><accuracy>8.6</accuracy></extensions></trkpt>
<trkpt lat="37.8933341" lon="127.2180713"><time>2026-09-10T06:14:01Z</time><extensions><accuracy>9.5</accuracy></extensions></trkpt>
<trkpt lat="37.8932980" lon="127.2180699"><time>2026-09-10T06:14:02Z</time><extensions><accuracy>9.9</accuracy></extensions></trkpt>
<trkpt lat="37.8932735" lon="127.2180731"><time>2026-09-10T06:14:03Z</time><extensions><accuracy>7.4</accuracy></extensions></trkpt>
<trkpt lat="37.8932242" lon="127.2180467"><time>2026-09-10T06:14:04Z</time><extensions><accuracy>9.0</accuracy></extensions></trkpt>
<trkpt lat="37.8932034" lon="127.2180573"><time>2026-09-10T06:14:05Z</time><extensions><accuracy>6.9</accuracy></extensions></trkpt>
<trkpt lat="37.8931913" lon="127.2180729"><time>2026-09-10T06:14:06Z</time><extensions><accuracy>7.3</accuracy></extensions></trkpt>
<trkpt lat="37.8931792" lon="127.2180751"><time>2026-09-10T06:14:07Z</time><extensions><accuracy>7.5</accuracy></extensions></trkpt>
<trkpt lat="37.8931719" lon="127.2180787"><time>2026-09-10T06:14:08Z</time><extensions><accuracy>8.2</accuracy></extensions></trkpt>
<trkpt lat="37.8931333" lon="127.2180628"><time>2026-09-10T06:14:09Z</time><extensions><accuracy>9.6</accuracy></extensions></trkpt>
<trkpt lat="37.8931293" lon="127.2180673"><time>2026-09-10T06:14:10Z</time><extensions><accuracy>6.2</accuracy></extensions></trkpt>
<trkpt lat="37.8931104" lon="127.2180729"><time>2026-09-10T06:14:11Z</time><extensions><accuracy>9.2</accuracy></extensions></trkpt>
<trkpt lat="37.8930827" lon="127.2180599"><time>2026-09-10T06:14:12Z</time><extensions><accuracy>7.0</accuracy></extensions></trkpt>
<trkpt lat="37.8930607" lon="127.2180441"><time>2026-09-10T06:14:13Z</time><extensions><accuracy>9.5</accuracy></extensions></trkpt>
<trkpt lat="37.8930420" lon="127.2180314"><time>2026-09-10T06:14:14Z</time><extensions><accuracy>8.2</accuracy></extensions></trkpt>
<trkpt lat="37.8929875" lon="127.2180015"><time>2026-09-10T06:14:15Z</time><extensions><accuracy>6.8</accuracy></extensions></trkpt>
<trkpt lat="37.8929641" lon="127.2180003"><time>2026-09-10T06:14:16Z</time><extensions><accuracy>6.7</accuracy></extensions></trkpt>
<trkpt lat="37.8929532" lon="127.2179676"><time>2026-09-10T06:14:17Z</time><extensions><accuracy>6.7</accuracy></extensions></trkpt>
<trkpt lat="37.8929301" lon="127.2179734"><time>2026-09-10T06:14:18Z</time><extensions><accuracy>7.1</accuracy></extensions></trkpt>
<trkpt lat="37.8928916" lon="127.2179855"><time>2026-09-10T06:14:19Z</time><extensions><accuracy>8.5</accuracy></extensions></trkpt>
<trkpt lat="37.8928509" lon="127.2179856"><time>2026-09-10T06:14:20Z</time><extensions><accuracy>7.2</accuracy></extensions></trkpt>
<trkpt lat="37.8928315" lon="127.2180102"><time>2026-09-10T06:14:21Z</time><extensions><accuracy>6.4</accuracy></extensions></trkpt>
<trkpt lat="37.8928331" lon="127.2179953"><time>2026-09-10T06:14:22Z</time><extensions><accuracy>9.6</accuracy></extensions></trkpt>
<trkpt lat="37.8928111" lon="127.2180042"><time>2026-09-10T06:14:23Z</time><extensions><accuracy>6.8</accuracy></extensions></trkpt>
<trkpt lat="37.8927804" lon="127.2179941"><time>2026-09-10T06:14:24Z</time><extensions><accuracy>6.4</accuracy></extensions></trkpt>
<trkpt lat="37.8927591" lon="127.2179791"><time>2026-09-10T06:14:25Z</time><extensions><accuracy>6.4</accuracy></extensions></trkpt>
<trkpt lat="37.8927227" lon="127.2179831"><time>2026-09-10T06:14:26Z</time><extensions><accuracy>7.5</accuracy></extensions></trkpt>
<trkpt lat="37.8927129" lon="127.2179741"><time>2026-09-10T06:14:27Z</time><extensions><accuracy>9.5</accuracy></extensions></trkpt>
<trkpt lat="37.8926950" lon="127.2179512"><time>2026-09-10T06:14:28Z</time><extensions><accuracy>9.4</accuracy></extensions></trkpt>
<trkpt lat="37.8926852" lon="127.2179502"><time>2026-09-10T06:14:29Z</time><extensions><accuracy>7.7</accuracy></extensions></trkpt>
<trkpt lat="37.8926578" lon="127.2179848"><time>2026-09-10T06:14:30Z</time><extensions><accuracy>9.9</accuracy></extensions></trkpt>
<trkpt lat="37.8926425" lon="127.2179484"><time>2026-09-10T06:14:31Z</time><extensions><accuracy>9.3</accuracy></extensions></trkpt>
<trkpt lat="37.8926304" lon="127.2179299"><time>2026-09-10T06:14:32Z</time><extensions><accuracy>8.0</accuracy></extensions></trkpt>
<trkpt lat="37.8926123" lon="127.2179288"><time>2026-09-10T06:14:33Z</time><extensions><accuracy>9.1</accuracy></extensions></trkpt>
<trkpt lat="37.8925977" lon="127.2179346"><time>2026-09-10T06:14:34Z</time><extensions><accuracy>8.9</accuracy></extensions></trkpt>
<trkpt lat="37.8925940" lon="127.2179168"><time>2026-09-10T06:14:35Z</time><extensions><accuracy>6.2</accuracy></extensions></trkpt>
<trkpt lat="37.8925832" lon="127.2179080"><time>2026-09-10T06:14:36Z</time><extensions><accuracy>9.8</accuracy></extensions></trkpt>
<trkpt lat="37.8925565" lon="127.2179196"><time>2026-09-10T06:14:37Z</time><extensions><accuracy>7.5</accuracy></extensions></trkpt>
<trkpt lat="37.8925311" lon="127.2179041"><time>2026-09-10T06:14:38Z</time><extensions><accuracy>7.3</accuracy></extensions></trkpt>
<trkpt lat="37.8925019" lon="127.2178984"><time>2026-09-10T06:14:39Z</time><extensions><accuracy>9.7</accuracy></extensions></trkpt>
<trkpt lat="37.8924854" lon="127.2179110"><time>2026-09-10T06:14:40Z</time><extensions><accuracy>7.2</accuracy></extensions></trkpt>
<trkpt lat="37.8924518" lon="127.2179276"><time>2026-09-10T06:14:41Z</time><extensions><accuracy>8.9</accuracy></extensions></trkpt>
<trkpt lat="37.8924258" lon="127.2179183"><time>2026-09-10T06:14:42Z</time><extensions><accuracy>6.5</accuracy></extensions></trkpt>
<trkpt lat="37.8923913" lon="127.2178964"><time>2026-09-10T06:14:43Z</time><extensions><accuracy>7.2</accuracy></extensions></trkpt>
<trkpt lat="37.8923710" lon="127.2178759"><time>2026-09-10T06:14:44Z</time><extensions><accuracy>7.8</accuracy></extensions></trkpt>
<trkpt lat="37.8923619" lon="127.2178852"><time>2026-09-10T06:14:45Z</time><extensions><accuracy>8.3</accuracy></extensions></trkpt>
<trkpt lat="37.8923278" lon="127.2178709"><time>2026-09-10T06:14:46Z</time><extensions><accuracy>7.5</accuracy></extensions></trkpt>
<trkpt lat="37.8923119" lon="127.2178474"><time>2026-09-10T06:14:47Z</time><extensions><accuracy>6.9</accuracy></extensions></trkpt>
<trkpt lat="37.8922940" lon="127.2178430"><time>2026-09-10T06:14:48Z</time><extensions><accuracy>7.9</accuracy></extensions></trkpt>
<trkpt lat="37.8922635" lon="127.2178411"><time>2026-09-10T06:14:49Z</time><extensions><accuracy>9.1</accuracy></extensions></trkpt>
<trkpt lat="37.8922516" lon="127.2178401"><time>2026-09-10T06:14:50Z</time><extensions><accuracy>9.3</accuracy></extensions></trkpt>
<trkpt lat="37.8922398" lon="127.2178302"><time>2026-09-10T06:14:51Z</time><extensions><accuracy>6.8</accuracy></extensions></trkpt>
<trkpt lat="37.8922273" lon="127.2178321"><time>2026-09-10T06:14:52Z</time><extensions><accuracy>8.8</accuracy></extensions></trkpt>
<trkpt lat="37.8921854" lon="127.2178140"><time>2026-09-10T06:14:53Z</time><extensions><accuracy>6.3</accuracy></extensions></trkpt>
<trkpt lat="37.8921440" lon="127.2178037"><time>2026-09-10T06:14:54Z</time><extensions><accuracy>8.6</accuracy></extensions></trkpt>
<trkpt lat="37.8921380" lon="127.2178043"><time>2026-09-10T06:14:55Z</time><extensions><accuracy>8.3</accuracy></extensions></trkpt>
<trkpt lat="37.8921054" lon="127.2177853"><time>2026-09-10T06:14:56Z</time><extensions><accuracy>9.0</accuracy></extensions></trkpt>
<trkpt lat="37.8920744" lon="127.2178021"><time>2026-09-10T06:14:57Z</time><extensions><accuracy>9.9</accuracy></extensions></trkpt>
<trkpt lat="37.8920421" lon="127.2177982"><time>2026-09-10T06:14:58Z</time><extensions><accuracy>8.1</accuracy></extensions></trkpt>
<trkpt lat="37.8920157" lon="127.2177736"><time>2026-09-10T06:14:59Z</time><extensions><accuracy>6.3</accuracy></extensions></trkpt>
<trkpt lat="37.8920111" lon="127.2177450"><time>2026-09-10T06:15:00Z</time><extensions><accuracy>9.1</accuracy></extensions></trkpt>
<trkpt lat="37.8919708" lon="127.2177382"><time>2026-09-10T06:15:01Z</time><extensions><accuracy>7.8</accuracy></extensions></trkpt>
<trkpt lat="37.8919172" lon="127.2177102"><time>2026-09-10T06:15:02Z</time><extensions><accuracy>8.9</accuracy></extensions></trkpt>
<trkpt lat="37.8918795" lon="127.2177057"><time>2026-09-10T06:15:03Z</time><extensions><accuracy>9.9</accuracy></extensions></trkpt>
<trkpt lat="37.8918559" lon="127.2177159"><time>2026-09-10T06:15:04Z</time><extensions><accuracy>6.4</accuracy></extensions></trkpt>
<trkpt lat="37.8918118" lon="127.2177173"><time>2026-09-10T06:15:05Z</time><extensions><accuracy>6.8</accuracy></extensions></trkpt>
<trkpt lat="37.8917630" lon="127.2176864"><time>2026-09-10T06:15:06Z</time><extensions><accuracy>6.1</accuracy></extensions></trkpt>
<trkpt lat="37.8917358" lon="127.2176816"><time>2026-09-10T06:15:07Z</time><extensions><accuracy>6.0</accuracy></extensions></trkpt>
<trkpt lat="37.8916913" lon="127.2176665"><time>2026-09-10T06:15:08Z</time><extensions><accuracy>9.7</accuracy></extensions></trkpt>
<trkpt lat="37.8916584" lon="127.2176571"><time>2026-09-10T06:15:09Z</time><extensions><accuracy>6.5</accuracy></extensions></trkpt>
<trkpt lat="37.8916180" lon="127.2176163"><time>2026-09-10T06:15:10Z</time><extensions><accuracy>6.2</accuracy></extensions></trkpt>
<trkpt lat="37.8915941" lon="127.2176108"><time>2026-09-10T06:15:11Z</time><extensions><accuracy>8.4</accuracy></extensions></trkpt>
<trkpt lat="37.8915456" lon="127.2176097"><time>2026-09-10T06:15:12Z</time><extensions><accuracy>7.6</accuracy></extensions></trkpt>
<trkpt lat="37.8915117" lon="127.2175919"><time>2026-09-10T06:15:13Z</time><extensions><accuracy>7.6</accuracy></extensions></trkpt>
<trkpt lat="37.8914887" lon="127.2175608"><time>2026-09-10T06:15:14Z</time><extensions><accuracy>9.9</accuracy></extensions></trkpt>
<trkpt lat="37.8914448" lon="127.2175320"><time>2026-09-10T06:15:15Z</time><extensions><accuracy>9.4</accuracy></extensions></trkpt>
<trkpt lat="37.8914014" lon="127.2175175"><time>2026-09-10T06:15:16Z</time><extensions><accuracy>8.3</accuracy></extensions></trkpt>
<trkpt lat="37.8913736" lon="127.2174873"><time>2026-09-10T06:15:17Z</time><extensions><accuracy>6.6</accuracy></extensions></trkpt>
<trkpt lat="37.8913356" lon="127.2174800"><time>2026-09-10T06:15:18Z</time><extensions><accuracy>8.7</accuracy></extensions></trkpt>
<trkpt lat="37.8912729" lon="127.2174678"><time>2026-09-10T06:15:19Z</time><extensions><accuracy>6.3</accuracy></extensions></trkpt>
<trkpt lat="37.8912201" lon="127.2174308"><time>2026-09-10T06:15:20Z</time><extensions><accuracy>9.6</accuracy></extensions></trkpt>
<trkpt lat="37.8911816" lon="127.2173927"><time>2026-09-10T06:15:21Z</time><extensions><accuracy>7.9</accuracy></extensions></trkpt>
<trkpt lat="37.8911542" lon="127.2173888"><time>2026-09-10T06:15:22Z</time><extensions><accuracy>8.0</accuracy></extensions></trkpt>
<trkpt lat="37.8911267" lon="127.2173456"><time>2026-09-10T06:15:23Z</time><extensions><accuracy>7.2</accuracy></extensions></trkpt>
<trkpt lat="37.8910852" lon="127.2173333"><time>2026-09-10T06:15:24Z</time><extensions><accuracy>8.9</accuracy></extensions></trkpt>
<trkpt lat="37.8910533" lon="127.2173222"><time>2026-09-10T06:15:25Z</time><extensions><accuracy>6.1</accuracy></extensions></trkpt>
<trkpt lat="37.8910216" lon="127.2173022"><time>2026-09-10T06:15:26Z</time><extensions><accuracy>7.7</accuracy></extensions></trkpt>
<trkpt lat="37.8909692" lon="127.2172842"><time>2026-09-10T06:15:27Z</time><extensions><accuracy>6.2</accuracy></extensions></trkpt>
<trkpt lat="37.8909359" lon="127.2172609"><time>2026-09-10T06:15:28Z</time><extensions><accuracy>9.1</accuracy></extensions></trkpt>
<trkpt lat="37.8908877" lon="127.2172395"><time>2026-09-10T06:15:29Z</time><extensions><accuracy>8.0</accuracy></extensions></trkpt>
<trkpt lat="37.8908625" lon="127.2172408"><time>2026-09-10T06:15:30Z</time><extensions><accuracy>6.4</accuracy></extensions></trkpt>
<trkpt lat="37.8908268" lon="127.2172351"><time>2026-09-10T06:15:31Z</time><extensions><accuracy>8.4</accuracy></extensions></trkpt>
<trkpt lat="37.8907848" lon="127.2172099"><time>2026-09-10T06:15:32Z</time><extensions><accuracy>9.3</accuracy></extensions></trkpt>
<trkpt lat="37.8907697" lon="127.2171713"><time>2026-09-10T06:15:33Z</time><extensions><accuracy>7.5</accuracy></extensions></trkpt>
<trkpt lat="37.8907287" lon="127.2171462"><time>2026-09-10T06:15:34Z</time><extensions><accuracy>8.4</accuracy></extensions></trkpt>
<trkpt lat="37.8906950" lon="127.2171470"><time>2026-09-10T06:15:35Z</time><extensions><accuracy>9.2</accuracy></extensions></trkpt>
<trkpt lat="37.8906640" lon="127.2171095"><time>2026-09-10T06:15:36Z</time><extensions><accuracy>8.1</accuracy></extensions></trkpt>
<trkpt lat="37.8906303" lon="127.2171048"><time>2026-09-10T06:15:37Z</time><extensions><accuracy>7.7</accuracy></extensions></trkpt>
<trkpt lat="37.8905879" lon="127.2170777"><time>2026-09-10T06:15:38Z</time><extensions><accuracy>8.3</accuracy></extensions></trkpt>
<trkpt lat="37.8905544" lon="127.2170637"><time>2026-09-10T06:15:39Z</time><extensions><accuracy>9.7</accuracy></extensions></trkpt>
<trkpt lat="37.8905157" lon="127.2170368"><time>2026-09-10T06:15:40Z</time><extensions><accuracy>6.4</accuracy></extensions></trkpt>
<trkpt lat="37.8904975" lon="127.2170306"><time>2026-09-10T06:15:41Z</time><extensions><accuracy>9.1</accuracy></extensions></trkpt>
<trkpt lat="37.8904413" lon="127.2170099"><time>2026-09-10T06:15:42Z</time><extensions><accuracy>8.4</accuracy></extensions></trkpt>
<trkpt lat="37.8904112" lon="127.2169956"><time>2026-09-10T06:15:43Z</time><extensions><accuracy>9.5</accuracy></extensions></trkpt>
<trkpt lat="37.8903963" lon="127.2169845"><time>2026-09-10T06:15:44Z</time><extensions><accuracy>6.5</accuracy></extensions></trkpt>
<trkpt lat="37.8903524" lon="127.2169828"><time>2026-09-10T06:15:45Z</time><extensions><accuracy>9.2</accuracy></extensions></trkpt>
<trkpt lat="37.8903008" lon="127.2169309"><time>2026-09-10T06:15:46Z</time><extensions><accuracy>8.2</accuracy></extensions></trkpt>
<trkpt lat="37.8902853" lon="127.2169013"><time>2026-09-10T06:15:47Z</time><extensions><accuracy>9.5</accuracy></extensions></trkpt>
<trkpt lat="37.8902497" lon="127.2168787"><time>2026-09-10T06:15:48Z</time><extensions><accuracy>6.1</accuracy></extensions></trkpt>
<trkpt lat="37.8902353" lon="127.2168701"><time>2026-09-10T06:15:49Z</time><extensions><accuracy>9.4</accuracy></extensions></trkpt>
<trkpt lat="37.8902173" lon="127.2168509"><time>2026-09-10T06:15:50Z</time><extensions><accuracy>6.3</accuracy></extensions></trkpt>
<trkpt lat="37.8901722" lon="127.2168286"><time>2026-09-10T06:15:51Z</time><extensions><accuracy>7.5</accuracy></extensions></trkpt>
<trkpt lat="37.8901283" lon="127.2168181"><time>2026-09-10T06:15:52Z</time><extensions><accuracy>9.5</accuracy></extensions></trkpt>
<trkpt lat="37.8900729" lon="127.2167890"><time>2026-09-10T06:15:53Z</time><extensions><accuracy>8.5</accuracy></extensions></trkpt>
<trkpt lat="37.8900349" lon="127.2167496"><time>2026-09-10T06:15:54Z</time><extensions><accuracy>9.4</accuracy></extensions></trkpt>
<trkpt lat="37.8900065" lon="127.2167509"><time>2026-09-10T06:15:55Z</time><extensions><accuracy>9.7</accuracy></extensions></trkpt>
<trkpt lat="37.8899855" lon="127.2167008"><time>2026-09-10T06:15:56Z</time><extensions><accuracy>8.2</accuracy></extensions></trkpt>
<trkpt lat="37.8899578" lon="127.2166499"><time>2026-09-10T06:15:57Z</time><extensions><accuracy>8.8</accuracy></extensions></trkpt>
<trkpt lat="37.8899264" lon="127.2166128"><time>2026-09-10T06:15:58Z</time><extensions><accuracy>7.7</accuracy></extensions></trkpt>
<trkpt lat="37.8898870" lon="127.2165962"><time>2026-09-10T06:15:59Z</time><extensions><accuracy>9.9</accuracy></extensions></trkpt>
<trkpt lat="37.8898756" lon="127.2165761"><time>2026-09-10T06:16:00Z</time><extensions><accuracy>6.0</accuracy></extensions></trkpt>
<trkpt lat="37.8898556" lon="127.2165519"><time>2026-09-10T06:16:01Z</time><extensions><accuracy>6.1</accuracy></extensions></trkpt>
<trkpt lat="37.8898239" lon="127.2165251"><time>2026-09-10T06:16:02Z</time><extensions><accuracy>8.8</accuracy></extensions></trkpt>
<trkpt lat="37.8898176" lon="127.2165105"><time>2026-09-10T06:16:03Z</time><extensions><accuracy>6.6</accuracy></extensions></trkpt>
<trkpt lat="37.8897786" lon="127.2164885"><time>2026-09-10T06:16:04Z</time><extensions><accuracy>6.3</accuracy></extensions></trkpt>
<trkpt lat="37.8897826" lon="127.2164849"><time>2026-09-10T06:16:05Z</time><extensions><accuracy>8.7</accuracy></extensions></trkpt>
<trkpt lat="37.8897924" lon="127.2164945"><time>2026-09-10T06:16:06Z</time><extensions><accuracy>8.0</accuracy></extensions></trkpt>
<trkpt lat="37.8897788" lon="127.2164592"><time>2026-09-10T06:16:07Z</time><extensions><accuracy>9.3</accuracy></extensions></trkpt>
<trkpt lat="37.8897765" lon="127.2164451"><time>2026-09-10T06:16:08Z</time><extensions><accuracy>9.6</accuracy></extensions></trkpt>
<trkpt lat="37.8897634" lon="127.2164039"><time>2026-09-10T06:16:09Z</time><extensions><accuracy>7.9</accuracy></extensions></trkpt>
<trkpt lat="37.8897366" lon="127.2163771"><time>2026-09-10T06:16:10Z</time><extensions><accuracy>9.3</accuracy></extensions></trkpt>
<trkpt lat="37.8897238" lon="127.2163808"><time>2026-09-10T06:16:11Z</time><extensions><accuracy>9.9</accuracy></extensions></trkpt>
<trkpt lat="37.8897134" lon="127.2163495"><time>2026-09-10T06:16:12Z</time><extensions><accuracy>7.8</accuracy></extensions></trkpt>
<trkpt lat="37.8897034" lon="127.2163084"><time>2026-09-10T06:16:13Z</time><extensions><accuracy>8.2</accuracy></extensions></trkpt>
<trkpt lat="37.8896652" lon="127.2162836"><time>2026-09-10T06:16:14Z</time><extensions><accuracy>9.1</accuracy></extensions></trkpt>
<trkpt lat="37.8896526" lon="127.2162598"><time>2026-09-10T06:16:15Z</time><extensions><accuracy>7.8</accuracy></extensions></trkpt>
<trkpt lat="37.8896363" lon="127.2162473"><time>2026-09-10T06:16:16Z</time><extensions><accuracy>7.8</accuracy></extensions></trkpt>
<trkpt lat="37.8896115" lon="127.2162312"><time>2026-09-10T06:16:17Z</time><extensions><accuracy>6.2</accuracy></extensions></trkpt>
<trkpt lat="37.8896140" lon="127.2162203"><time>2026-09-10T06:16:18Z</time><extensions><accuracy>7.9</accuracy></extensions></trkpt>
<trkpt lat="37.8895932" lon="127.2162049"><time>2026-09-10T06:16:19Z</time><extensions><accuracy>6.1</accuracy></extensions></trkpt>
<trkpt lat="37.8895521" lon="127.2161921"><time>2026-09-10T06:16:20Z</time><extensions><accuracy>8.5</accuracy></extensions></trkpt>
<trkpt lat="37.8895236" lon="127.2161820"><time>2026-09-10T06:16:21Z</time><extensions><accuracy>6.2</accuracy></extensions></trkpt>
<trkpt lat="37.8894809" lon="127.2161771"><time>2026-09-10T06:16:22Z</time><extensions><accuracy>8.1</accuracy></extensions></trkpt>
<trkpt lat="37.8894655" lon="127.2161502"><time>2026-09-10T06:16:23Z</time><extensions><accuracy>9.2</accuracy></extensions></trkpt>
<trkpt lat="37.8894452" lon="127.2161224"><time>2026-09-10T06:16:24Z</time><extensions><accuracy>6.7</accuracy></extensions></trkpt>
<trkpt lat="37.8894234" lon="127.2161238"><time>2026-09-10T06:16:25Z</time><extensions><accuracy>8.9</accuracy></extensions></trkpt>
<trkpt lat="37.8893935" lon="127.2161029"><time>2026-09-10T06:16:26Z</time><extensions><accuracy>7.2</accuracy></extensions></trkpt>
<trkpt lat="37.8893622" lon="127.2160907"><time>2026-09-10T06:16:27Z</time><extensions><accuracy>6.2</accuracy></extensions></trkpt>
<trkpt lat="37.8893524" lon="127.2160674"><time>2026-09-10T06:16:28Z</time><extensions><accuracy>6.5</accuracy></extensions></trkpt>
<trkpt lat="37.8893311" lon="127.2160313"><time>2026-09-10T06:16:29Z</time><extensions><accuracy>8.8</accuracy></extensions></trkpt>
<trkpt lat="37.8893203" lon="127.2160157"><time>2026-09-10T06:16:30Z</time><extensions><accuracy>7.4</accuracy></extensions></trkpt>
<trkpt lat="37.8892966" lon="127.2159987"><time>2026-09-10T06:16:31Z</time><extensions><accuracy>8.4</accuracy></extensions></trkpt>
<trkpt lat="37.8892916" lon="127.2159786"><time>2026-09-10T06:16:32Z</time><extensions><accuracy>9.0</accuracy></extensions></trkpt>
<trkpt lat="37.8892767" lon="127.2159592"><time>2026-09-10T06:16:33Z</time><extensions><accuracy>6.2</accuracy></extensions></trkpt>
<trkpt lat="37.8892534" lon="127.2159265"><time>2026-09-10T06:16:34Z</time><extensions><accuracy>8.1</accuracy></extensions></trkpt>
<trkpt lat="37.8892448" lon="127.2158908"><time>2026-09-10T06:16:35Z</time><extensions><accuracy>8.9</accuracy></extensions></trkpt>
<trkpt lat="37.8892296" lon="127.2158639"><time>2026-09-10T06:16:36Z</time><extensions><accuracy>7.3</accuracy></extensions></trkpt>
<trkpt lat="37.8892160" lon="127.2158249"><time>2026-09-10T06:16:37Z</time><extensions><accuracy>9.8</accuracy></extensions></trkpt>
<trkpt lat="37.8892201" lon="127.2158125"><time>2026-09-10T06:16:38Z</time><extensions><accuracy>7.1</accuracy></extensions></trkpt>
<trkpt lat="37.8891945" lon="127.2157815"><time>2026-09-10T06:16:39Z</time><extensions><accuracy>8.6</accuracy></extensions></trkpt>
<trkpt lat="37.8891657" lon="127.2157497"><time>2026-09-10T06:16:40Z</time><extensions><accuracy>9.0</accuracy></extensions></trkpt>
<trkpt lat="37.8891477" lon="127.2157182"><time>2026-09-10T06:16:41Z</time><extensions><accuracy>8.3</accuracy></extensions></trkpt>
<trkpt lat="37.8891327" lon="127.2156955"><time>2026-09-10T06:16:42Z</time><extensions><accuracy>6.1</accuracy></extensions></trkpt>
<trkpt lat="37.8891374" lon="127.2156625"><time>2026-09-10T06:16:43Z</time><extensions><accuracy>7.0</accuracy></extensions></trkpt>
<trkpt lat="37.8891135" lon="127.2156468"><time>2026-09-10T06:16:44Z</time><extensions><accuracy>7.6</accuracy></extensions></trkpt>
<trkpt lat="37.8891039" lon="127.2156061"><time>2026-09-10T06:16:45Z</time><extensions><accuracy>6.5</accuracy></extensions></trkpt>
<trkpt lat="37.8890860" lon="127.2155775"><time>2026-09-10T06:16:46Z</time><extensions><accuracy>9.4</accuracy></extensions></trkpt>
<trkpt lat="37.8890496" lon="127.2155656"><time>2026-09-10T06:16:47Z</time><extensions><accuracy>6.7</accuracy></extensions></trkpt>
<trkpt lat="37.8890558" lon="127.2155679"><time>2026-09-10T06:16:48Z</time><extensions><accuracy>7.8</accuracy></extensions></trkpt>
<trkpt lat="37.8890238" lon="127.2155287"><time>2026-09-10T06:16:49Z</time><extensions><accuracy>9.5</accuracy></extensions></trkpt>
<trkpt lat="37.8890094" lon="127.2155272"><time>2026-09-10T06:16:50Z</time><extensions><accuracy>6.7</accuracy></extensions></trkpt>
<trkpt lat="37.8889952" lon="127.2155249"><time>2026-09-10T06:16:51Z</time><extensions><accuracy>8.9</accuracy></extensions></trkpt>
<trkpt lat="37.8889834" lon="127.2155000"><time>2026-09-10T06:16:52Z</time><extensions><accuracy>8.2</accuracy></extensions></trkpt>
<trkpt lat="37.8889623" lon="127.2154849"><time>2026-09-10T06:16:53Z</time><extensions><accuracy>7.1</accuracy></extensions></trkpt>
<trkpt lat="37.8889531" lon="127.2154833"><time>2026-09-10T06:16:54Z</time><extensions><accuracy>9.1</accuracy></extensions></trkpt>
<trkpt lat="37.8889362" lon="127.2154726"><time>2026-09-10T06:16:55Z</time><extensions><accuracy>7.8</accuracy></extensions></trkpt>
<trkpt lat="37.8889379" lon="127.2154447"><time>2026-09-10T06:16:56Z</time><extensions><accuracy>6.3</accuracy></extensions></trkpt>
<trkpt lat="37.8889287" lon="127.2154177"><time>2026-09-10T06:16:57Z</time><extensions><accuracy>7.1</accuracy></extensions></trkpt>
<trkpt lat="37.8889088" lon="127.2153954"><time>2026-09-10T06:16:58Z</time><extensions><accuracy>7.3</accuracy></extensions></trkpt>
<trkpt lat="37.8888745" lon="127.2153965"><time>2026-09-10T06:16:59Z</time><extensions><accuracy>8.6</accuracy></extensions></trkpt>
<trkpt lat="37.8888625" lon="127.2153640"><time>2026-09-10T06:17:00Z</time><extensions><accuracy>6.1</accuracy></extensions></trkpt>
<trkpt lat="37.8888488" lon="127.2153453"><time>2026-09-10T06:17:01Z</time><extensions><accuracy>8.1</accuracy></extensions></trkpt>
<trkpt lat="37.8888406" lon="127.2153102"><time>2026-09-10T06:17:02Z</time><extensions><accuracy>9.8</accuracy></extensions></trkpt>
<trkpt lat="37.8888188" lon="127.2152965"><time>2026-09-10T06:17:03Z</time><extensions><accuracy>6.0</accuracy></extensions></trkpt>
<trkpt lat="37.8888098" lon="127.2152704"><time>2026-09-10T06:17:04Z</time><extensions><accuracy>9.9</accuracy></extensions></trkpt>
<trkpt lat="37.8887902" lon="127.2152410"><time>2026-09-10T06:17:05Z</time><extensions><accuracy>9.6</accuracy></extensions></trkpt>
<trkpt lat="37.8887769" lon="127.2152167"><time>2026-09-10T06:17:06Z</time><extensions><accuracy>7.9</accuracy></extensions></trkpt>
<trkpt lat="37.8887631" lon="127.2151817"><time>2026-09-10T06:17:07Z</time><extensions><accuracy>7.7</accuracy></extensions></trkpt>
<trkpt lat="37.8887267" lon="127.2152082"><time>2026-09-10T06:17:08Z</time><extensions><accuracy>7.3</accuracy></extensions></trkpt>
<trkpt lat="37.8887004" lon="127.2151664"><time>2026-09-10T06:17:09Z</time><extensions><accuracy>6.6</accuracy></extensions></trkpt>
<trkpt lat="37.8886925" lon="127.2151565"><time>2026-09-10T06:17:10Z</time><extensions><accuracy>7.9</accuracy></extensions></trkpt>
<trkpt lat="37.8886892" lon="127.2151371"><time>2026-09-10T06:17:11Z</time><extensions><accuracy>6.3</accuracy></extensions></trkpt>
<trkpt lat="37.8886886" lon="127.2151317"><time>2026-09-10T06:17:12Z</time><extensions><accuracy>9.6</accuracy></extensions></trkpt>
<trkpt lat="37.8886516" lon="127.2151090"><time>2026-09-10T06:17:13Z</time><extensions><accuracy>9.9</accuracy></extensions></trkpt>
<trkpt lat="37.8886463" lon="127.2150970"><time>2026-09-10T06:17:14Z</time><extensions><accuracy>8.4</accuracy></extensions></trkpt>
<trkpt lat="37.8886207" lon="127.2150748"><time>2026-09-10T06:17:15Z</time><extensions><accuracy>9.5</accuracy></extensions></trkpt>
<trkpt lat="37.8885897" lon="127.2150277"><time>2026-09-10T06:17:16Z</time><extensions><accuracy>6.7</accuracy></extensions></trkpt>
<trkpt lat="37.8885715" lon="127.2150063"><time>2026-09-10T06:17:17Z</time><extensions><accuracy>9.6</accuracy></extensions></trkpt>
<trkpt lat="37.8885550" lon="127.2149648"><time>2026-09-10T06:17:18Z</time><extensions><accuracy>7.5</accuracy></extensions></trkpt>
<trkpt lat="37.8885199" lon="127.2149501"><time>2026-09-10T06:17:19Z</time><extensions><accuracy>6.3</accuracy></extensions></trkpt>
<trkpt lat="37.8885237" lon="127.2149143"><time>2026-09-10T06:17:20Z</time><extensions><accuracy>6.8</accuracy></extensions></trkpt>
<trkpt lat="37.8885204" lon="127.2148851"><time>2026-09-10T06:17:21Z</time><extensions><accuracy>9.0</accuracy></extensions></trkpt>
<trkpt lat="37.8885109" lon="127.2148517"><time>2026-09-10T06:17:22Z</time><extensions><accuracy>6.7</accuracy></extensions></trkpt>
<trkpt lat="37.8884985" lon="127.2148256"><time>2026-09-10T06:17:23Z</time><extensions><accuracy>6.3</accuracy></extensions></trkpt>
<trkpt lat="37.8884931" lon="127.2148046"><time>2026-09-10T06:17:24Z</time><extensions><accuracy>9.8</accuracy></extensions></trkpt>
<trkpt lat="37.8884916" lon="127.2147792"><time>2026-09-10T06:17:25Z</time><extensions><accuracy>7.2</accuracy></extensions></trkpt>
<trkpt lat="37.8884819" lon="127.2147780"><time>2026-09-10T06:17:26Z</time><extensions><accuracy>9.0</accuracy></extensions></trkpt>
<trkpt lat="37.8884602" lon="127.2147481"><time>2026-09-10T06:17:27Z</time><extensions><accuracy>7.1</accuracy></extensions></trkpt>
<trkpt lat="37.8884355" lon="127.2147366"><time>2026-09-10T06:17:28Z</time><extensions><accuracy>7.1</accuracy></extensions></trkpt>
<trkpt lat="37.8884007" lon="127.2147226"><time>2026-09-10T06:17:29Z</time><extensions><accuracy>7.8</accuracy></extensions></trkpt>
<trkpt lat="37.8883832" lon="127.2146894"><time>2026-09-10T06:17:30Z</time><extensions><accuracy>6.1</accuracy></extensions></trkpt>
<trkpt lat="37.8883762" lon="127.2146748"><time>2026-09-10T06:17:31Z</time><extensions><accuracy>6.7</accuracy></extensions></trkpt>
<trkpt lat="37.8883735" lon="127.2146364"><time>2026-09-10T06:17:32Z</time><extensions><accuracy>9.2</accuracy></extensions></trkpt>
<trkpt lat="37.8883544" lon="127.2145999"><time>2026-09-10T06:17:33Z</time><extensions><accuracy>9.7</accuracy></extensions></trkpt>
<trkpt lat="37.8883412" lon="127.2145775"><time>2026-09-10T06:17:34Z</time><extensions><accuracy>9.4</accuracy></extensions></trkpt>
<trkpt lat="37.8883158" lon="127.2145693"><time>2026-09-10T06:17:35Z</time><extensions><accuracy>9.5</accuracy></extensions></trkpt>
<trkpt lat="37.8882971" lon="127.2145331"><time>2026-09-10T06:17:36Z</time><extensions><accuracy>8.7</accuracy></extensions></trkpt>
<trkpt lat="37.8882972" lon="127.2145188"><time>2026-09-10T06:17:37Z</time><extensions><accuracy>7.0</accuracy></extensions></trkpt>
<trkpt lat="37.8882733" lon="127.2144924"><time>2026-09-10T06:17:38Z</time><extensions><accuracy>7.8</accuracy></extensions></trkpt>
<trkpt lat="37.8882635" lon="127.2144607"><time>2026-09-10T06:17:39Z</time><extensions><accuracy>8.5</accuracy></extensions></trkpt>
<trkpt lat="37.8882455" lon="127.2144550"><time>2026-09-10T06:17:40Z</time><extensions><accuracy>6.9</accuracy></extensions></trkpt>
<trkpt lat="37.8882353" lon="127.2144309"><time>2026-09-10T06:17:41Z</time><extensions><accuracy>8.5</accuracy></extensions></trkpt>
<trkpt lat="37.8882093" lon="127.2143857"><time>2026-09-10T06:17:42Z</time><extensions><accuracy>9.0</accuracy></extensions></trkpt>
<trkpt lat="37.8882217" lon="127.2144029"><time>2026-09-10T06:17:43Z</time><extensions><accuracy>10.0</accuracy></extensions></trkpt>
<trkpt lat="37.8882071" lon="127.2143947"><time>2026-09-10T06:17:44Z</time><extensions><accuracy>7.8</accuracy></extensions></trkpt>
<trkpt lat="37.8881939" lon="127.2143618"><time>2026-09-10T06:17:45Z</time><extensions><accuracy>7.0</accuracy></extensions></trkpt>
<trkpt lat="37.8882026" lon="127.2143461"><time>2026-09-10T06:17:46Z</time><extensions><accuracy>6.4</accuracy></extensions></trkpt>
<trkpt lat="37.8881862" lon="127.2143222"><time>2026-09-10T06:17:47Z</time><extensions><accuracy>9.6</accuracy></extensions></trkpt>
<trkpt lat="37.8881884" lon="127.2143139"><time>2026-09-10T06:17:48Z</time><extensions><accuracy>7.4</accuracy></extensions></trkpt>
<trkpt lat="37.8881688" lon="127.2143139"><time>2026-09-10T06:17:49Z</time><extensions><accuracy>6.5</accuracy></extensions></trkpt>
<trkpt lat="37.8881606" lon="127.2143153"><time>2026-09-10T06:17:50Z</time><extensions><accuracy>7.7</accuracy></extensions></trkpt>
<trkpt lat="37.8881336" lon="127.2142999"><time>2026-09-10T06:17:51Z</time><extensions><accuracy>9.8</accuracy></extensions></trkpt>
<trkpt lat="37.8881173" lon="127.2142775"><time>2026-09-10T06:17:52Z</time><extensions><accuracy>6.4</accuracy></extensions></trkpt>
<trkpt lat="37.8881178" lon="127.2142391"><time>2026-09-10T06:17:53Z</time><extensions><accuracy>8.6</accuracy></extensions></trkpt>
<trkpt lat="37.8881207" lon="127.2142156"><time>2026-09-10T06:17:54Z</time><extensions><accuracy>8.7</accuracy></extensions></trkpt>
<trkpt lat="37.8880932" lon="127.2142048"><time>2026-09-10T06:17:55Z</time><extensions><accuracy>7.5</accuracy></extensions></trkpt>
<trkpt lat="37.8880843" lon="127.2141718"><time>2026-09-10T06:17:56Z</time><extensions><accuracy>6.9</accuracy></extensions></trkpt>
<trkpt lat="37.8880611" lon="127.2141346"><time>2026-09-10T06:17:57Z</time><extensions><accuracy>8.7</accuracy></extensions></trkpt>
<trkpt lat="37.8880593" lon="127.2141166"><time>2026-09-10T06:17:58Z</time><extensions><accuracy>7.6</accuracy></extensions></trkpt>
<trkpt lat="37.8880464" lon="127.2140931"><time>2026-09-10T06:17:59Z</time><extensions><accuracy>7.6</accuracy></extensions></trkpt>
<trkpt lat="37.8880144" lon="127.2140417"><time>2026-09-10T06:18:00Z</time><extensions><accuracy>7.6</accuracy></extensions></trkpt>
<trkpt lat="37.8879749" lon="127.2139893"><time>2026-09-10T06:18:01Z</time><extensions><accuracy>9.5</accuracy></extensions></trkpt>
<trkpt lat="37.8879378" lon="127.2139578"><time>2026-09-10T06:18:02Z</time><extensions><accuracy>8.6</accuracy></extensions></trkpt>
<trkpt lat="37.8879193" lon="127.2139255"><time>2026-09-10T06:18:03Z</time><extensions><accuracy>7.2</accuracy></extensions></trkpt>
<trkpt lat="37.8879031" lon="127.2138852"><time>2026-09-10T06:18:04Z</time><extensions><accuracy>8.7</accuracy></extensions></trkpt>
<trkpt lat="37.8878739" lon="127.2138413"><time>2026-09-10T06:18:05Z</time><extensions><accuracy>9.0</accuracy></extensions></trkpt>
<trkpt lat="37.8878587" lon="127.2137907"><time>2026-09-10T06:18:06Z</time><extensions><accuracy>9.5</accuracy></extensions></trkpt>
<trkpt lat="37.8878425" lon="127.2137198"><time>2026-09-10T06:18:07Z</time><extensions><accuracy>7.8</accuracy></extensions></trkpt>
<trkpt lat="37.8878158" lon="127.2136898"><time>2026-09-10T06:18:08Z</time><extensions><accuracy>6.4</accuracy></extensions></trkpt>
<trkpt lat="37.8878033" lon="127.2136378"><time>2026-09-10T06:18:09Z</time><extensions><accuracy>6.1</accuracy></extensions></trkpt>
<trkpt lat="37.8877819" lon="127.2136053"><time>2026-09-10T06:18:10Z</time><extensions><accuracy>7.4</accuracy></extensions></trkpt>
<trkpt lat="37.8877662" lon="127.2135430"><time>2026-09-10T06:18:11Z</time><extensions><accuracy>8.7</accuracy></extensions></trkpt>
<trkpt lat="37.8877549" lon="127.2134965"><time>2026-09-10T06:18:12Z</time><extensions><accuracy>6.9</accuracy></extensions></trkpt>
<trkpt lat="37.8877449" lon="127.2134387"><time>2026-09-10T06:18:13Z</time><extensions><accuracy>8.3</accuracy></extensions></trkpt>
<trkpt lat="37.8877271" lon="127.2133681"><time>2026-09-10T06:18:14Z</time><extensions><accuracy>7.7</accuracy></extensions></trkpt>
<trkpt lat="37.8877096" lon="127.2133384"><time>2026-09-10T06:18:15Z</time><extensions><accuracy>6.3</accuracy></extensions></trkpt>
<trkpt lat="37.8876911" lon="127.2133080"><time>2026-09-10T06:18:16Z</time><extensions><accuracy>9.9</accuracy></extensions></trkpt>
<trkpt lat="37.8876694" lon="127.2132595"><time>2026-09-10T06:18:17Z</time><extensions><accuracy>9.2</accuracy></extensions></trkpt>
<trkpt lat="37.8876539" lon="127.2132074"><time>2026-09-10T06:18:18Z</time><extensions><accuracy>6.3</accuracy></extensions></trkpt>
<trkpt lat="37.8876368" lon="127.2131678"><time>2026-09-10T06:18:19Z</time><extensions><accuracy>6.4</accuracy></extensions></trkpt>
<trkpt lat="37.8876382" lon="127.2131409"><time>2026-09-10T06:18:20Z</time><extensions><accuracy>9.0</accuracy></extensions></trkpt>
<trkpt lat="37.8876231" lon="127.2130843"><time>2026-09-10T06:18:21Z</time><extensions><accuracy>8.6</accuracy></extensions></trkpt>
<trkpt lat="37.8876173" lon="127.2130426"><time>2026-09-10T06:18:22Z</time><extensions><accuracy>9.6</accuracy></extensions></trkpt>
<trkpt lat="37.8876159" lon="127.2129939"><time>2026-09-10T06:18:23Z</time><extensions><accuracy>6.2</accuracy></extensions></trkpt>
<trkpt lat="37.8876011" lon="127.2129294"><time>2026-09-10T06:18:24Z</time><extensions><accuracy>8.3</accuracy></extensions></trkpt>
<trkpt lat="37.8875777" lon="127.2128921"><time>2026-09-10T06:18:25Z</time><extensions><accuracy>8.5</accuracy></extensions></trkpt>
<trkpt lat="37.8875558" lon="127.2128535"><time>2026-09-10T06:18:26Z</time><extensions><accuracy>8.4</accuracy></extensions></trkpt>
<trkpt lat="37.8875435" lon="127.2128290"><time>2026-09-10T06:18:27Z</time><extensions><accuracy>6.9</accuracy></extensions></trkpt>
<trkpt lat="37.8875202" lon="127.2127861"><time>2026-09-10T06:18:28Z</time><extensions><accuracy>9.5</accuracy></extensions></trkpt>
<trkpt lat="37.8875180" lon="127.2127404"><time>2026-09-10T06:18:29Z</time><extensions><accuracy>7.7</accuracy></extensions></trkpt>
<trkpt lat="37.8875076" lon="127.2126884"><time>2026-09-10T06:18:30Z</time><extensions><accuracy>7.1</accuracy></extensions></trkpt>
<trkpt lat="37.8874834" lon="127.2126488"><time>2026-09-10T06:18:31Z</time><extensions><accuracy>9.9</accuracy></extensions></trkpt>
<trkpt lat="37.8874564" lon="127.2125915"><time>2026-09-10T06:18:32Z</time><extensions><accuracy>7.5</accuracy></extensions></trkpt>
<trkpt lat="37.8874438" lon="127.2125522"><time>2026-09-10T06:18:33Z</time><extensions><accuracy>6.1</accuracy></extensions></trkpt>
<trkpt lat="37.8874402" lon="127.2124940"><time>2026-09-10T06:18:34Z</time><extensions><accuracy>7.2</accuracy></extensions></trkpt>
<trkpt lat="37.8874162" lon="127.2124486"><time>2026-09-10T06:18:35Z</time><extensions><accuracy>8.6</accuracy></extensions></trkpt>
<trkpt lat="37.8873772" lon="127.2123947"><time>2026-09-10T06:18:36Z</time><extensions><accuracy>8.1</accuracy></extensions></trkpt>
<trkpt lat="37.8873626" lon="127.2123272"><time>2026-09-10T06:18:37Z</time><extensions><accuracy>6.4</accuracy></extensions></trkpt>
<trkpt lat="37.8873290" lon="127.2122731"><time>2026-09-10T06:18:38Z</time><extensions><accuracy>7.4</accuracy></extensions></trkpt>
<trkpt lat="37.8873348" lon="127.2122144"><time>2026-09-10T06:18:39Z</time><extensions><accuracy>9.2</accuracy></extensions></trkpt>
<trkpt lat="37.8873183" lon="127.2121796"><time>2026-09-10T06:18:40Z</time><extensions><accuracy>8.2</accuracy></extensions></trkpt>
<trkpt lat="37.8873023" lon="127.2121216"><time>2026-09-10T06:18:41Z</time><extensions><accuracy>7.8</accuracy></extensions></trkpt>
<trkpt lat="37.8872735" lon="127.2120585"><time>2026-09-10T06:18:42Z</time><extensions><accuracy>6.2</accuracy></extensions></trkpt>
<trkpt lat="37.8872602" lon="127.2120014"><time>2026-09-10T06:18:43Z</time><extensions><accuracy>6.8</accuracy></extensions></trkpt>
<trkpt lat="37.8872281" lon="127.2119515"><time>2026-09-10T06:18:44Z</time><extensions><accuracy>6.7</accuracy></extensions></trkpt>
<trkpt lat="37.8872081" lon="127.2119318"><time>2026-09-10T06:18:45Z</time><extensions><accuracy>6.8</accuracy></extensions></trkpt>
<trkpt lat="37.8871810" lon="127.2119073"><time>2026-09-10T06:18:46Z</time><extensions><accuracy>8.3</accuracy></extensions></trkpt>
<trkpt lat="37.8871920" lon="127.2118779"><time>2026-09-10T06:18:47Z</time><extensions><accuracy>8.1</accuracy></extensions></trkpt>
<trkpt lat="37.8871792" lon="127.2118401"><time>2026-09-10T06:18:48Z</time><extensions><accuracy>9.0</accuracy></extensions></trkpt>
<trkpt lat="37.8871854" lon="127.2117813"><time>2026-09-10T06:18:49Z</time><extensions><accuracy>7.6</accuracy></extensions></trkpt>
<trkpt lat="37.8871859" lon="127.2117101"><time>2026-09-10T06:18:50Z</time><extensions><accuracy>6.7</accuracy></extensions></trkpt>
<trkpt lat="37.8871697" lon="127.2116701"><time>2026-09-10T06:18:51Z</time><extensions><accuracy>6.9</accuracy></extensions></trkpt>
<trkpt lat="37.8871699" lon="127.2116458"><time>2026-09-10T06:18:52Z</time><extensions><accuracy>8.7</accuracy></extensions></trkpt>
<trkpt lat="37.8871469" lon="127.2115977"><time>2026-09-10T06:18:53Z</time><extensions><accuracy>7.3</accuracy></extensions></trkpt>
<trkpt lat="37.8871451" lon="127.2115449"><time>2026-09-10T06:18:54Z</time><extensions><accuracy>9.0</accuracy></extensions></trkpt>
<trkpt lat="37.8871593" lon="127.2114863"><time>2026-09-10T06:18:55Z</time><extensions><accuracy>9.3</accuracy></extensions></trkpt>
<trkpt lat="37.8871607" lon="127.2114289"><time>2026-09-10T06:18:56Z</time><extensions><accuracy>6.7</accuracy></extensions></trkpt>
<trkpt lat="37.8871472" lon="127.2113939"><time>2026-09-10T06:18:57Z</time><extensions><accuracy>6.4</accuracy></extensions></trkpt>
<trkpt lat="37.8871304" lon="127.2113354"><time>2026-09-10T06:18:58Z</time><extensions><accuracy>6.0</accuracy></extensions></trkpt>
<trkpt lat="37.8871272" lon="127.2113028"><time>2026-09-10T06:18:59Z</time><extensions><accuracy>7.4</accuracy></extensions></trkpt>
<trkpt lat="37.8871137" lon="127.2112633"><time>2026-09-10T06:19:00Z</time><extensions><accuracy>7.8</accuracy></extensions></trkpt>
<trkpt lat="37.8871069" lon="127.2112202"><time>2026-09-10T06:19:01Z</time><extensions><accuracy>7.8</accuracy></extensions></trkpt>
<trkpt lat="37.8870929" lon="127.2111898"><time>2026-09-10T06:19:02Z</time><extensions><accuracy>8.2</accuracy></extensions></trkpt>
<trkpt lat="37.8870700" lon="127.2111637"><time>2026-09-10T06:19:03Z</time><extensions><accuracy>7.8</accuracy></extensions></trkpt>
<trkpt lat="37.8870520" lon="127.2111542"><time>2026-09-10T06:19:04Z</time><extensions><accuracy>7.8</accuracy></extensions></trkpt>
<trkpt lat="37.8870447" lon="127.2111304"><time>2026-09-10T06:19:05Z</time><extensions><accuracy>9.8</accuracy></extensions></trkpt>
<trkpt lat="37.8870200" lon="127.2111214"><time>2026-09-10T06:19:06Z</time><extensions><accuracy>8.2</accuracy></extensions></trkpt>
<trkpt lat="37.8870190" lon="127.2110847"><time>2026-09-10T06:19:07Z</time><extensions><accuracy>9.0</accuracy></extensions></trkpt>
<trkpt lat="37.8870270" lon="127.2110565"><time>2026-09-10T06:19:08Z</time><extensions><accuracy>9.3</accuracy></extensions></trkpt>
<trkpt lat="37.8870217" lon="127.2110307"><time>2026-09-10T06:19:09Z</time><extensions><accuracy>6.1</accuracy></extensions></trkpt>
<trkpt lat="37.8870248" lon="127.2109964"><time>2026-09-10T06:19:10Z</time><extensions><accuracy>8.8</accuracy></extensions></trkpt>
<trkpt lat="37.8870295" lon="127.2109705"><time>2026-09-10T06:19:11Z</time><extensions><accuracy>8.1</accuracy></extensions></trkpt>
<trkpt lat="37.8870231" lon="127.2109464"><time>2026-09-10T06:19:12Z</time><extensions><accuracy>9.0</accuracy></extensions></trkpt>
<trkpt lat="37.8870260" lon="127.2109122"><time>2026-09-10T06:19:13Z</time><extensions><accuracy>6.4</accuracy></extensions></trkpt>
<trkpt lat="37.8870197" lon="127.2108964"><time>2026-09-10T06:19:14Z</time><extensions><accuracy>7.0</accuracy></extensions></trkpt>
<trkpt lat="37.8870194" lon="127.2108678"><time>2026-09-10T06:19:15Z</time><extensions><accuracy>8.6</accuracy></extensions></trkpt>
<trkpt lat="37.8869983" lon="127.2108527"><time>2026-09-10T06:19:16Z</time><extensions><accuracy>8.7</accuracy></extensions></trkpt>
<trkpt lat="37.8869770" lon="127.2108283"><time>2026-09-10T06:19:17Z</time><extensions><accuracy>8.4</accuracy></extensions></trkpt>
<trkpt lat="37.8869906" lon="127.2108094"><time>2026-09-10T06:19:18Z</time><extensions><accuracy>9.1</accuracy></extensions></trkpt>
<trkpt lat="37.8869815" lon="127.2107662"><time>2026-09-10T06:19:19Z</time><extensions><accuracy>9.3</accuracy></extensions></trkpt>
<trkpt lat="37.8869698" lon="127.2107396"><time>2026-09-10T06:19:20Z</time><extensions><accuracy>8.8</accuracy></extensions></trkpt>
<trkpt lat="37.8869664" lon="127.2107125"><time>2026-09-10T06:19:21Z</time><extensions><accuracy>7.4</accuracy></extensions></trkpt>
<trkpt lat="37.8869533" lon="127.2106929"><time>2026-09-10T06:19:22Z</time><extensions><accuracy>6.2</accuracy></extensions></trkpt>
<trkpt lat="37.8869586" lon="127.2106763"><time>2026-09-10T06:19:23Z</time><extensions><accuracy>7.9</accuracy></extensions></trkpt>
<trkpt lat="37.8869531" lon="127.2106626"><time>2026-09-10T06:19:24Z</time><extensions><accuracy>9.7</accuracy></extensions></trkpt>
<trkpt lat="37.8869514" lon="127.2106458"><time>2026-09-10T06:19:25Z</time><extensions><accuracy>9.8</accuracy></extensions></trkpt>
<trkpt lat="37.8869233" lon="127.2106187"><time>2026-09-10T06:19:26Z</time><extensions><accuracy>6.0</accuracy></extensions></trkpt>
<trkpt lat="37.8869084" lon="127.2106075"><time>2026-09-10T06:19:27Z</time><extensions><accuracy>9.5</accuracy></extensions></trkpt>
<trkpt lat="37.8869057" lon="127.2105635"><time>2026-09-10T06:19:28Z</time><extensions><accuracy>10.0</accuracy></extensions></trkpt>
<trkpt lat="37.8869005" lon="127.2105344"><time>2026-09-10T06:19:29Z</time><extensions><accuracy>8.2</accuracy></extensions></trkpt>
<trkpt lat="37.8869087" lon="127.2104914"><time>2026-09-10T06:19:30Z</time><extensions><accuracy>9.7</accuracy></extensions></trkpt>
<trkpt lat="37.8869172" lon="127.2104692"><time>2026-09-10T06:19:31Z</time><extensions><accuracy>10.0</accuracy></extensions></trkpt>
<trkpt lat="37.8869191" lon="127.2104307"><time>2026-09-10T06:19:32Z</time><extensions><accuracy>6.6</accuracy></extensions></trkpt>
<trkpt lat="37.8869119" lon="127.2103773"><time>2026-09-10T06:19:33Z</time><extensions><accuracy>8.1</accuracy></extensions></trkpt>
<trkpt lat="37.8869132" lon="127.2103335"><time>2026-09-10T06:19:34Z</time><extensions><accuracy>9.9</accuracy></extensions></trkpt>
<trkpt lat="37.8869103" lon="127.2102961"><time>2026-09-10T06:19:35Z</time><extensions><accuracy>9.8</accuracy></extensions></trkpt>
<trkpt lat="37.8868975" lon="127.2102925"><time>2026-09-10T06:19:36Z</time><extensions><accuracy>7.0</accuracy></extensions></trkpt>
<trkpt lat="37.8868958" lon="127.2102533"><time>2026-09-10T06:19:37Z</time><extensions><accuracy>6.6</accuracy></extensions></trkpt>
<trkpt lat="37.8869168" lon="127.2102221"><time>2026-09-10T06:19:38Z</time><extensions><accuracy>9.8</accuracy></extensions></trkpt>
<trkpt lat="37.8869000" lon="127.2101856"><time>2026-09-10T06:19:39Z</time><extensions><accuracy>7.7</accuracy></extensions></trkpt>
<trkpt lat="37.8868929" lon="127.2101621"><time>2026-09-10T06:19:40Z</time><extensions><accuracy>6.9</accuracy></extensions></trkpt>
<trkpt lat="37.8868843" lon="127.2101343"><time>2026-09-10T06:19:41Z</time><extensions><accuracy>8.0</accuracy></extensions></trkpt>
<trkpt lat="37.8868974" lon="127.2100810"><time>2026-09-10T06:19:42Z</time><extensions><accuracy>6.5</accuracy></extensions></trkpt>
<trkpt lat="37.8868854" lon="127.2100491"><time>2026-09-10T06:19:43Z</time><extensions><accuracy>9.2</accuracy></extensions></trkpt>
<trkpt lat="37.8868971" lon="127.2100283"><time>2026-09-10T06:19:44Z</time><extensions><accuracy>7.2</accuracy></extensions></trkpt>
<trkpt lat="37.8868821" lon="127.2100191"><time>2026-09-10T06:19:45Z</time><extensions><accuracy>8.4</accuracy></extensions></trkpt>
<trkpt lat="37.8868779" lon="127.2099833"><time>2026-09-10T06:19:46Z</time><extensions><accuracy>9.1</accuracy></extensions></trkpt>
<trkpt lat="37.8868842" lon="127.2099386"><time>2026-09-10T06:19:47Z</time><extensions><accuracy>7.3</accuracy></extensions></trkpt>
<trkpt lat="37.8868691" lon="127.2098957"><time>2026-09-10T06:19:48Z</time><extensions><accuracy>8.2</accuracy></extensions></trkpt>
<trkpt lat="37.8868731" lon="127.2098637"><time>2026-09-10T06:19:49Z</time><extensions><accuracy>9.5</accuracy></extensions></trkpt>
<trkpt lat="37.8868681" lon="127.2098267"><time>2026-09-10T06:19:50Z</time><extensions><accuracy>7.6</accuracy></extensions></trkpt>
<trkpt lat="37.8868764" lon="127.2097979"><time>2026-09-10T06:19:51Z</time><extensions><accuracy>6.9</accuracy></extensions></trkpt>
<trkpt lat="37.8868854" lon="127.2097724"><time>2026-09-10T06:19:52Z</time><extensions><accuracy>6.8</accuracy></extensions></trkpt>
<trkpt lat="37.8868681" lon="127.2097416"><time>2026-09-10T06:19:53Z</time><extensions><accuracy>6.0</accuracy></extensions></trkpt>
<trkpt lat="37.8868580" lon="127.2097039"><time>2026-09-10T06:19:54Z</time><extensions><accuracy>8.5</accuracy></extensions></trkpt>
<trkpt lat="37.8868441" lon="127.2096793"><time>2026-09-10T06:19:55Z</time><extensions><accuracy>6.2</accuracy></extensions></trkpt>
<trkpt lat="37.8868415" lon="127.2096409"><time>2026-09-10T06:19:56Z</time><extensions><accuracy>9.2</accuracy></extensions></trkpt>
<trkpt lat="37.8868692" lon="127.2096047"><time>2026-09-10T06:19:57Z</time><extensions><accuracy>6.4</accuracy></extensions></trkpt>
<trkpt lat="37.8868763" lon="127.2095858"><time>2026-09-10T06:19:58Z</time><extensions><accuracy>6.1</accuracy></extensions></trkpt>
<trkpt lat="37.8868721" lon="127.2095644"><time>2026-09-10T06:19:59Z</time><extensions><accuracy>6.6</accuracy></extensions></trkpt>
<trkpt lat="37.8868837" lon="127.2095421"><time>2026-09-10T06:20:00Z</time><extensions><accuracy>6.4</accuracy></extensions></trkpt>
<trkpt lat="37.8868973" lon="127.2095136"><time>2026-09-10T06:20:01Z</time><extensions><accuracy>9.0</accuracy></extensions></trkpt>
<trkpt lat="37.8868689" lon="127.2094884"><time>2026-09-10T06:20:02Z</time><extensions><accuracy>8.4</accuracy></extensions></trkpt>
<trkpt lat="37.8868651" lon="127.2094425"><time>2026-09-10T06:20:03Z</time><extensions><accuracy>9.3</accuracy></extensions></trkpt>
<trkpt lat="37.8868623" lon="127.2094280"><time>2026-09-10T06:20:04Z</time><extensions><accuracy>7.8</accuracy></extensions></trkpt>
<trkpt lat="37.8868741" lon="127.2094004"><time>2026-09-10T06:20:05Z</time><extensions><accuracy>8.0</accuracy></extensions></trkpt>
<trkpt lat="37.8868747" lon="127.2093513"><time>2026-09-10T06:20:06Z</time><extensions><accuracy>9.3</accuracy></extensions></trkpt>
<trkpt lat="37.8868695" lon="127.2093305"><time>2026-09-10T06:20:07Z</time><extensions><accuracy>8.1</accuracy></extensions></trkpt>
<trkpt lat="37.8868712" lon="127.2093154"><time>2026-09-10T06:20:08Z</time><extensions><accuracy>6.5</accuracy></extensions></trkpt>
<trkpt lat="37.8868896" lon="127.2092973"><time>2026-09-10T06:20:09Z</time><extensions><accuracy>6.8</accuracy></extensions></trkpt>
<trkpt lat="37.8868863" lon="127.2092784"><time>2026-09-10T06:20:10Z</time><extensions><accuracy>8.2</accuracy></extensions></trkpt>
<trkpt lat="37.8868809" lon="127.2092313"><time>2026-09-10T06:20:11Z</time><extensions><accuracy>8.9</accuracy></extensions></trkpt>
<trkpt lat="37.8868968" lon="127.2091886"><time>2026-09-10T06:20:12Z</time><extensions><accuracy>6.5</accuracy></extensions></trkpt>
<trkpt lat="37.8869004" lon="127.2091394"><time>2026-09-10T06:20:13Z</time><extensions><accuracy>7.0</accuracy></extensions></trkpt>
<trkpt lat="37.8868857" lon="127.2090978"><time>2026-09-10T06:20:14Z</time><extensions><accuracy>7.0</accuracy></extensions></trkpt>
<trkpt lat="37.8868843" lon="127.2090890"><time>2026-09-10T06:20:15Z</time><extensions><accuracy>8.4</accuracy></extensions></trkpt>
<trkpt lat="37.8868744" lon="127.2090626"><time>2026-09-10T06:20:16Z</time><extensions><accuracy>8.6</accuracy></extensions></trkpt>
<trkpt lat="37.8868652" lon="127.2090508"><time>2026-09-10T06:20:17Z</time><extensions><accuracy>8.5</accuracy></extensions></trkpt>
<trkpt lat="37.8868494" lon="127.2090118"><time>2026-09-10T06:20:18Z</time><extensions><accuracy>8.9</accuracy></extensions></trkpt>
<trkpt lat="37.8868299" lon="127.2090059"><time>2026-09-10T06:20:19Z</time><extensions><accuracy>9.0</accuracy></extensions></trkpt>
<trkpt lat="37.8868406" lon="127.2089822"><time>2026-09-10T06:20:20Z</time><extensions><accuracy>10.0</accuracy></extensions></trkpt>
<trkpt lat="37.8868212" lon="127.2089352"><time>2026-09-10T06:20:21Z</time><extensions><accuracy>8.2</accuracy></extensions></trkpt>
<trkpt lat="37.8867835" lon="127.2089145"><time>2026-09-10T06:20:22Z</time><extensions><accuracy>7.6</accuracy></extensions></trkpt>
<trkpt lat="37.8867967" lon="127.2089063"><time>2026-09-10T06:20:23Z</time><extensions><accuracy>7.4</accuracy></extensions></trkpt>
<trkpt lat="37.8867932" lon="127.2088874"><time>2026-09-10T06:20:24Z</time><extensions><accuracy>6.3</accuracy></extensions></trkpt>
<trkpt lat="37.8867969" lon="127.2088943"><time>2026-09-10T06:20:25Z</time><extensions><accuracy>7.1</accuracy></extensions></trkpt>
<trkpt lat="37.8867951" lon="127.2088936"><time>2026-09-10T06:20:26Z</time><extensions><accuracy>7.4</accuracy></extensions></trkpt>
<trkpt lat="37.8868003" lon="127.2088698"><time>2026-09-10T06:20:27Z</time><extensions><accuracy>9.5</accuracy></extensions></trkpt>
<trkpt lat="37.8867967" lon="127.2088229"><time>2026-09-10T06:20:28Z</time><extensions><accuracy>8.4</accuracy></extensions></trkpt>
<trkpt lat="37.8867937" lon="127.2088012"><time>2026-09-10T06:20:29Z</time><extensions><accuracy>9.0</accuracy></extensions></trkpt>
<trkpt lat="37.8868003" lon="127.2087856"><time>2026-09-10T06:20:30Z</time><extensions><accuracy>7.7</accuracy></extensions></trkpt>
<trkpt lat="37.8867825" lon="127.2087557"><time>2026-09-10T06:20:31Z</time><extensions><accuracy>7.9</accuracy></extensions></trkpt>
<trkpt lat="37.8867910" lon="127.2087459"><time>2026-09-10T06:20:32Z</time><extensions><accuracy>8.6</accuracy></extensions></trkpt>
<trkpt lat="37.8867876" lon="127.2086975"><time>2026-09-10T06:20:33Z</time><extensions><accuracy>8.8</accuracy></extensions></trkpt>
<trkpt lat="37.8868049" lon="127.2086747"><time>2026-09-10T06:20:34Z</time><extensions><accuracy>8.5</accuracy></extensions></trkpt>
<trkpt lat="37.8867911" lon="127.2086510"><time>2026-09-10T06:20:35Z</time><extensions><accuracy>6.4</accuracy></extensions></trkpt>
<trkpt lat="37.8867978" lon="127.2086054"><time>2026-09-10T06:20:36Z</time><extensions><accuracy>6.4</accuracy></extensions></trkpt>
<trkpt lat="37.8868215" lon="127.2085725"><time>2026-09-10T06:20:37Z</time><extensions><accuracy>7.8</accuracy></extensions></trkpt>
<trkpt lat="37.8868380" lon="127.2085618"><time>2026-09-10T06:20:38Z</time><extensions><accuracy>7.2</accuracy></extensions></trkpt>
<trkpt lat="37.8868523" lon="127.2085278"><time>2026-09-10T06:20:39Z</time><extensions><accuracy>9.5</accuracy></extensions></trkpt>
<trkpt lat="37.8868690" lon="127.2084969"><time>2026-09-10T06:20:40Z</time><extensions><accuracy>6.1</accuracy></extensions></trkpt>
<trkpt lat="37.8868631" lon="127.2084465"><time>2026-09-10T06:20:41Z</time><extensions><accuracy>9.1</accuracy></extensions></trkpt>
<trkpt lat="37.8868691" lon="127.2083818"><time>2026-09-10T06:20:42Z</time><extensions><accuracy>7.9</accuracy></extensions></trkpt>
<trkpt lat="37.8868608" lon="127.2083473"><time>2026-09-10T06:20:43Z</time><extensions><accuracy>9.5</accuracy></extensions></trkpt>
<trkpt lat="37.8868812" lon="127.2083123"><time>2026-09-10T06:20:44Z</time><extensions><accuracy>9.9</accuracy></extensions></trkpt>
<trkpt lat="37.8868950" lon="127.2082710"><time>2026-09-10T06:20:45Z</time><extensions><accuracy>7.3</accuracy></extensions></trkpt>
<trkpt lat="37.8868920" lon="127.2082626"><time>2026-09-10T06:20:46Z</time><extensions><accuracy>8.3</accuracy></extensions></trkpt>
<trkpt lat="37.8868877" lon="127.2082506"><time>2026-09-10T06:20:47Z</time><extensions><accuracy>8.8</accuracy></extensions></trkpt>
<trkpt lat="37.8868938" lon="127.2082173"><time>2026-09-10T06:20:48Z</time><extensions><accuracy>9.8</accuracy></extensions></trkpt>
<trkpt lat="37.8868862" lon="127.2081755"><time>2026-09-10T06:20:49Z</time><extensions><accuracy>6.9</accuracy></extensions></trkpt>
<trkpt lat="37.8868900" lon="127.2081618"><time>2026-09-10T06:20:50Z</time><extensions><accuracy>9.4</accuracy></extensions></trkpt>
<trkpt lat="37.8868800" lon="127.2081406"><time>2026-09-10T06:20:51Z</time><extensions><accuracy>7.6</accuracy></extensions></trkpt>
<trkpt lat="37.8868935" lon="127.2080937"><time>2026-09-10T06:20:52Z</time><extensions><accuracy>7.4</accuracy></extensions></trkpt>
<trkpt lat="37.8868883" lon="127.2080711"><time>2026-09-10T06:20:53Z</time><extensions><accuracy>8.3</accuracy></extensions></trkpt>
<trkpt lat="37.8868793" lon="127.2080439"><time>2026-09-10T06:20:54Z</time><extensions><accuracy>8.7</accuracy></extensions></trkpt>
<trkpt lat="37.8868855" lon="127.2080330"><time>2026-09-10T06:20:55Z</time><extensions><accuracy>6.1</accuracy></extensions></trkpt>
<trkpt lat="37.8868650" lon="127.2079837"><time>2026-09-10T06:20:56Z</time><extensions><accuracy>8.1</accuracy></extensions></trkpt>
<trkpt lat="37.8868982" lon="127.2079228"><time>2026-09-10T06:20:57Z</time><extensions><accuracy>7.3</accuracy></extensions></trkpt>
<trkpt lat="37.8869285" lon="127.2078974"><time>2026-09-10T06:20:58Z</time><extensions><accuracy>9.6</accuracy></extensions></trkpt>
<trkpt lat="37.8869367" lon="127.2078654"><time>2026-09-10T06:20:59Z</time><extensions><accuracy>9.4</accuracy></extensions></trkpt>
<trkpt lat="37.8868972" lon="127.2077795"><time>2026-09-10T06:21:00Z</time><extensions><accuracy>46.1</accuracy></extensions></trkpt>
<trkpt lat="37.8868562" lon="127.2076867"><time>2026-09-10T06:21:01Z</time><extensions><accuracy>49.3</accuracy></extensions></trkpt>
<trkpt lat="37.8868490" lon="127.2076766"><time>2026-09-10T06:21:02Z</time><extensions><accuracy>53.9</accuracy></extensions></trkpt>
<trkpt lat="37.8868359" lon="127.2076456"><time>2026-09-10T06:21:03Z</time><extensions><accuracy>36.3</accuracy></extensions></trkpt>
<trkpt lat="37.8869003" lon="127.2076821"><time>2026-09-10T06:21:04Z</time><extensions><accuracy>47.0</accuracy></extensions></trkpt>
<trkpt lat="37.8868997" lon="127.2076014"><time>2026-09-10T06:21:05Z</time><extensions><accuracy>42.9</accuracy></extensions></trkpt>
<trkpt lat="37.8869427" lon="127.2074303"><time>2026-09-10T06:21:06Z</time><extensions><accuracy>57.8</accuracy></extensions></trkpt>
<trkpt lat="37.8869485" lon="127.2074095"><time>2026-09-10T06:21:07Z</time><extensions><accuracy>37.5</accuracy></extensions></trkpt>
<trkpt lat="37.8869205" lon="127.2074032"><time>2026-09-10T06:21:08Z</time><extensions><accuracy>59.2</accuracy></extensions></trkpt>
<trkpt lat="37.8869254" lon="127.2073395"><time>2026-09-10T06:21:09Z</time><extensions><accuracy>48.5</accuracy></extensions></trkpt>
<trkpt lat="37.8869554" lon="127.2072059"><time>2026-09-10T06:21:10Z</time><extensions><accuracy>46.6</accuracy></extensions></trkpt>
<trkpt lat="37.8869022" lon="127.2071555"><time>2026-09-10T06:21:11Z</time><extensions><accuracy>46.8</accuracy></extensions></trkpt>
<trkpt lat="37.8869210" lon="127.2071188"><time>2026-09-10T06:21:12Z</time><extensions><accuracy>35.4</accuracy></extensions></trkpt>
<trkpt lat="37.8870326" lon="127.2071109"><time>2026-09-10T06:21:13Z</time><extensions><accuracy>57.5</accuracy></extensions></trkpt>
<trkpt lat="37.8869929" lon="127.2072169"><time>2026-09-10T06:21:14Z</time><extensions><accuracy>45.0</accuracy></extensions></trkpt>
<trkpt lat="37.8869899" lon="127.2072216"><time>2026-09-10T06:21:15Z</time><extensions><accuracy>39.1</accuracy></extensions></trkpt>
<trkpt lat="37.8869864" lon="127.2071819"><time>2026-09-10T06:21:16Z</time><extensions><accuracy>58.2</accuracy></extensions></trkpt>
<trkpt lat="37.8870013" lon="127.2071749"><time>2026-09-10T06:21:17Z</time><extensions><accuracy>51.2</accuracy></extensions></trkpt>
<trkpt lat="37.8870077" lon="127.2071720"><time>2026-09-10T06:21:18Z</time><extensions><accuracy>40.1</accuracy></extensions></trkpt>
<trkpt lat="37.8870082" lon="127.2070631"><time>2026-09-10T06:21:19Z</time><extensions><accuracy>58.2</accuracy></extensions></trkpt>
<trkpt lat="37.8869976" lon="127.2070418"><time>2026-09-10T06:21:20Z</time><extensions><accuracy>58.0</accuracy></extensions></trkpt>
<trkpt lat="37.8869393" lon="127.2069810"><time>2026-09-10T06:21:21Z</time><extensions><accuracy>43.1</accuracy></extensions></trkpt>
<trkpt lat="37.8869933" lon="127.2069345"><time>2026-09-10T06:21:22Z</time><extensions><accuracy>36.8</accuracy></extensions></trkpt>
<trkpt lat="37.8870605" lon="127.2068400"><time>2026-09-10T06:21:23Z</time><extensions><accuracy>44.3</accuracy></extensions></trkpt>
<trkpt lat="37.8870080" lon="127.2067072"><time>2026-09-10T06:21:24Z</time><extensions><accuracy>36.5</accuracy></extensions></trkpt>
<trkpt lat="37.8871157" lon="127.2066319"><time>2026-09-10T06:21:25Z</time><extensions><accuracy>37.4</accuracy></extensions></trkpt>
<trkpt lat="37.8871286" lon="127.2065862"><time>2026-09-10T06:21:26Z</time><extensions><accuracy>59.8</accuracy></extensions></trkpt>
<trkpt lat="37.8871862" lon="127.2064895"><time>2026-09-10T06:21:27Z</time><extensions><accuracy>57.9</accuracy></extensions></trkpt>
<trkpt lat="37.8872149" lon="127.2063201"><time>2026-09-10T06:21:28Z</time><extensions><accuracy>38.3</accuracy></extensions></trkpt>
<trkpt lat="37.8872095" lon="127.2062754"><time>2026-09-10T06:21:29Z</time><extensions><accuracy>44.9</accuracy></extensions></trkpt>
<trkpt lat="37.8872028" lon="127.2062167"><time>2026-09-10T06:21:30Z</time><extensions><accuracy>8.6</accuracy></extensions></trkpt>
<trkpt lat="37.8871972" lon="127.2061775"><time>2026-09-10T06:21:31Z</time><extensions><accuracy>8.6</accuracy></extensions></trkpt>
<trkpt lat="37.8872070" lon="127.2061287"><time>2026-09-10T06:21:32Z</time><extensions><accuracy>6.7</accuracy></extensions></trkpt>
<trkpt lat="37.8872211" lon="127.2060882"><time>2026-09-10T06:21:33Z</time><extensions><accuracy>9.5</accuracy></extensions></trkpt>
<trkpt lat="37.8872380" lon="127.2060771"><time>2026-09-10T06:21:34Z</time><extensions><accuracy>8.6</accuracy></extensions></trkpt>
<trkpt lat="37.8872428" lon="127.2060481"><time>2026-09-10T06:21:35Z</time><extensions><accuracy>9.0</accuracy></extensions></trkpt>
<trkpt lat="37.8872587" lon="127.2060153"><time>2026-09-10T06:21:36Z</time><extensions><accuracy>7.2</accuracy></extensions></trkpt>
<trkpt lat="37.8872743" lon="127.2059753"><time>2026-09-10T06:21:37Z</time><extensions><accuracy>6.8</accuracy></extensions></trkpt>
<trkpt lat="37.8872806" lon="127.2059230"><time>2026-09-10T06:21:38Z</time><extensions><accuracy>9.2</accuracy></extensions></trkpt>
<trkpt lat="37.8872719" lon="127.2058904"><time>2026-09-10T06:21:39Z</time><extensions><accuracy>6.7</accuracy></extensions></trkpt>
<trkpt lat="37.8872824" lon="127.2058416"><time>2026-09-10T06:21:40Z</time><extensions><accuracy>7.6</accuracy></extensions></trkpt>
<trkpt lat="37.8873203" lon="127.2057855"><time>2026-09-10T06:21:41Z</time><extensions><accuracy>7.4</accuracy></extensions></trkpt>
<trkpt lat="37.8873499" lon="127.2057617"><time>2026-09-10T06:21:42Z</time><extensions><accuracy>6.5</accuracy></extensions></trkpt>
<trkpt lat="37.8873574" lon="127.2057264"><time>2026-09-10T06:21:43Z</time><extensions><accuracy>6.8</accuracy></extensions></trkpt>
<trkpt lat="37.8873829" lon="127.2057033"><time>2026-09-10T06:21:44Z</time><extensions><accuracy>9.7</accuracy></extensions></trkpt>
<trkpt lat="37.8873904" lon="127.2056577"><time>2026-09-10T06:21:45Z</time><extensions><accuracy>8.9</accuracy></extensions></trkpt>
<trkpt lat="37.8874087" lon="127.2056018"><time>2026-09-10T06:21:46Z</time><extensions><accuracy>8.5</accuracy></extensions></trkpt>
<trkpt lat="37.8874318" lon="127.2055617"><time>2026-09-10T06:21:47Z</time><extensions><accuracy>7.0</accuracy></extensions></trkpt>
<trkpt lat="37.8874347" lon="127.2055115"><time>2026-09-10T06:21:48Z</time><extensions><accuracy>9.9</accuracy></extensions></trkpt>
<trkpt lat="37.8874702" lon="127.2054655"><time>2026-09-10T06:21:49Z</time><extensions><accuracy>9.3</accuracy></extensions></trkpt>
<trkpt lat="37.8874896" lon="127.2054232"><time>2026-09-10T06:21:50Z</time><extensions><accuracy>9.0</accuracy></extensions></trkpt>
<trkpt lat="37.8875144" lon="127.2053960"><time>2026-09-10T06:21:51Z</time><extensions><accuracy>6.2</accuracy></extensions></trkpt>
<trkpt lat="37.8875323" lon="127.2053301"><time>2026-09-10T06:21:52Z</time><extensions><accuracy>9.9</accuracy></extensions></trkpt>
<trkpt lat="37.8875467" lon="127.2052564"><time>2026-09-10T06:21:53Z</time><extensions><accuracy>8.9</accuracy></extensions></trkpt>
<trkpt lat="37.8875509" lon="127.2052196"><time>2026-09-10T06:21:54Z</time><extensions><accuracy>7.0</accuracy></extensions></trkpt>
<trkpt lat="37.8875725" lon="127.2051859"><time>2026-09-10T06:21:55Z</time><extensions><accuracy>6.2</accuracy></extensions></trkpt>
<trkpt lat="37.8875960" lon="127.2051570"><time>2026-09-10T06:21:56Z</time><extensions><accuracy>7.7</accuracy></extensions></trkpt>
<trkpt lat="37.8875955" lon="127.2051002"><time>2026-09-10T06:21:57Z</time><extensions><accuracy>7.8</accuracy></extensions></trkpt>
<trkpt lat="37.8876332" lon="127.2050337"><time>2026-09-10T06:21:58Z</time><extensions><accuracy>6.9</accuracy></extensions></trkpt>
<trkpt lat="37.8876398" lon="127.2049908"><time>2026-09-10T06:21:59Z</time><extensions><accuracy>7.9</accuracy></extensions></trkpt>
<trkpt lat="37.8876438" lon="127.2049773"><time>2026-09-10T06:22:00Z</time><extensions><accuracy>9.4</accuracy></extensions></trkpt>
<trkpt lat="37.8876351" lon="127.2049426"><time>2026-09-10T06:22:01Z</time><extensions><accuracy>6.5</accuracy></extensions></trkpt>
<trkpt lat="37.8876393" lon="127.2049261"><time>2026-09-10T06:22:02Z</time><extensions><accuracy>6.3</accuracy></extensions></trkpt>
<trkpt lat="37.8876255" lon="127.2049204"><time>2026-09-10T06:22:03Z</time><extensions><accuracy>8.9</accuracy></extensions></trkpt>
<trkpt lat="37.8876411" lon="127.2049000"><time>2026-09-10T06:22:04Z</time><extensions><accuracy>8.8</accuracy></extensions></trkpt>
<trkpt lat="37.8876488" lon="127.2048788"><time>2026-09-10T06:22:05Z</time><extensions><accuracy>9.0</accuracy></extensions></trkpt>
<trkpt lat="37.8876698" lon="127.2048434"><time>2026-09-10T06:22:06Z</time><extensions><accuracy>8.5</accuracy></extensions></trkpt>
<trkpt lat="37.8876691" lon="127.2047884"><time>2026-09-10T06:22:07Z</time><extensions><accuracy>9.8</accuracy></extensions></trkpt>
<trkpt lat="37.8876816" lon="127.2047767"><time>2026-09-10T06:22:08Z</time><extensions><accuracy>8.1</accuracy></extensions></trkpt>
<trkpt lat="37.8876701" lon="127.2047694"><time>2026-09-10T06:22:09Z</time><extensions><accuracy>7.8</accuracy></extensions></trkpt>
<trkpt lat="37.8876872" lon="127.2047282"><time>2026-09-10T06:22:10Z</time><extensions><accuracy>6.2</accuracy></extensions></trkpt>
<trkpt lat="37.8876994" lon="127.2046941"><time>2026-09-10T06:22:11Z</time><extensions><accuracy>9.9</accuracy></extensions></trkpt>
<trkpt lat="37.8877033" lon="127.2046686"><time>2026-09-10T06:22:12Z</time><extensions><accuracy>9.5</accuracy></extensions></trkpt>
<trkpt lat="37.8877164" lon="127.2046340"><time>2026-09-10T06:22:13Z</time><extensions><accuracy>7.6</accuracy></extensions></trkpt>
<trkpt lat="37.8877317" lon="127.2046106"><time>2026-09-10T06:22:14Z</time><extensions><accuracy>7.6</accuracy></extensions></trkpt>
<trkpt lat="37.8877513" lon="127.2045529"><time>2026-09-10T06:22:15Z</time><extensions><accuracy>8.7</accuracy></extensions></trkpt>
<trkpt lat="37.8877734" lon="127.2045077"><time>2026-09-10T06:22:16Z</time><extensions><accuracy>7.5</accuracy></extensions></trkpt>
<trkpt lat="37.8877864" lon="127.2044703"><time>2026-09-10T06:22:17Z</time><extensions><accuracy>6.2</accuracy></extensions></trkpt>
<trkpt lat="37.8878032" lon="127.2044490"><time>2026-09-10T06:22:18Z</time><extensions><accuracy>6.4</accuracy></extensions></trkpt>
<trkpt lat="37.8878256" lon="127.2044435"><time>2026-09-10T06:22:19Z</time><extensions><accuracy>9.3</accuracy></extensions></trkpt>
<trkpt lat="37.8878320" lon="127.2044308"><time>2026-09-10T06:22:20Z</time><extensions><accuracy>9.6</accuracy></extensions></trkpt>
<trkpt lat="37.8878339" lon="127.2044168"><time>2026-09-10T06:22:21Z</time><extensions><accuracy>8.2</accuracy></extensions></trkpt>
<trkpt lat="37.8878369" lon="127.2043953"><time>2026-09-10T06:22:22Z</time><extensions><accuracy>6.7</accuracy></extensions></trkpt>
<trkpt lat="37.8878318" lon="127.2043903"><time>2026-09-10T06:22:23Z</time><extensions><accuracy>8.6</accuracy></extensions></trkpt>
<trkpt lat="37.8878484" lon="127.2043752"><time>2026-09-10T06:22:24Z</time><extensions><accuracy>9.8</accuracy></extensions></trkpt>
<trkpt lat="37.8878691" lon="127.2043439"><time>2026-09-10T06:22:25Z</time><extensions><accuracy>7.8</accuracy></extensions></trkpt>
<trkpt lat="37.8878582" lon="127.2043267"><time>2026-09-10T06:22:26Z</time><extensions><accuracy>7.5</accuracy></extensions></trkpt>
<trkpt lat="37.8878640" lon="127.2043038"><time>2026-09-10T06:22:27Z</time><extensions><accuracy>6.2</accuracy></extensions></trkpt>
<trkpt lat="37.8878806" lon="127.2042747"><time>2026-09-10T06:22:28Z</time><extensions><accuracy>8.9</accuracy></extensions></trkpt>
<trkpt lat="37.8878921" lon="127.2042461"><time>2026-09-10T06:22:29Z</time><extensions><accuracy>7.2</accuracy></extensions></trkpt>
<trkpt lat="37.8879023" lon="127.2042325"><time>2026-09-10T06:22:30Z</time><extensions><accuracy>8.6</accuracy></extensions></trkpt>
<trkpt lat="37.8879091" lon="127.2042395"><time>2026-09-10T06:22:31Z</time><extensions><accuracy>8.1</accuracy></extensions></trkpt>
<trkpt lat="37.8879290" lon="127.2042072"><time>2026-09-10T06:22:32Z</time><extensions><accuracy>6.4</accuracy></extensions></trkpt>
<trkpt lat="37.8879450" lon="127.2041852"><time>2026-09-10T06:22:33Z</time><extensions><accuracy>8.1</accuracy></extensions></trkpt>
<trkpt lat="37.8879589" lon="127.2041448"><time>2026-09-10T06:22:34Z</time><extensions><accuracy>6.5</accuracy></extensions></trkpt>
<trkpt lat="37.8879656" lon="127.2041149"><time>2026-09-10T06:22:35Z</time><extensions><accuracy>9.6</accuracy></extensions></trkpt>
<trkpt lat="37.8879852" lon="127.2040710"><time>2026-09-10T06:22:36Z</time><extensions><accuracy>7.3</accuracy></extensions></trkpt>
<trkpt lat="37.8880047" lon="127.2040604"><time>2026-09-10T06:22:37Z</time><extensions><accuracy>6.2</accuracy></extensions></trkpt>
<trkpt lat="37.8880375" lon="127.2040331"><time>2026-09-10T06:22:38Z</time><extensions><accuracy>9.7</accuracy></extensions></trkpt>
<trkpt lat="37.8880561" lon="127.2040300"><time>2026-09-10T06:22:39Z</time><extensions><accuracy>8.4</accuracy></extensions></trkpt>
<trkpt lat="37.8880809" lon="127.2039960"><time>2026-09-10T06:22:40Z</time><extensions><accuracy>7.4</accuracy></extensions></trkpt>
<trkpt lat="37.8880934" lon="127.2039501"><time>2026-09-10T06:22:41Z</time><extensions><accuracy>9.6</accuracy></extensions></trkpt>
<trkpt lat="37.8881283" lon="127.2039303"><time>2026-09-10T06:22:42Z</time><extensions><accuracy>6.9</accuracy></extensions></trkpt>
<trkpt lat="37.8881253" lon="127.2039054"><time>2026-09-10T06:22:43Z</time><extensions><accuracy>7.9</accuracy></extensions></trkpt>
<trkpt lat="37.8881322" lon="127.2038689"><time>2026-09-10T06:22:44Z</time><extensions><accuracy>6.5</accuracy></extensions></trkpt>
<trkpt lat="37.8881324" lon="127.2038423"><time>2026-09-10T06:22:45Z</time><extensions><accuracy>8.8</accuracy></extensions></trkpt>
<trkpt lat="37.8881491" lon="127.2038269"><time>2026-09-10T06:22:46Z</time><extensions><accuracy>9.8</accuracy></extensions></trkpt>
<trkpt lat="37.8881879" lon="127.2038215"><time>2026-09-10T06:22:47Z</time><extensions><accuracy>8.2</accuracy></extensions></trkpt>
<trkpt lat="37.8881875" lon="127.2038224"><time>2026-09-10T06:22:48Z</time><extensions><accuracy>9.1</accuracy></extensions></trkpt>
<trkpt lat="37.8881926" lon="127.2037824"><time>2026-09-10T06:22:49Z</time><extensions><accuracy>7.8</accuracy></extensions></trkpt>
<trkpt lat="37.8881895" lon="127.2037516"><time>2026-09-10T06:22:50Z</time><extensions><accuracy>8.2</accuracy></extensions></trkpt>
<trkpt lat="37.8881984" lon="127.2037307"><time>2026-09-10T06:22:51Z</time><extensions><accuracy>8.4</accuracy></extensions></trkpt>
<trkpt lat="37.8882014" lon="127.2037193"><time>2026-09-10T06:22:52Z</time><extensions><accuracy>7.8</accuracy></extensions></trkpt>
<trkpt lat="37.8882158" lon="127.2036757"><time>2026-09-10T06:22:53Z</time><extensions><accuracy>7.3</accuracy></extensions></trkpt>
<trkpt lat="37.8882256" lon="127.2036453"><time>2026-09-10T06:22:54Z</time><extensions><accuracy>8.0</accuracy></extensions></trkpt>
<trkpt lat="37.8882545" lon="127.2035965"><time>2026-09-10T06:22:55Z</time><extensions><accuracy>6.5</accuracy></extensions></trkpt>
<trkpt lat="37.8882520" lon="127.2035775"><time>2026-09-10T06:22:56Z</time><extensions><accuracy>9.3</accuracy></extensions></trkpt>
<trkpt lat="37.8882653" lon="127.2035553"><time>2026-09-10T06:22:57Z</time><extensions><accuracy>7.2</accuracy></extensions></trkpt>
<trkpt lat="37.8882810" lon="127.2035445"><time>2026-09-10T06:22:58Z</time><extensions><accuracy>9.3</accuracy></extensions></trkpt>
<trkpt lat="37.8882846" lon="127.2035298"><time>2026-09-10T06:22:59Z</time><extensions><accuracy>6.8</accuracy></extensions></trkpt>
<trkpt lat="37.8882900" lon="127.2035041"><time>2026-09-10T06:23:00Z</time><extensions><accuracy>9.4</accuracy></extensions></trkpt>
<trkpt lat="37.8882939" lon="127.2034936"><time>2026-09-10T06:23:01Z</time><extensions><accuracy>9.5</accuracy></extensions></trkpt>
<trkpt lat="37.8882887" lon="127.2034763"><time>2026-09-10T06:23:02Z</time><extensions><accuracy>7.1</accuracy></extensions></trkpt>
<trkpt lat="37.8883125" lon="127.2034460"><time>2026-09-10T06:23:03Z</time><extensions><accuracy>9.4</accuracy></extensions></trkpt>
<trkpt lat="37.8883219" lon="127.2034223"><time>2026-09-10T06:23:04Z</time><extensions><accuracy>8.5</accuracy></extensions></trkpt>
<trkpt lat="37.8883368" lon="127.2033876"><time>2026-09-10T06:23:05Z</time><extensions><accuracy>9.5</accuracy></extensions></trkpt>
<trkpt lat="37.8883641" lon="127.2033667"><time>2026-09-10T06:23:06Z</time><extensions><accuracy>9.4</accuracy></extensions></trkpt>
<trkpt lat="37.8883628" lon="127.2033683"><time>2026-09-10T06:23:07Z</time><extensions><accuracy>6.3</accuracy></extensions></trkpt>
<trkpt lat="37.8883792" lon="127.2033539"><time>2026-09-10T06:23:08Z</time><extensions><accuracy>6.2</accuracy></extensions></trkpt>
<trkpt lat="37.8884088" lon="127.2033580"><time>2026-09-10T06:23:09Z</time><extensions><accuracy>8.4</accuracy></extensions></trkpt>
<trkpt lat="37.8884254" lon="127.2033176"><time>2026-09-10T06:23:10Z</time><extensions><accuracy>9.4</accuracy></extensions></trkpt>
<trkpt lat="37.8884359" lon="127.2032756"><time>2026-09-10T06:23:11Z</time><extensions><accuracy>9.9</accuracy></extensions></trkpt>
<trkpt lat="37.8884343" lon="127.2032636"><time>2026-09-10T06:23:12Z</time><extensions><accuracy>6.6</accuracy></extensions></trkpt>
<trkpt lat="37.8884531" lon="127.2032584"><time>2026-09-10T06:23:13Z</time><extensions><accuracy>7.4</accuracy></extensions></trkpt>
<trkpt lat="37.8884686" lon="127.2032162"><time>2026-09-10T06:23:14Z</time><extensions><accuracy>9.7</accuracy></extensions></trkpt>
<trkpt lat="37.8884865" lon="127.2031700"><time>2026-09-10T06:23:15Z</time><extensions><accuracy>7.0</accuracy></extensions></trkpt>
<trkpt lat="37.8884845" lon="127.2031260"><time>2026-09-10T06:23:16Z</time><extensions><accuracy>6.2</accuracy></extensions></trkpt>
<trkpt lat="37.8884928" lon="127.2031182"><time>2026-09-10T06:23:17Z</time><extensions><accuracy>8.1</accuracy></extensions></trkpt>
<trkpt lat="37.8885101" lon="127.2031238"><time>2026-09-10T06:23:18Z</time><extensions><accuracy>6.8</accuracy></extensions></trkpt>
<trkpt lat="37.8885428" lon="127.2031119"><time>2026-09-10T06:23:19Z</time><extensions><accuracy>8.4</accuracy></extensions></trkpt>
<trkpt lat="37.8885546" lon="127.2030973"><time>2026-09-10T06:23:20Z</time><extensions><accuracy>6.4</accuracy></extensions></trkpt>
<trkpt lat="37.8885852" lon="127.2030821"><time>2026-09-10T06:23:21Z</time><extensions><accuracy>9.2</accuracy></extensions></trkpt>
<trkpt lat="37.8886279" lon="127.2030599"><time>2026-09-10T06:23:22Z</time><extensions><accuracy>7.1</accuracy></extensions></trkpt>
<trkpt lat="37.8886621" lon="127.2030357"><time>2026-09-10T06:23:23Z</time><extensions><accuracy>7.8</accuracy></extensions></trkpt>
<trkpt lat="37.8886610" lon="127.2030450"><time>2026-09-10T06:23:24Z</time><extensions><accuracy>8.3</accuracy></extensions></trkpt>
<trkpt lat="37.8886878" lon="127.2030232"><time>2026-09-10T06:23:25Z</time><extensions><accuracy>9.0</accuracy></extensions></trkpt>
<trkpt lat="37.8887110" lon="127.2030032"><time>2026-09-10T06:23:26Z</time><extensions><accuracy>9.1</accuracy></extensions></trkpt>
<trkpt lat="37.8887217" lon="127.2029722"><time>2026-09-10T06:23:27Z</time><extensions><accuracy>9.2</accuracy></extensions></trkpt>
<trkpt lat="37.8887620" lon="127.2029462"><time>2026-09-10T06:23:28Z</time><extensions><accuracy>7.1</accuracy></extensions></trkpt>
<trkpt lat="37.8887771" lon="127.2029080"><time>2026-09-10T06:23:29Z</time><extensions><accuracy>7.1</accuracy></extensions></trkpt>
<trkpt lat="37.8888191" lon="127.2028842"><time>2026-09-10T06:23:30Z</time><extensions><accuracy>8.9</accuracy></extensions></trkpt>
<trkpt lat="37.8888204" lon="127.2028779"><time>2026-09-10T06:23:31Z</time><extensions><accuracy>9.5</accuracy></extensions></trkpt>
<trkpt lat="37.8888351" lon="127.2028668"><time>2026-09-10T06:23:32Z</time><extensions><accuracy>9.2</accuracy></extensions></trkpt>
<trkpt lat="37.8888525" lon="127.2028635"><time>2026-09-10T06:23:33Z</time><extensions><accuracy>9.7</accuracy></extensions></trkpt>
<trkpt lat="37.8888535" lon="127.2028458"><time>2026-09-10T06:23:34Z</time><extensions><accuracy>9.1</accuracy></extensions></trkpt>
<trkpt lat="37.8888576" lon="127.2028261"><time>2026-09-10T06:23:35Z</time><extensions><accuracy>9.6</accuracy></extensions></trkpt>
<trkpt lat="37.8888758" lon="127.2027915"><time>2026-09-10T06:23:36Z</time><extensions><accuracy>6.4</accuracy></extensions></trkpt>
<trkpt lat="37.8889001" lon="127.2027620"><time>2026-09-10T06:23:37Z</time><extensions><accuracy>7.3</accuracy></extensions></trkpt>
<trkpt lat="37.8889224" lon="127.2027504"><time>2026-09-10T06:23:38Z</time><extensions><accuracy>9.8</accuracy></extensions></trkpt>
<trkpt lat="37.8889229" lon="127.2027072"><time>2026-09-10T06:23:39Z</time><extensions><accuracy>7.2</accuracy></extensions></trkpt>
<trkpt lat="37.8889372" lon="127.2026742"><time>2026-09-10T06:23:40Z</time><extensions><accuracy>6.4</accuracy></extensions></trkpt>
<trkpt lat="37.8889670" lon="127.2026683"><time>2026-09-10T06:23:41Z</time><extensions><accuracy>7.2</accuracy></extensions></trkpt>
<trkpt lat="37.8889783" lon="127.2026503"><time>2026-09-10T06:23:42Z</time><extensions><accuracy>8.2</accuracy></extensions></trkpt>
<trkpt lat="37.8889962" lon="127.2026349"><time>2026-09-10T06:23:43Z</time><extensions><accuracy>7.3</accuracy></extensions></trkpt>
<trkpt lat="37.8890277" lon="127.2026141"><time>2026-09-10T06:23:44Z</time><extensions><accuracy>9.7</accuracy></extensions></trkpt>
<trkpt lat="37.8890414" lon="127.2025958"><time>2026-09-10T06:23:45Z</time><extensions><accuracy>8.5</accuracy></extensions></trkpt>
<trkpt lat="37.8890415" lon="127.2025850"><time>2026-09-10T06:23:46Z</time><extensions><accuracy>9.8</accuracy></extensions></trkpt>
<trkpt lat="37.8890414" lon="127.2025686"><time>2026-09-10T06:23:47Z</time><extensions><accuracy>6.1</accuracy></extensions></trkpt>
<trkpt lat="37.8890449" lon="127.2025717"><time>2026-09-10T06:23:48Z</time><extensions><accuracy>6.6</accuracy></extensions></trkpt>
<trkpt lat="37.8890662" lon="127.2025341"><time>2026-09-10T06:23:49Z</time><extensions><accuracy>9.0</accuracy></extensions></trkpt>
<trkpt lat="37.8890849" lon="127.2025295"><time>2026-09-10T06:23:50Z</time><extensions><accuracy>9.7</accuracy></extensions></trkpt>
<trkpt lat="37.8890920" lon="127.2025081"><time>2026-09-10T06:23:51Z</time><extensions><accuracy>6.2</accuracy></extensions></trkpt>
<trkpt lat="37.8891050" lon="127.2024767"><time>2026-09-10T06:23:52Z</time><extensions><accuracy>6.2</accuracy></extensions></trkpt>
<trkpt lat="37.8891432" lon="127.2024550"><time>2026-09-10T06:23:53Z</time><extensions><accuracy>9.2</accuracy></extensions></trkpt>
<trkpt lat="37.8891668" lon="127.2024340"><time>2026-09-10T06:23:54Z</time><extensions><accuracy>6.6</accuracy></extensions></trkpt>
<trkpt lat="37.8891993" lon="127.2024394"><time>2026-09-10T06:23:55Z</time><extensions><accuracy>7.3</accuracy></extensions></trkpt>
<trkpt lat="37.8891946" lon="127.2024427"><time>2026-09-10T06:23:56Z</time><extensions><accuracy>6.6</accuracy></extensions></trkpt>
<trkpt lat="37.8892099" lon="127.2024150"><time>2026-09-10T06:23:57Z</time><extensions><accuracy>7.2</accuracy></extensions></trkpt>
<trkpt lat="37.8892423" lon="127.2023609"><time>2026-09-10T06:23:58Z</time><extensions><accuracy>6.3</accuracy></extensions></trkpt>
<trkpt lat="37.8892539" lon="127.2023385"><time>2026-09-10T06:23:59Z</time><extensions><accuracy>7.9</accuracy></extensions></trkpt>
<trkpt lat="37.8892746" lon="127.2022908"><time>2026-09-10T06:24:00Z</time><extensions><accuracy>7.3</accuracy></extensions></trkpt>
<trkpt lat="37.8893160" lon="127.2022101"><time>2026-09-10T06:24:01Z</time><extensions><accuracy>7.7</accuracy></extensions></trkpt>
<trkpt lat="37.8893444" lon="127.2021857"><time>2026-09-10T06:24:02Z</time><extensions><accuracy>8.8</accuracy></extensions></trkpt>
<trkpt lat="37.8893725" lon="127.2021299"><time>2026-09-10T06:24:03Z</time><extensions><accuracy>8.9</accuracy></extensions></trkpt>
<trkpt lat="37.8893950" lon="127.2021202"><time>2026-09-10T06:24:04Z</time><extensions><accuracy>6.7</accuracy></extensions></trkpt>
<trkpt lat="37.8894169" lon="127.2020907"><time>2026-09-10T06:24:05Z</time><extensions><accuracy>8.0</accuracy></extensions></trkpt>
<trkpt lat="37.8894497" lon="127.2020712"><time>2026-09-10T06:24:06Z</time><extensions><accuracy>6.5</accuracy></extensions></trkpt>
<trkpt lat="37.8894939" lon="127.2020231"><time>2026-09-10T06:24:07Z</time><extensions><accuracy>7.8</accuracy></extensions></trkpt>
<trkpt lat="37.8895138" lon="127.2019759"><time>2026-09-10T06:24:08Z</time><extensions><accuracy>8.8</accuracy></extensions></trkpt>
<trkpt lat="37.8895549" lon="127.2019550"><time>2026-09-10T06:24:09Z</time><extensions><accuracy>8.3</accuracy></extensions></trkpt>
<trkpt lat="37.8895724" lon="127.2019397"><time>2026-09-10T06:24:10Z</time><extensions><accuracy>7.0</accuracy></extensions></trkpt>
<trkpt lat="37.8895920" lon="127.2019035"><time>2026-09-10T06:24:11Z</time><extensions><accuracy>7.5</accuracy></extensions></trkpt>
<trkpt lat="37.8896270" lon="127.2018599"><time>2026-09-10T06:24:12Z</time><extensions><accuracy>8.0</accuracy></extensions></trkpt>
<trkpt lat="37.8896621" lon="127.2018154"><time>2026-09-10T06:24:13Z</time><extensions><accuracy>8.7</accuracy></extensions></trkpt>
<trkpt lat="37.8896852" lon="127.2017634"><time>2026-09-10T06:24:14Z</time><extensions><accuracy>9.2</accuracy></extensions></trkpt>
<trkpt lat="37.8897160" lon="127.2017555"><time>2026-09-10T06:24:15Z</time><extensions><accuracy>7.0</accuracy></extensions></trkpt>
<trkpt lat="37.8897494" lon="127.2017347"><time>2026-09-10T06:24:16Z</time><extensions><accuracy>9.3</accuracy></extensions></trkpt>
<trkpt lat="37.8897975" lon="127.2017169"><time>2026-09-10T06:24:17Z</time><extensions><accuracy>9.8</accuracy></extensions></trkpt>
<trkpt lat="37.8898373" lon="127.2016763"><time>2026-09-10T06:24:18Z</time><extensions><accuracy>6.7</accuracy></extensions></trkpt>
<trkpt lat="37.8898559" lon="127.2016514"><time>2026-09-10T06:24:19Z</time><extensions><accuracy>6.8</accuracy></extensions></trkpt>
<trkpt lat="37.8898636" lon="127.2016120"><time>2026-09-10T06:24:20Z</time><extensions><accuracy>6.4</accuracy></extensions></trkpt>
<trkpt lat="37.8898819" lon="127.2015889"><time>2026-09-10T06:24:21Z</time><extensions><accuracy>6.0</accuracy></extensions></trkpt>
<trkpt lat="37.8899115" lon="127.2015422"><time>2026-09-10T06:24:22Z</time><extensions><accuracy>6.7</accuracy></extensions></trkpt>
<trkpt lat="37.8899441" lon="127.2015170"><time>2026-09-10T06:24:23Z</time><extensions><accuracy>7.4</accuracy></extensions></trkpt>
<trkpt lat="37.8899788" lon="127.2014947"><time>2026-09-10T06:24:24Z</time><extensions><accuracy>9.3</accuracy></extensions></trkpt>
<trkpt lat="37.8900097" lon="127.2014845"><time>2026-09-10T06:24:25Z</time><extensions><accuracy>6.9</accuracy></extensions></trkpt>
<trkpt lat="37.8900422" lon="127.2014709"><time>2026-09-10T06:24:26Z</time><extensions><accuracy>7.5</accuracy></extensions></trkpt>
<trkpt lat="37.8900839" lon="127.2014408"><time>2026-09-10T06:24:27Z</time><extensions><accuracy>9.8</accuracy></extensions></trkpt>
<trkpt lat="37.8901056" lon="127.2013887"><time>2026-09-10T06:24:28Z</time><extensions><accuracy>8.8</accuracy></extensions></trkpt>
<trkpt lat="37.8901241" lon="127.2013714"><time>2026-09-10T06:24:29Z</time><extensions><accuracy>8.8</accuracy></extensions></trkpt>
<trkpt lat="37.8901848" lon="127.2013345"><time>2026-09-10T06:24:30Z</time><extensions><accuracy>7.5</accuracy></extensions></trkpt>
<trkpt lat="37.8902233" lon="127.2013309"><time>2026-09-10T06:24:31Z</time><extensions><accuracy>8.6</accuracy></extensions></trkpt>
<trkpt lat="37.8902423" lon="127.2012837"><time>2026-09-10T06:24:32Z</time><extensions><accuracy>7.9</accuracy></extensions></trkpt>
<trkpt lat="37.8902572" lon="127.2012586"><time>2026-09-10T06:24:33Z</time><extensions><accuracy>8.6</accuracy></extensions></trkpt>
<trkpt lat="37.8902963" lon="127.2012324"><time>2026-09-10T06:24:34Z</time><extensions><accuracy>8.0</accuracy></extensions></trkpt>
<trkpt lat="37.8903265" lon="127.2012161"><time>2026-09-10T06:24:35Z</time><extensions><accuracy>7.5</accuracy></extensions></trkpt>
<trkpt lat="37.8903576" lon="127.2012039"><time>2026-09-10T06:24:36Z</time><extensions><accuracy>6.5</accuracy></extensions></trkpt>
<trkpt lat="37.8903995" lon="127.2011879"><time>2026-09-10T06:24:37Z</time><extensions><accuracy>6.8</accuracy></extensions></trkpt>
<trkpt lat="37.8904492" lon="127.2011447"><time>2026-09-10T06:24:38Z</time><extensions><accuracy>9.3</accuracy></extensions></trkpt>
<trkpt lat="37.8904814" lon="127.2011207"><time>2026-09-10T06:24:39Z</time><extensions><accuracy>7.1</accuracy></extensions></trkpt>
<trkpt lat="37.8905078" lon="127.2011059"><time>2026-09-10T06:24:40Z</time><extensions><accuracy>9.9</accuracy></extensions></trkpt>
<trkpt lat="37.8905587" lon="127.2010839"><time>2026-09-10T06:24:41Z</time><extensions><accuracy>7.7</accuracy></extensions></trkpt>
<trkpt lat="37.8906109" lon="127.2010524"><time>2026-09-10T06:24:42Z</time><extensions><accuracy>8.4</accuracy></extensions></trkpt>
<trkpt lat="37.8906404" lon="127.2010496"><time>2026-09-10T06:24:43Z</time><extensions><accuracy>8.6</accuracy></extensions></trkpt>
<trkpt lat="37.8906740" lon="127.2010267"><time>2026-09-10T06:24:44Z</time><extensions><accuracy>9.9</accuracy></extensions></trkpt>
<trkpt lat="37.8907259" lon="127.2010046"><time>2026-09-10T06:24:45Z</time><extensions><accuracy>7.3</accuracy></extensions></trkpt>
<trkpt lat="37.8907830" lon="127.2009826"><time>2026-09-10T06:24:46Z</time><extensions><accuracy>6.5</accuracy></extensions></trkpt>
<trkpt lat="37.8908199" lon="127.2009651"><time>2026-09-10T06:24:47Z</time><extensions><accuracy>7.7</accuracy></extensions></trkpt>
<trkpt lat="37.8908638" lon="127.2009400"><time>2026-09-10T06:24:48Z</time><extensions><accuracy>7.5</accuracy></extensions></trkpt>
<trkpt lat="37.8909185" lon="127.2008977"><time>2026-09-10T06:24:49Z</time><extensions><accuracy>8.2</accuracy></extensions></trkpt>
<trkpt lat="37.8909624" lon="127.2008748"><time>2026-09-10T06:24:50Z</time><extensions><accuracy>7.2</accuracy></extensions></trkpt>
<trkpt lat="37.8910093" lon="127.2008698"><time>2026-09-10T06:24:51Z</time><extensions><accuracy>8.4</accuracy></extensions></trkpt>
<trkpt lat="37.8910323" lon="127.2008472"><time>2026-09-10T06:24:52Z</time><extensions><accuracy>7.5</accuracy></extensions></trkpt>
<trkpt lat="37.8910782" lon="127.2008122"><time>2026-09-10T06:24:53Z</time><extensions><accuracy>8.6</accuracy></extensions></trkpt>
<trkpt lat="37.8911119" lon="127.2007850"><time>2026-09-10T06:24:54Z</time><extensions><accuracy>6.1</accuracy></extensions></trkpt>
<trkpt lat="37.8911625" lon="127.2007838"><time>2026-09-10T06:24:55Z</time><extensions><accuracy>7.3</accuracy></extensions></trkpt>
<trkpt lat="37.8911897" lon="127.2007756"><time>2026-09-10T06:24:56Z</time><extensions><accuracy>7.5</accuracy></extensions></trkpt>
<trkpt lat="37.8912295" lon="127.2007369"><time>2026-09-10T06:24:57Z</time><extensions><accuracy>6.9</accuracy></extensions></trkpt>
<trkpt lat="37.8912700" lon="127.2007401"><time>2026-09-10T06:24:58Z</time><extensions><accuracy>8.1</accuracy></extensions></trkpt>
<trkpt lat="37.8912945" lon="127.2006937"><time>2026-09-10T06:24:59Z</time><extensions><accuracy>6.5</accuracy></extensions></trkpt>
<trkpt lat="37.8913179" lon="127.2007065"><time>2026-09-10T06:25:00Z</time><extensions><accuracy>7.0</accuracy></extensions></trkpt>
<trkpt lat="37.8913413" lon="127.2006850"><time>2026-09-10T06:25:01Z</time><extensions><accuracy>8.9</accuracy></extensions></trkpt>
<trkpt lat="37.8913702" lon="127.2006708"><time>2026-09-10T06:25:02Z</time><extensions><accuracy>7.6</accuracy></extensions></trkpt>
<trkpt lat="37.8913951" lon="127.2006551"><time>2026-09-10T06:25:03Z</time><extensions><accuracy>7.1</accuracy></extensions></trkpt>
<trkpt lat="37.8914098" lon="127.2006121"><time>2026-09-10T06:25:04Z</time><extensions><accuracy>8.2</accuracy></extensions></trkpt>
<trkpt lat="37.8914364" lon="127.2005953"><time>2026-09-10T06:25:05Z</time><extensions><accuracy>9.4</accuracy></extensions></trkpt>
<trkpt lat="37.8914644" lon="127.2005821"><time>2026-09-10T06:25:06Z</time><extensions><accuracy>9.3</accuracy></extensions></trkpt>
<trkpt lat="37.8914847" lon="127.2005844"><time>2026-09-10T06:25:07Z</time><extensions><accuracy>8.9</accuracy></extensions></trkpt>
<trkpt lat="37.8914866" lon="127.2005699"><time>2026-09-10T06:25:08Z</time><extensions><accuracy>8.4</accuracy></extensions></trkpt>
<trkpt lat="37.8914964" lon="127.2005918"><time>2026-09-10T06:25:09Z</time><extensions><accuracy>6.5</accuracy></extensions></trkpt>
<trkpt lat="37.8915146" lon="127.2005902"><time>2026-09-10T06:25:10Z</time><extensions><accuracy>7.1</accuracy></extensions></trkpt>
<trkpt lat="37.8915211" lon="127.2005545"><time>2026-09-10T06:25:11Z</time><extensions><accuracy>9.3</accuracy></extensions></trkpt>
<trkpt lat="37.8915498" lon="127.2005381"><time>2026-09-10T06:25:12Z</time><extensions><accuracy>8.8</accuracy></extensions></trkpt>
<trkpt lat="37.8915759" lon="127.2005329"><time>2026-09-10T06:25:13Z</time><extensions><accuracy>8.8</accuracy></extensions></trkpt>
<trkpt lat="37.8915821" lon="127.2005195"><time>2026-09-10T06:25:14Z</time><extensions><accuracy>9.0</accuracy></extensions></trkpt>
<trkpt lat="37.8916103" lon="127.2004960"><time>2026-09-10T06:25:15Z</time><extensions><accuracy>9.3</accuracy></extensions></trkpt>
<trkpt lat="37.8916103" lon="127.2004894"><time>2026-09-10T06:25:16Z</time><extensions><accuracy>7.9</accuracy></extensions></trkpt>
<trkpt lat="37.8916322" lon="127.2004875"><time>2026-09-10T06:25:17Z</time><extensions><accuracy>6.3</accuracy></extensions></trkpt>
<trkpt lat="37.8916592" lon="127.2004680"><time>2026-09-10T06:25:18Z</time><extensions><accuracy>8.6</accuracy></extensions></trkpt>
<trkpt lat="37.8916634" lon="127.2004726"><time>2026-09-10T06:25:19Z</time><extensions><accuracy>7.7</accuracy></extensions></trkpt>
<trkpt lat="37.8916881" lon="127.2004528"><time>2026-09-10T06:25:20Z</time><extensions><accuracy>6.9</accuracy></extensions></trkpt>
<trkpt lat="37.8917112" lon="127.2004409"><time>2026-09-10T06:25:21Z</time><extensions><accuracy>8.0</accuracy></extensions></trkpt>
<trkpt lat="37.8917465" lon="127.2004232"><time>2026-09-10T06:25:22Z</time><extensions><accuracy>7.6</accuracy></extensions></trkpt>
<trkpt lat="37.8917612" lon="127.2004320"><time>2026-09-10T06:25:23Z</time><extensions><accuracy>10.0</accuracy></extensions></trkpt>
<trkpt lat="37.8917913" lon="127.2004201"><time>2026-09-10T06:25:24Z</time><extensions><accuracy>9.5</accuracy></extensions></trkpt>
<trkpt lat="37.8918135" lon="127.2004141"><time>2026-09-10T06:25:25Z</time><extensions><accuracy>6.6</accuracy></extensions></trkpt>
<trkpt lat="37.8918244" lon="127.2004178"><time>2026-09-10T06:25:26Z</time><extensions><accuracy>6.3</accuracy></extensions></trkpt>
<trkpt lat="37.8918520" lon="127.2004359"><time>2026-09-10T06:25:27Z</time><extensions><accuracy>8.7</accuracy></extensions></trkpt>
<trkpt lat="37.8918593" lon="127.2004131"><time>2026-09-10T06:25:28Z</time><extensions><accuracy>9.4</accuracy></extensions></trkpt>
<trkpt lat="37.8918708" lon="127.2003896"><time>2026-09-10T06:25:29Z</time><extensions><accuracy>7.0</accuracy></extensions></trkpt>
<trkpt lat="37.8918955" lon="127.2003775"><time>2026-09-10T06:25:30Z</time><extensions><accuracy>7.3</accuracy></extensions></trkpt>
<trkpt lat="37.8919121" lon="127.2003681"><time>2026-09-10T06:25:31Z</time><extensions><accuracy>9.8</accuracy></extensions></trkpt>
<trkpt lat="37.8919280" lon="127.2003598"><time>2026-09-10T06:25:32Z</time><extensions><accuracy>7.5</accuracy></extensions></trkpt>
<trkpt lat="37.8919541" lon="127.2003455"><time>2026-09-10T06:25:33Z</time><extensions><accuracy>6.3</accuracy></extensions></trkpt>
<trkpt lat="37.8919531" lon="127.2003433"><time>2026-09-10T06:25:34Z</time><extensions><accuracy>9.2</accuracy></extensions></trkpt>
<trkpt lat="37.8919957" lon="127.2003342"><time>2026-09-10T06:25:35Z</time><extensions><accuracy>9.9</accuracy></extensions></trkpt>
<trkpt lat="37.8920260" lon="127.2003195"><time>2026-09-10T06:25:36Z</time><extensions><accuracy>7.4</accuracy></extensions></trkpt>
<trkpt lat="37.8920558" lon="127.2003119"><time>2026-09-10T06:25:37Z</time><extensions><accuracy>6.3</accuracy></extensions></trkpt>
<trkpt lat="37.8920958" lon="127.2002916"><time>2026-09-10T06:25:38Z</time><extensions><accuracy>9.3</accuracy></extensions></trkpt>
<trkpt lat="37.8921122" lon="127.2003012"><time>2026-09-10T06:25:39Z</time><extensions><accuracy>9.5</accuracy></extensions></trkpt>
<trkpt lat="37.8921301" lon="127.2002894"><time>2026-09-10T06:25:40Z</time><extensions><accuracy>7.9</accuracy></extensions></trkpt>
<trkpt lat="37.8921525" lon="127.2002802"><time>2026-09-10T06:25:41Z</time><extensions><accuracy>8.4</accuracy></extensions></trkpt>
<trkpt lat="37.8921700" lon="127.2002951"><time>2026-09-10T06:25:42Z</time><extensions><accuracy>8.0</accuracy></extensions></trkpt>
<trkpt lat="37.8921918" lon="127.2002715"><time>2026-09-10T06:25:43Z</time><extensions><accuracy>6.5</accuracy></extensions></trkpt>
<trkpt lat="37.8922078" lon="127.2002689"><time>2026-09-10T06:25:44Z</time><extensions><accuracy>10.0</accuracy></extensions></trkpt>
<trkpt lat="37.8922504" lon="127.2002540"><time>2026-09-10T06:25:45Z</time><extensions><accuracy>8.6</accuracy></extensions></trkpt>
<trkpt lat="37.8922604" lon="127.2002502"><time>2026-09-10T06:25:46Z</time><extensions><accuracy>7.1</accuracy></extensions></trkpt>
<trkpt lat="37.8922701" lon="127.2002676"><time>2026-09-10T06:25:47Z</time><extensions><accuracy>6.2</accuracy></extensions></trkpt>
<trkpt lat="37.8922937" lon="127.2002592"><time>2026-09-10T06:25:48Z</time><extensions><accuracy>8.5</accuracy></extensions></trkpt>
<trkpt lat="37.8923171" lon="127.2002456"><time>2026-09-10T06:25:49Z</time><extensions><accuracy>7.9</accuracy></extensions></trkpt>
<trkpt lat="37.8923517" lon="127.2002330"><time>2026-09-10T06:25:50Z</time><extensions><accuracy>9.3</accuracy></extensions></trkpt>
<trkpt lat="37.8923702" lon="127.2002475"><time>2026-09-10T06:25:51Z</time><extensions><accuracy>7.3</accuracy></extensions></trkpt>
<trkpt lat="37.8923693" lon="127.2002345"><time>2026-09-10T06:25:52Z</time><extensions><accuracy>7.6</accuracy></extensions></trkpt>
<trkpt lat="37.8923787" lon="127.2002304"><time>2026-09-10T06:25:53Z</time><extensions><accuracy>6.4</accuracy></extensions></trkpt>
<trkpt lat="37.8923943" lon="127.2002290"><time>2026-09-10T06:25:54Z</time><extensions><accuracy>8.1</accuracy></extensions></trkpt>
<trkpt lat="37.8924302" lon="127.2002072"><time>2026-09-10T06:25:55Z</time><extensions><accuracy>7.0</accuracy></extensions></trkpt>
<trkpt lat="37.8924560" lon="127.2001853"><time>2026-09-10T06:25:56Z</time><extensions><accuracy>9.5</accuracy></extensions></trkpt>
<trkpt lat="37.8925080" lon="127.2001777"><time>2026-09-10T06:25:57Z</time><extensions><accuracy>9.3</accuracy></extensions></trkpt>
<trkpt lat="37.8925292" lon="127.2001579"><time>2026-09-10T06:25:58Z</time><extensions><accuracy>6.1</accuracy></extensions></trkpt>
<trkpt lat="37.8925443" lon="127.2001448"><time>2026-09-10T06:25:59Z</time><extensions><accuracy>7.2</accuracy></extensions></trkpt>
<trkpt lat="37.8925540" lon="127.2001258"><time>2026-09-10T06:26:00Z</time><extensions><accuracy>8.9</accuracy></extensions></trkpt>
<trkpt lat="37.8925717" lon="127.2001088"><time>2026-09-10T06:26:01Z</time><extensions><accuracy>8.0</accuracy></extensions></trkpt>
<trkpt lat="37.8926197" lon="127.2000893"><time>2026-09-10T06:26:02Z</time><extensions><accuracy>6.6</accuracy></extensions></trkpt>
<trkpt lat="37.8926237" lon="127.2000940"><time>2026-09-10T06:26:03Z</time><extensions><accuracy>7.8</accuracy></extensions></trkpt>
<trkpt lat="37.8926716" lon="127.2000655"><time>2026-09-10T06:26:04Z</time><extensions><accuracy>9.4</accuracy></extensions></trkpt>
<trkpt lat="37.8926814" lon="127.2000368"><time>2026-09-10T06:26:05Z</time><extensions><accuracy>8.2</accuracy></extensions></trkpt>
<trkpt lat="37.8927055" lon="127.2000418"><time>2026-09-10T06:26:06Z</time><extensions><accuracy>6.3</accuracy></extensions></trkpt>
<trkpt lat="37.8927381" lon="127.2000345"><time>2026-09-10T06:26:07Z</time><extensions><accuracy>6.1</accuracy></extensions></trkpt>
<trkpt lat="37.8927559" lon="127.2000449"><time>2026-09-10T06:26:08Z</time><extensions><accuracy>7.8</accuracy></extensions></trkpt>
<trkpt lat="37.8927624" lon="127.2000335"><time>2026-09-10T06:26:09Z</time><extensions><accuracy>8.4</accuracy></extensions></trkpt>
<trkpt lat="37.8927815" lon="127.2000398"><time>2026-09-10T06:26:10Z</time><extensions><accuracy>8.2</accuracy></extensions></trkpt>
<trkpt lat="37.8928109" lon="127.2000388"><time>2026-09-10T06:26:11Z</time><extensions><accuracy>6.5</accuracy></extensions></trkpt>
<trkpt lat="37.8928641" lon="127.2000392"><time>2026-09-10T06:26:12Z</time><extensions><accuracy>8.4</accuracy></extensions></trkpt>
<trkpt lat="37.8928780" lon="127.2000652"><time>2026-09-10T06:26:13Z</time><extensions><accuracy>7.2</accuracy></extensions></trkpt>
<trkpt lat="37.8929113" lon="127.2000439"><time>2026-09-10T06:26:14Z</time><extensions><accuracy>9.2</accuracy></extensions></trkpt>
<trkpt lat="37.8929405" lon="127.2000280"><time>2026-09-10T06:26:15Z</time><extensions><accuracy>8.9</accuracy></extensions></trkpt>
<trkpt lat="37.8929576" lon="127.2000173"><time>2026-09-10T06:26:16Z</time><extensions><accuracy>6.7</accuracy></extensions></trkpt>
<trkpt lat="37.8929731" lon="127.2000177"><time>2026-09-10T06:26:17Z</time><extensions><accuracy>9.6</accuracy></extensions></trkpt>
<trkpt lat="37.8929914" lon="127.2000178"><time>2026-09-10T06:26:18Z</time><extensions><accuracy>6.8</accuracy></extensions></trkpt>
<trkpt lat="37.8930026" lon="127.2000248"><time>2026-09-10T06:26:19Z</time><extensions><accuracy>7.9</accuracy></extensions></trkpt>
<trkpt lat="37.8930252" lon="127.2000032"><time>2026-09-10T06:26:20Z</time><extensions><accuracy>6.3</accuracy></extensions></trkpt>
<trkpt lat="37.8930698" lon="127.1999951"><time>2026-09-10T06:26:21Z</time><extensions><accuracy>7.9</accuracy></extensions></trkpt>
<trkpt lat="37.8931002" lon="127.2000001"><time>2026-09-10T06:26:22Z</time><extensions><accuracy>9.1</accuracy></extensions></trkpt>
<trkpt lat="37.8931086" lon="127.2000120"><time>2026-09-10T06:26:23Z</time><extensions><accuracy>8.4</accuracy></extensions></trkpt>
<trkpt lat="37.8931432" lon="127.1999877"><time>2026-09-10T06:26:24Z</time><extensions><accuracy>6.9</accuracy></extensions></trkpt>
<trkpt lat="37.8931575" lon="127.1999916"><time>2026-09-10T06:26:25Z</time><extensions><accuracy>6.5</accuracy></extensions></trkpt>
<trkpt lat="37.8931932" lon="127.1999895"><time>2026-09-10T06:26:26Z</time><extensions><accuracy>9.0</accuracy></extensions></trkpt>
<trkpt lat="37.8932154" lon="127.1999761"><time>2026-09-10T06:26:27Z</time><extensions><accuracy>7.9</accuracy></extensions></trkpt>
<trkpt lat="37.8932409" lon="127.1999658"><time>2026-09-10T06:26:28Z</time><extensions><accuracy>9.9</accuracy></extensions></trkpt>
<trkpt lat="37.8932657" lon="127.1999524"><time>2026-09-10T06:26:29Z</time><extensions><accuracy>7.8</accuracy></extensions></trkpt>
<trkpt lat="37.8932827" lon="127.1999530"><time>2026-09-10T06:26:30Z</time><extensions><accuracy>6.1</accuracy></extensions></trkpt>
<trkpt lat="37.8933113" lon="127.1999527"><time>2026-09-10T06:26:31Z</time><extensions><accuracy>6.3</accuracy></extensions></trkpt>
<trkpt lat="37.8933495" lon="127.1999383"><time>2026-09-10T06:26:32Z</time><extensions><accuracy>7.4</accuracy></extensions></trkpt>
<trkpt lat="37.8933739" lon="127.1999346"><time>2026-09-10T06:26:33Z</time><extensions><accuracy>7.8</accuracy></extensions></trkpt>
<trkpt lat="37.8933881" lon="127.1999230"><time>2026-09-10T06:26:34Z</time><extensions><accuracy>6.2</accuracy></extensions></trkpt>
<trkpt lat="37.8934010" lon="127.1999339"><time>2026-09-10T06:26:35Z</time><extensions><accuracy>8.8</accuracy></extensions></trkpt>
<trkpt lat="37.8934243" lon="127.1999360"><time>2026-09-10T06:26:36Z</time><extensions><accuracy>7.8</accuracy></extensions></trkpt>
<trkpt lat="37.8934345" lon="127.1999505"><time>2026-09-10T06:26:37Z</time><extensions><accuracy>9.1</accuracy></extensions></trkpt>
<trkpt lat="37.8934719" lon="127.1999447"><time>2026-09-10T06:26:38Z</time><extensions><accuracy>7.8</accuracy></extensions></trkpt>
<trkpt lat="37.8934990" lon="127.1999493"><time>2026-09-10T06:26:39Z</time><extensions><accuracy>7.5</accuracy></extensions></trkpt>
<trkpt lat="37.8935097" lon="127.1999334"><time>2026-09-10T06:26:40Z</time><extensions><accuracy>9.5</accuracy></extensions></trkpt>
<trkpt lat="37.8935331" lon="127.1999317"><time>2026-09-10T06:26:41Z</time><extensions><accuracy>9.6</accuracy></extensions></trkpt>
<trkpt lat="37.8935548" lon="127.1999374"><time>2026-09-10T06:26:42Z</time><extensions><accuracy>8.8</accuracy></extensions></trkpt>
<trkpt lat="37.8935893" lon="127.1999525"><time>2026-09-10T06:26:43Z</time><extensions><accuracy>6.3</accuracy></extensions></trkpt>
<trkpt lat="37.8935878" lon="127.1999531"><time>2026-09-10T06:26:44Z</time><extensions><accuracy>6.1</accuracy></extensions></trkpt>
<trkpt lat="37.8936182" lon="127.1999394"><time>2026-09-10T06:26:45Z</time><extensions><accuracy>7.2</accuracy></extensions></trkpt>
<trkpt lat="37.8936387" lon="127.1999448"><time>2026-09-10T06:26:46Z</time><extensions><accuracy>8.2</accuracy></extensions></trkpt>
<trkpt lat="37.8936686" lon="127.1999419"><time>2026-09-10T06:26:47Z</time><extensions><accuracy>9.2</accuracy></extensions></trkpt>
<trkpt lat="37.8936842" lon="127.1999466"><time>2026-09-10T06:26:48Z</time><extensions><accuracy>8.7</accuracy></extensions></trkpt>
<trkpt lat="37.8936934" lon="127.1999332"><time>2026-09-10T06:26:49Z</time><extensions><accuracy>9.8</accuracy></extensions></trkpt>
<trkpt lat="37.8937063" lon="127.1999288"><time>2026-09-10T06:26:50Z</time><extensions><accuracy>7.4</accuracy></extensions></trkpt>
<trkpt lat="37.8937197" lon="127.1999432"><time>2026-09-10T06:26:51Z</time><extensions><accuracy>8.7</accuracy></extensions></trkpt>
<trkpt lat="37.8937460" lon="127.1999522"><time>2026-09-10T06:26:52Z</time><extensions><accuracy>9.5</accuracy></extensions></trkpt>
<trkpt lat="37.8937786" lon="127.1999531"><time>2026-09-10T06:26:53Z</time><extensions><accuracy>9.0</accuracy></extensions></trkpt>
<trkpt lat="37.8938130" lon="127.1999697"><time>2026-09-10T06:26:54Z</time><extensions><accuracy>8.4</accuracy></extensions></trkpt>
<trkpt lat="37.8938386" lon="127.1999564"><time>2026-09-10T06:26:55Z</time><extensions><accuracy>6.0</accuracy></extensions></trkpt>
<trkpt lat="37.8938571" lon="127.1999776"><time>2026-09-10T06:26:56Z</time><extensions><accuracy>6.7</accuracy></extensions></trkpt>
<trkpt lat="37.8938686" lon="127.1999755"><time>2026-09-10T06:26:57Z</time><extensions><accuracy>8.9</accuracy></extensions></trkpt>
<trkpt lat="37.8938695" lon="127.1999931"><time>2026-09-10T06:26:58Z</time><extensions><accuracy>9.8</accuracy></extensions></trkpt>
<trkpt lat="37.8939081" lon="127.2000116"><time>2026-09-10T06:26:59Z</time><extensions><accuracy>6.5</accuracy></extensions></trkpt>
<trkpt lat="37.8939438" lon="127.2000019"><time>2026-09-10T06:27:00Z</time><extensions><accuracy>6.0</accuracy></extensions></trkpt>
<trkpt lat="37.8939724" lon="127.2000221"><time>2026-09-10T06:27:01Z</time><extensions><accuracy>8.5</accuracy></extensions></trkpt>
<trkpt lat="37.8940027" lon="127.2000085"><time>2026-09-10T06:27:02Z</time><extensions><accuracy>9.2</accuracy></extensions></trkpt>
</trkseg></trk>
</gpx>