<?xml version="1.0" encoding="UTF-8"?>
<gpx version="1.1" creator="runaway-sim" xmlns="http://www.topografix.com/GPX/1/1">
<trk><name>steady7</name><trkseg>
<trkpt lat="37.8940211" lon="127.1999985"><time>2026-09-10T06:00:00Z</time><extensions><accuracy>9.8</accuracy></extensions></trkpt>
<trkpt lat="37.8940478" lon="127.1999787"><time>2026-09-10T06:00:01Z</time><extensions><accuracy>6.3</accuracy></extensions></trkpt>
<trkpt lat="37.8940592" lon="127.1999980"><time>2026-09-10T06:00:02Z</time><extensions><accuracy>8.7</accuracy></extensions></trkpt>
<trkpt lat="37.8940706" lon="127.1999942"><time>2026-09-10T06:00:03Z</time><extensions><accuracy>8.4</accuracy></extensions></trkpt>
<trkpt lat="37.8940739" lon="127.2000089"><time>2026-09-10T06:00:04Z</time><extensions><accuracy>7.7</accuracy></extensions></trkpt>
<trkpt lat="37.8941054" lon="127.2000032"><time>2026-09-10T06:00:05Z</time><extensions><accuracy>10.0</accuracy></extensions></trkpt>
<trkpt lat="37.8941225" lon="127.2000073"><time>2026-09-10T06:00:06Z</time><extensions><accuracy>7.8</accuracy></extensions></trkpt>
<trkpt lat="37.8941304" lon="127.2000101"><time>2026-09-10T06:00:07Z</time><extensions><accuracy>6.1</accuracy></extensions></trkpt>
<trkpt lat="37.8941591" lon="127.1999992"><time>2026-09-10T06:00:08Z</time><extensions><accuracy>7.5</accuracy></extensions></trkpt>
<trkpt lat="37.8941767" lon="127.2000030"><time>2026-09-10T06:00:09Z</time><extensions><accuracy>8.2</accuracy></extensions></trkpt>
<trkpt lat="37.8942028" lon="127.2000165"><time>2026-09-10T06:00:10Z</time><extensions><accuracy>7.3</accuracy></extensions></trkpt>
<trkpt lat="37.8942165" lon="127.2000084"><time>2026-09-10T06:00:11Z</time><extensions><accuracy>10.0</accuracy></extensions></trkpt>
<trkpt lat="37.8942390" lon="127.1999867"><time>2026-09-10T06:00:12Z</time><extensions><accuracy>9.6</accuracy></extensions></trkpt>
<trkpt lat="37.8942575" lon="127.1999632"><time>2026-09-10T06:00:13Z</time><extensions><accuracy>9.6</accuracy></extensions></trkpt>
<trkpt lat="37.8943028" lon="127.1999618"><time>2026-09-10T06:00:14Z</time><extensions><accuracy>7.4</accuracy></extensions></trkpt>
<trkpt lat="37.8943187" lon="127.1999423"><time>2026-09-10T06:00:15Z</time><extensions><accuracy>6.6</accuracy></extensions></trkpt>
<trkpt lat="37.8943214" lon="127.1999433"><time>2026-09-10T06:00:16Z</time><extensions><accuracy>7.8</accuracy></extensions></trkpt>
<trkpt lat="37.8943165" lon="127.1999473"><time>2026-09-10T06:00:17Z</time><extensions><accuracy>9.7</accuracy></extensions></trkpt>
<trkpt lat="37.8943517" lon="127.1999309"><time>2026-09-10T06:00:18Z</time><extensions><accuracy>7.4</accuracy></extensions></trkpt>
<trkpt lat="37.8943452" lon="127.1999227"><time>2026-09-10T06:00:19Z</time><extensions><accuracy>7.8</accuracy></extensions></trkpt>
<trkpt lat="37.8943550" lon="127.1999290"><time>2026-09-10T06:00:20Z</time><extensions><accuracy>8.9</accuracy></extensions></trkpt>
<trkpt lat="37.8943709" lon="127.1999262"><time>2026-09-10T06:00:21Z</time><extensions><accuracy>7.3</accuracy></extensions></trkpt>
<trkpt lat="37.8943862" lon="127.1999629"><time>2026-09-10T06:00:22Z</time><extensions><accuracy>9.6</accuracy></extensions></trkpt>
<trkpt lat="37.8944214" lon="127.1999608"><time>2026-09-10T06:00:23Z</time><extensions><accuracy>7.2</accuracy></extensions></trkpt>
<trkpt lat="37.8944226" lon="127.1999626"><time>2026-09-10T06:00:24Z</time><extensions><accuracy>8.0</accuracy></extensions></trkpt>
<trkpt lat="37.8944379" lon="127.1999757"><time>2026-09-10T06:00:25Z</time><extensions><accuracy>8.4</accuracy></extensions></trkpt>
<trkpt lat="37.8944705" lon="127.1999713"><time>2026-09-10T06:00:26Z</time><extensions><accuracy>8.0</accuracy></extensions></trkpt>
<trkpt lat="37.8944957" lon="127.1999545"><time>2026-09-10T06:00:27Z</time><extensions><accuracy>6.3</accuracy></extensions></trkpt>
<trkpt lat="37.8945195" lon="127.1999813"><time>2026-09-10T06:00:28Z</time><extensions><accuracy>9.6</accuracy></extensions></trkpt>
<trkpt lat="37.8945312" lon="127.1999757"><time>2026-09-10T06:00:29Z</time><extensions><accuracy>6.2</accuracy></extensions></trkpt>
<trkpt lat="37.8945521" lon="127.1999750"><time>2026-09-10T06:00:30Z</time><extensions><accuracy>6.9</accuracy></extensions></trkpt>
<trkpt lat="37.8945741" lon="127.1999708"><time>2026-09-10T06:00:31Z</time><extensions><accuracy>8.1</accuracy></extensions></trkpt>
<trkpt lat="37.8945994" lon="127.1999652"><time>2026-09-10T06:00:32Z</time><extensions><accuracy>6.8</accuracy></extensions></trkpt>
<trkpt lat="37.8946261" lon="127.1999729"><time>2026-09-10T06:00:33Z</time><extensions><accuracy>8.9</accuracy></extensions></trkpt>
<trkpt lat="37.8946397" lon="127.1999724"><time>2026-09-10T06:00:34Z</time><extensions><accuracy>6.7</accuracy></extensions></trkpt>
<trkpt lat="37.8946737" lon="127.1999811"><time>2026-09-10T06:00:35Z</time><extensions><accuracy>9.8</accuracy></extensions></trkpt>
<trkpt lat="37.8946881" lon="127.2000118"><time>2026-09-10T06:00:36Z</time><extensions><accuracy>6.1</accuracy></extensions></trkpt>
<trkpt lat="37.8947104" lon="127.2000350"><time>2026-09-10T06:00:37Z</time><extensions><accuracy>6.6</accuracy></extensions></trkpt>
<trkpt lat="37.8947583" lon="127.2000489"><time>2026-09-10T06:00:38Z</time><extensions><accuracy>7.5</accuracy></extensions></trkpt>
<trkpt lat="37.8947819" lon="127.2000536"><time>2026-09-10T06:00:39Z</time><extensions><accuracy>6.6</accuracy></extensions></trkpt>
<trkpt lat="37.8947949" lon="127.2000483"><time>2026-09-10T06:00:40Z</time><extensions><accuracy>8.5</accuracy></extensions></trkpt>
<trkpt lat="37.8948203" lon="127.2000534"><time>2026-09-10T06:00:41Z</time><extensions><accuracy>7.3</accuracy></extensions></trkpt>
<trkpt lat="37.8948318" lon="127.2000248"><time>2026-09-10T06:00:42Z</time><extensions><accuracy>9.1</accuracy></extensions></trkpt>
<trkpt lat="37.8948566" lon="127.2000115"><time>2026-09-10T06:00:43Z</time><extensions><accuracy>9.0</accuracy></extensions></trkpt>
<trkpt lat="37.8948720" lon="127.2000366"><time>2026-09-10T06:00:44Z</time><extensions><accuracy>7.9</accuracy></extensions></trkpt>
<trkpt lat="37.8948949" lon="127.2000493"><time>2026-09-10T06:00:45Z</time><extensions><accuracy>7.3</accuracy></extensions></trkpt>
<trkpt lat="37.8949180" lon="127.2000657"><time>2026-09-10T06:00:46Z</time><extensions><accuracy>9.5</accuracy></extensions></trkpt>
<trkpt lat="37.8949243" lon="127.2000673"><time>2026-09-10T06:00:47Z</time><extensions><accuracy>7.6</accuracy></extensions></trkpt>
<trkpt lat="37.8949364" lon="127.2000890"><time>2026-09-10T06:00:48Z</time><extensions><accuracy>9.8</accuracy></extensions></trkpt>
<trkpt lat="37.8949639" lon="127.2000925"><time>2026-09-10T06:00:49Z</time><extensions><accuracy>7.7</accuracy></extensions></trkpt>
<trkpt lat="37.8949795" lon="127.2000953"><time>2026-09-10T06:00:50Z</time><extensions><accuracy>6.6</accuracy></extensions></trkpt>
<trkpt lat="37.8950055" lon="127.2001083"><time>2026-09-10T06:00:51Z</time><extensions><accuracy>6.6</accuracy></extensions></trkpt>
<trkpt lat="37.8950439" lon="127.2001059"><time>2026-09-10T06:00:52Z</time><extensions><accuracy>8.0</accuracy></extensions></trkpt>
<trkpt lat="37.8950566" lon="127.2001227"><time>2026-09-10T06:00:53Z</time><extensions><accuracy>10.0</accuracy></extensions></trkpt>
<trkpt lat="37.8950550" lon="127.2001126"><time>2026-09-10T06:00:54Z</time><extensions><accuracy>7.0</accuracy></extensions></trkpt>
<trkpt lat="37.8950653" lon="127.2001035"><time>2026-09-10T06:00:55Z</time><extensions><accuracy>9.2</accuracy></extensions></trkpt>
<trkpt lat="37.8950771" lon="127.2001054"><time>2026-09-10T06:00:56Z</time><extensions><accuracy>7.7</accuracy></extensions></trkpt>
<trkpt lat="37.8950857" lon="127.2001113"><time>2026-09-10T06:00:57Z</time><extensions><accuracy>6.1</accuracy></extensions></trkpt>
<trkpt lat="37.8950995" lon="127.2001200"><time>2026-09-10T06:00:58Z</time><extensions><accuracy>8.9</accuracy></extensions></trkpt>
<trkpt lat="37.8951142" lon="127.2001318"><time>2026-09-10T06:00:59Z</time><extensions><accuracy>6.7</accuracy></extensions></trkpt>
<trkpt lat="37.8951186" lon="127.2001361"><time>2026-09-10T06:01:00Z</time><extensions><accuracy>8.1</accuracy></extensions></trkpt>
<trkpt lat="37.8951388" lon="127.2001677"><time>2026-09-10T06:01:01Z</time><extensions><accuracy>8.6</accuracy></extensions></trkpt>
<trkpt lat="37.8951516" lon="127.2001529"><time>2026-09-10T06:01:02Z</time><extensions><accuracy>9.9</accuracy></extensions></trkpt>
<trkpt lat="37.8951630" lon="127.2001518"><time>2026-09-10T06:01:03Z</time><extensions><accuracy>8.0</accuracy></extensions></trkpt>
<trkpt lat="37.8951708" lon="127.2001518"><time>2026-09-10T06:01:04Z</time><extensions><accuracy>7.7</accuracy></extensions></trkpt>
<trkpt lat="37.8951896" lon="127.2001406"><time>2026-09-10T06:01:05Z</time><extensions><accuracy>6.4</accuracy></extensions></trkpt>
<trkpt lat="37.8952184" lon="127.2001337"><time>2026-09-10T06:01:06Z</time><extensions><accuracy>8.1</accuracy></extensions></trkpt>
<trkpt lat="37.8952438" lon="127.2001353"><time>2026-09-10T06:01:07Z</time><extensions><accuracy>7.2</accuracy></extensions></trkpt>
<trkpt lat="37.8952560" lon="127.2001325"><time>2026-09-10T06:01:08Z</time><extensions><accuracy>6.1</accuracy></extensions></trkpt>
<trkpt lat="37.8952796" lon="127.2001181"><time>2026-09-10T06:01:09Z</time><extensions><accuracy>7.2</accuracy></extensions></trkpt>
<trkpt lat="37.8952827" lon="127.2001270"><time>2026-09-10T06:01:10Z</time><extensions><accuracy>6.1</accuracy></extensions></trkpt>
<trkpt lat="37.8953014" lon="127.2001496"><time>2026-09-10T06:01:11Z</time><extensions><accuracy>7.9</accuracy></extensions></trkpt>
<trkpt lat="37.8953139" lon="127.2001665"><time>2026-09-10T06:01:12Z</time><extensions><accuracy>6.3</accuracy></extensions></trkpt>
<trkpt lat="37.8953456" lon="127.2001804"><time>2026-09-10T06:01:13Z</time><extensions><accuracy>9.7</accuracy></extensions></trkpt>
<trkpt lat="37.8953498" lon="127.2001766"><time>2026-09-10T06:01:14Z</time><extensions><accuracy>6.8</accuracy></extensions></trkpt>
<trkpt lat="37.8953649" lon="127.2001651"><time>2026-09-10T06:01:15Z</time><extensions><accuracy>7.9</accuracy></extensions></trkpt>
<trkpt lat="37.8953832" lon="127.2001728"><time>2026-09-10T06:01:16Z</time><extensions><accuracy>6.5</accuracy></extensions></trkpt>
<trkpt lat="37.8953802" lon="127.2001484"><time>2026-09-10T06:01:17Z</time><extensions><accuracy>9.4</accuracy></extensions></trkpt>
<trkpt lat="37.8954124" lon="127.2001567"><time>2026-09-10T06:01:18Z</time><extensions><accuracy>8.8</accuracy></extensions></trkpt>
<trkpt lat="37.8954254" lon="127.2001451"><time>2026-09-10T06:01:19Z</time><extensions><accuracy>9.1</accuracy></extensions></trkpt>
<trkpt lat="37.8954214" lon="127.2001576"><time>2026-09-10T06:01:20Z</time><extensions><accuracy>7.4</accuracy></extensions></trkpt>
<trkpt lat="37.8954252" lon="127.2001603"><time>2026-09-10T06:01:21Z</time><extensions><accuracy>7.1</accuracy></extensions></trkpt>
<trkpt lat="37.8954510" lon="127.2001347"><time>2026-09-10T06:01:22Z</time><extensions><accuracy>9.8</accuracy></extensions></trkpt>
<trkpt lat="37.8954653" lon="127.2001516"><time>2026-09-10T06:01:23Z</time><extensions><accuracy>9.3</accuracy></extensions></trkpt>
<trkpt lat="37.8954814" lon="127.2001731"><time>2026-09-10T06:01:24Z</time><extensions><accuracy>8.0</accuracy></extensions></trkpt>
<trkpt lat="37.8955112" lon="127.2001695"><time>2026-09-10T06:01:25Z</time><extensions><accuracy>8.7</accuracy></extensions></trkpt>
<trkpt lat="37.8955361" lon="127.2001832"><time>2026-09-10T06:01:26Z</time><extensions><accuracy>9.3</accuracy></extensions></trkpt>
<trkpt lat="37.8955589" lon="127.2002007"><time>2026-09-10T06:01:27Z</time><extensions><accuracy>10.0</accuracy></extensions></trkpt>
<trkpt lat="37.8955949" lon="127.2002215"><time>2026-09-10T06:01:28Z</time><extensions><accuracy>6.3</accuracy></extensions></trkpt>
<trkpt lat="37.8956059" lon="127.2002199"><time>2026-09-10T06:01:29Z</time><extensions><accuracy>10.0</accuracy></extensions></trkpt>
<trkpt lat="37.8956226" lon="127.2002458"><time>2026-09-10T06:01:30Z</time><extensions><accuracy>7.2</accuracy></extensions></trkpt>
<trkpt lat="37.8956248" lon="127.2002561"><time>2026-09-10T06:01:31Z</time><extensions><accuracy>8.7</accuracy></extensions></trkpt>
<trkpt lat="37.8956137" lon="127.2002508"><time>2026-09-10T06:01:32Z</time><extensions><accuracy>6.4</accuracy></extensions></trkpt>
<trkpt lat="37.8956418" lon="127.2002647"><time>2026-09-10T06:01:33Z</time><extensions><accuracy>9.0</accuracy></extensions></trkpt>
<trkpt lat="37.8956572" lon="127.2002986"><time>2026-09-10T06:01:34Z</time><extensions><accuracy>8.9</accuracy></extensions></trkpt>
<trkpt lat="37.8956703" lon="127.2002871"><time>2026-09-10T06:01:35Z</time><extensions><accuracy>7.8</accuracy></extensions></trkpt>
<trkpt lat="37.8956900" lon="127.2002721"><time>2026-09-10T06:01:36Z</time><extensions><accuracy>10.0</accuracy></extensions></trkpt>
<trkpt lat="37.8957039" lon="127.2002777"><time>2026-09-10T06:01:37Z</time><extensions><accuracy>6.6</accuracy></extensions></trkpt>
<trkpt lat="37.8957258" lon="127.2002760"><time>2026-09-10T06:01:38Z</time><extensions><accuracy>8.4</accuracy></extensions></trkpt>
<trkpt lat="37.8957308" lon="127.2002823"><time>2026-09-10T06:01:39Z</time><extensions><accuracy>8.0</accuracy></extensions></trkpt>
<trkpt lat="37.8957640" lon="127.2002784"><time>2026-09-10T06:01:40Z</time><extensions><accuracy>8.8</accuracy></extensions></trkpt>
<trkpt lat="37.8957900" lon="127.2002807"><time>2026-09-10T06:01:41Z</time><extensions><accuracy>7.9</accuracy></extensions></trkpt>
<trkpt lat="37.8957953" lon="127.2002659"><time>2026-09-10T06:01:42Z</time><extensions><accuracy>9.0</accuracy></extensions></trkpt>
<trkpt lat="37.8958140" lon="127.2002920"><time>2026-09-10T06:01:43Z</time><extensions><accuracy>9.4</accuracy></extensions></trkpt>
<trkpt lat="37.8958148" lon="127.2002636"><time>2026-09-10T06:01:44Z</time><extensions><accuracy>7.6</accuracy></extensions></trkpt>
<trkpt lat="37.8958443" lon="127.2002721"><time>2026-09-10T06:01:45Z</time><extensions><accuracy>8.5</accuracy></extensions></trkpt>
<trkpt lat="37.8958727" lon="127.2002655"><time>2026-09-10T06:01:46Z</time><extensions><accuracy>8.8</accuracy></extensions></trkpt>
<trkpt lat="37.8959152" lon="127.2002771"><time>2026-09-10T06:01:47Z</time><extensions><accuracy>9.3</accuracy></extensions></trkpt>
<trkpt lat="37.8959105" lon="127.2002656"><time>2026-09-10T06:01:48Z</time><extensions><accuracy>8.9</accuracy></extensions></trkpt>
<trkpt lat="37.8959427" lon="127.2002896"><time>2026-09-10T06:01:49Z</time><extensions><accuracy>9.5</accuracy></extensions></trkpt>
<trkpt lat="37.8959633" lon="127.2003196"><time>2026-09-10T06:01:50Z</time><extensions><accuracy>9.1</accuracy></extensions></trkpt>
<trkpt lat="37.8959851" lon="127.2003502"><time>2026-09-10T06:01:51Z</time><extensions><accuracy>8.3</accuracy></extensions></trkpt>
<trkpt lat="37.8959902" lon="127.2003457"><time>2026-09-10T06:01:52Z</time><extensions><accuracy>6.6</accuracy></extensions></trkpt>
<trkpt lat="37.8959936" lon="127.2003452"><time>2026-09-10T06:01:53Z</time><extensions><accuracy>7.0</accuracy></extensions></trkpt>
<trkpt lat="37.8960134" lon="127.2003504"><time>2026-09-10T06:01:54Z</time><extensions><accuracy>6.8</accuracy></extensions></trkpt>
<trkpt lat="37.8960074" lon="127.2003593"><time>2026-09-10T06:01:55Z</time><extensions><accuracy>6.0</accuracy></extensions></trkpt>
<trkpt lat="37.8960243" lon="127.2003493"><time>2026-09-10T06:01:56Z</time><extensions><accuracy>8.6</accuracy></extensions></trkpt>
<trkpt lat="37.8960362" lon="127.2003661"><time>2026-09-10T06:01:57Z</time><extensions><accuracy>8.7</accuracy></extensions></trkpt>
<trkpt lat="37.8960574" lon="127.2003739"><time>2026-09-10T06:01:58Z</time><extensions><accuracy>8.0</accuracy></extensions></trkpt>
<trkpt lat="37.8960825" lon="127.2004016"><time>2026-09-10T06:01:59Z</time><extensions><accuracy>9.0</accuracy></extensions></trkpt>
<trkpt lat="37.8960847" lon="127.2004194"><time>2026-09-10T06:02:00Z</time><extensions><accuracy>9.1</accuracy></extensions></trkpt>
<trkpt lat="37.8961054" lon="127.2004188"><time>2026-09-10T06:02:01Z</time><extensions><accuracy>9.1</accuracy></extensions></trkpt>
<trkpt lat="37.8961127" lon="127.2004352"><time>2026-09-10T06:02:02Z</time><extensions><accuracy>6.7</accuracy></extensions></trkpt>
<trkpt lat="37.8961440" lon="127.2004415"><time>2026-09-10T06:02:03Z</time><extensions><accuracy>7.2</accuracy></extensions></trkpt>
<trkpt lat="37.8961509" lon="127.2004599"><time>2026-09-10T06:02:04Z</time><extensions><accuracy>9.9</accuracy></extensions></trkpt>
<trkpt lat="37.8961464" lon="127.2004747"><time>2026-09-10T06:02:05Z</time><extensions><accuracy>7.5</accuracy></extensions></trkpt>
<trkpt lat="37.8961565" lon="127.2004658"><time>2026-09-10T06:02:06Z</time><extensions><accuracy>7.2</accuracy></extensions></trkpt>
<trkpt lat="37.8961784" lon="127.2004681"><time>2026-09-10T06:02:07Z</time><extensions><accuracy>8.2</accuracy></extensions></trkpt>
<trkpt lat="37.8961909" lon="127.2004929"><time>2026-09-10T06:02:08Z</time><extensions><accuracy>9.3</accuracy></extensions></trkpt>
<trkpt lat="37.8962025" lon="127.2004858"><time>2026-09-10T06:02:09Z</time><extensions><accuracy>9.2</accuracy></extensions></trkpt>
<trkpt lat="37.8962340" lon="127.2005022"><time>2026-09-10T06:02:10Z</time><extensions><accuracy>9.4</accuracy></extensions></trkpt>
<trkpt lat="37.8962299" lon="127.2005019"><time>2026-09-10T06:02:11Z</time><extensions><accuracy>7.6</accuracy></extensions></trkpt>
<trkpt lat="37.8962418" lon="127.2004984"><time>2026-09-10T06:02:12Z</time><extensions><accuracy>9.2</accuracy></extensions></trkpt>
<trkpt lat="37.8962527" lon="127.2005070"><time>2026-09-10T06:02:13Z</time><extensions><accuracy>6.9</accuracy></extensions></trkpt>
<trkpt lat="37.8962769" lon="127.2005111"><time>2026-09-10T06:02:14Z</time><extensions><accuracy>7.1</accuracy></extensions></trkpt>
<trkpt lat="37.8962878" lon="127.2005265"><time>2026-09-10T06:02:15Z</time><extensions><accuracy>9.3</accuracy></extensions></trkpt>
<trkpt lat="37.8963176" lon="127.2005396"><time>2026-09-10T06:02:16Z</time><extensions><accuracy>7.3</accuracy></extensions></trkpt>
<trkpt lat="37.8963271" lon="127.2005493"><time>2026-09-10T06:02:17Z</time><extensions><accuracy>6.7</accuracy></extensions></trkpt>
<trkpt lat="37.8963563" lon="127.2005475"><time>2026-09-10T06:02:18Z</time><extensions><accuracy>9.6</accuracy></extensions></trkpt>
<trkpt lat="37.8963832" lon="127.2005480"><time>2026-09-10T06:02:19Z</time><extensions><accuracy>8.6</accuracy></extensions></trkpt>
<trkpt lat="37.8964011" lon="127.2005635"><time>2026-09-10T06:02:20Z</time><extensions><accuracy>6.4</accuracy></extensions></trkpt>
<trkpt lat="37.8964110" lon="127.2005790"><time>2026-09-10T06:02:21Z</time><extensions><accuracy>8.7</accuracy></extensions></trkpt>
<trkpt lat="37.8964307" lon="127.2006104"><time>2026-09-10T06:02:22Z</time><extensions><accuracy>9.2</accuracy></extensions></trkpt>
<trkpt lat="37.8964311" lon="127.2006304"><time>2026-09-10T06:02:23Z</time><extensions><accuracy>8.5</accuracy></extensions></trkpt>
<trkpt lat="37.8964678" lon="127.2006119"><time>2026-09-10T06:02:24Z</time><extensions><accuracy>7.4</accuracy></extensions></trkpt>
<trkpt lat="37.8964749" lon="127.2005849"><time>2026-09-10T06:02:25Z</time><extensions><accuracy>8.0</accuracy></extensions></trkpt>
<trkpt lat="37.8964926" lon="127.2005633"><time>2026-09-10T06:02:26Z</time><extensions><accuracy>9.0</accuracy></extensions></trkpt>
<trkpt lat="37.8965108" lon="127.2005323"><time>2026-09-10T06:02:27Z</time><extensions><accuracy>9.7</accuracy></extensions></trkpt>
<trkpt lat="37.8965162" lon="127.2005281"><time>2026-09-10T06:02:28Z</time><extensions><accuracy>7.2</accuracy></extensions></trkpt>
<trkpt lat="37.8965287" lon="127.2005447"><time>2026-09-10T06:02:29Z</time><extensions><accuracy>7.5</accuracy></extensions></trkpt>
<trkpt lat="37.8965390" lon="127.2005685"><time>2026-09-10T06:02:30Z</time><extensions><accuracy>9.8</accuracy></extensions></trkpt>
<trkpt lat="37.8965685" lon="127.2006119"><time>2026-09-10T06:02:31Z</time><extensions><accuracy>9.6</accuracy></extensions></trkpt>
<trkpt lat="37.8965965" lon="127.2006226"><time>2026-09-10T06:02:32Z</time><extensions><accuracy>6.5</accuracy></extensions></trkpt>
<trkpt lat="37.8966339" lon="127.2006163"><time>2026-09-10T06:02:33Z</time><extensions><accuracy>7.4</accuracy></extensions></trkpt>
<trkpt lat="37.8966370" lon="127.2006323"><time>2026-09-10T06:02:34Z</time><extensions><accuracy>9.0</accuracy></extensions></trkpt>
<trkpt lat="37.8966593" lon="127.2006288"><time>2026-09-10T06:02:35Z</time><extensions><accuracy>6.9</accuracy></extensions></trkpt>
<trkpt lat="37.8966715" lon="127.2006320"><time>2026-09-10T06:02:36Z</time><extensions><accuracy>7.1</accuracy></extensions></trkpt>
<trkpt lat="37.8966925" lon="127.2006388"><time>2026-09-10T06:02:37Z</time><extensions><accuracy>7.3</accuracy></extensions></trkpt>
<trkpt lat="37.8967113" lon="127.2006590"><time>2026-09-10T06:02:38Z</time><extensions><accuracy>6.6</accuracy></extensions></trkpt>
<trkpt lat="37.8967274" lon="127.2006813"><time>2026-09-10T06:02:39Z</time><extensions><accuracy>7.7</accuracy></extensions></trkpt>
<trkpt lat="37.8967445" lon="127.2007094"><time>2026-09-10T06:02:40Z</time><extensions><accuracy>7.0</accuracy></extensions></trkpt>
<trkpt lat="37.8967472" lon="127.2007346"><time>2026-09-10T06:02:41Z</time><extensions><accuracy>7.3</accuracy></extensions></trkpt>
<trkpt lat="37.8967775" lon="127.2007633"><time>2026-09-10T06:02:42Z</time><extensions><accuracy>6.2</accuracy></extensions></trkpt>
<trkpt lat="37.8967946" lon="127.2007618"><time>2026-09-10T06:02:43Z</time><extensions><accuracy>7.7</accuracy></extensions></trkpt>
<trkpt lat="37.8968163" lon="127.2007576"><time>2026-09-10T06:02:44Z</time><extensions><accuracy>8.1</accuracy></extensions></trkpt>
<trkpt lat="37.8968233" lon="127.2007557"><time>2026-09-10T06:02:45Z</time><extensions><accuracy>9.1</accuracy></extensions></trkpt>
<trkpt lat="37.8968295" lon="127.2007736"><time>2026-09-10T06:02:46Z</time><extensions><accuracy>10.0</accuracy></extensions></trkpt>
<trkpt lat="37.8968373" lon="127.2008057"><time>2026-09-10T06:02:47Z</time><extensions><accuracy>8.5</accuracy></extensions></trkpt>
<trkpt lat="37.8968424" lon="127.2008027"><time>2026-09-10T06:02:48Z</time><extensions><accuracy>8.4</accuracy></extensions></trkpt>
<trkpt lat="37.8968813" lon="127.2008077"><time>2026-09-10T06:02:49Z</time><extensions><accuracy>9.9</accuracy></extensions></trkpt>
<trkpt lat="37.8968860" lon="127.2008240"><time>2026-09-10T06:02:50Z</time><extensions><accuracy>7.8</accuracy></extensions></trkpt>
<trkpt lat="37.8969314" lon="127.2008601"><time>2026-09-10T06:02:51Z</time><extensions><accuracy>6.2</accuracy></extensions></trkpt>
<trkpt lat="37.8969625" lon="127.2008574"><time>2026-09-10T06:02:52Z</time><extensions><accuracy>6.5</accuracy></extensions></trkpt>
<trkpt lat="37.8969856" lon="127.2008692"><time>2026-09-10T06:02:53Z</time><extensions><accuracy>9.7</accuracy></extensions></trkpt>
<trkpt lat="37.8970051" lon="127.2008756"><time>2026-09-10T06:02:54Z</time><extensions><accuracy>9.2</accuracy></extensions></trkpt>
<trkpt lat="37.8970221" lon="127.2008890"><time>2026-09-10T06:02:55Z</time><extensions><accuracy>7.4</accuracy></extensions></trkpt>
<trkpt lat="37.8970612" lon="127.2009158"><time>2026-09-10T06:02:56Z</time><extensions><accuracy>8.7</accuracy></extensions></trkpt>
<trkpt lat="37.8970968" lon="127.2009305"><time>2026-09-10T06:02:57Z</time><extensions><accuracy>8.6</accuracy></extensions></trkpt>
<trkpt lat="37.8970943" lon="127.2009376"><time>2026-09-10T06:02:58Z</time><extensions><accuracy>7.0</accuracy></extensions></trkpt>
<trkpt lat="37.8971031" lon="127.2009428"><time>2026-09-10T06:02:59Z</time><extensions><accuracy>6.6</accuracy></extensions></trkpt>
<trkpt lat="37.8971343" lon="127.2009353"><time>2026-09-10T06:03:00Z</time><extensions><accuracy>6.8</accuracy></extensions></trkpt>
<trkpt lat="37.8971370" lon="127.2009153"><time>2026-09-10T06:03:01Z</time><extensions><accuracy>8.1</accuracy></extensions></trkpt>
<trkpt lat="37.8971439" lon="127.2009235"><time>2026-09-10T06:03:02Z</time><extensions><accuracy>6.6</accuracy></extensions></trkpt>
<trkpt lat="37.8971632" lon="127.2009377"><time>2026-09-10T06:03:03Z</time><extensions><accuracy>6.5</accuracy></extensions></trkpt>
<trkpt lat="37.8971787" lon="127.2009591"><time>2026-09-10T06:03:04Z</time><extensions><accuracy>6.2</accuracy></extensions></trkpt>
<trkpt lat="37.8972071" lon="127.2009425"><time>2026-09-10T06:03:05Z</time><extensions><accuracy>8.5</accuracy></extensions></trkpt>
<trkpt lat="37.8971945" lon="127.2009497"><time>2026-09-10T06:03:06Z</time><extensions><accuracy>8.9</accuracy></extensions></trkpt>
<trkpt lat="37.8972247" lon="127.2009747"><time>2026-09-10T06:03:07Z</time><extensions><accuracy>6.7</accuracy></extensions></trkpt>
<trkpt lat="37.8972405" lon="127.2009963"><time>2026-09-10T06:03:08Z</time><extensions><accuracy>8.5</accuracy></extensions></trkpt>
<trkpt lat="37.8972427" lon="127.2010102"><time>2026-09-10T06:03:09Z</time><extensions><accuracy>7.2</accuracy></extensions></trkpt>
<trkpt lat="37.8972625" lon="127.2009928"><time>2026-09-10T06:03:10Z</time><extensions><accuracy>7.6</accuracy></extensions></trkpt>
<trkpt lat="37.8972669" lon="127.2010036"><time>2026-09-10T06:03:11Z</time><extensions><accuracy>8.2</accuracy></extensions></trkpt>
<trkpt lat="37.8972890" lon="127.2010116"><time>2026-09-10T06:03:12Z</time><extensions><accuracy>9.1</accuracy></extensions></trkpt>
<trkpt lat="37.8972975" lon="127.2010008"><time>2026-09-10T06:03:13Z</time><extensions><accuracy>8.8</accuracy></extensions></trkpt>
<trkpt lat="37.8973044" lon="127.2010079"><time>2026-09-10T06:03:14Z</time><extensions><accuracy>6.1</accuracy></extensions></trkpt>
<trkpt lat="37.8973047" lon="127.2010083"><time>2026-09-10T06:03:15Z</time><extensions><accuracy>6.8</accuracy></extensions></trkpt>
<trkpt lat="37.8973190" lon="127.2009970"><time>2026-09-10T06:03:16Z</time><extensions><accuracy>8.5</accuracy></extensions></trkpt>
<trkpt lat="37.8973526" lon="127.2010162"><time>2026-09-10T06:03:17Z</time><extensions><accuracy>7.9</accuracy></extensions></trkpt>
<trkpt lat="37.8973747" lon="127.2010112"><time>2026-09-10T06:03:18Z</time><extensions><accuracy>9.3</accuracy></extensions></trkpt>
<trkpt lat="37.8973904" lon="127.2010300"><time>2026-09-10T06:03:19Z</time><extensions><accuracy>6.2</accuracy></extensions></trkpt>
<trkpt lat="37.8973974" lon="127.2010395"><time>2026-09-10T06:03:20Z</time><extensions><accuracy>8.5</accuracy></extensions></trkpt>
<trkpt lat="37.8974355" lon="127.2010474"><time>2026-09-10T06:03:21Z</time><extensions><accuracy>9.8</accuracy></extensions></trkpt>
<trkpt lat="37.8974467" lon="127.2010691"><time>2026-09-10T06:03:22Z</time><extensions><accuracy>7.9</accuracy></extensions></trkpt>
<trkpt lat="37.8974572" lon="127.2010699"><time>2026-09-10T06:03:23Z</time><extensions><accuracy>9.3</accuracy></extensions></trkpt>
<trkpt lat="37.8974603" lon="127.2010761"><time>2026-09-10T06:03:24Z</time><extensions><accuracy>9.6</accuracy></extensions></trkpt>
<trkpt lat="37.8974722" lon="127.2010732"><time>2026-09-10T06:03:25Z</time><extensions><accuracy>7.7</accuracy></extensions></trkpt>
<trkpt lat="37.8974991" lon="127.2011019"><time>2026-09-10T06:03:26Z</time><extensions><accuracy>8.6</accuracy></extensions></trkpt>
<trkpt lat="37.8975194" lon="127.2011091"><time>2026-09-10T06:03:27Z</time><extensions><accuracy>7.1</accuracy></extensions></trkpt>
<trkpt lat="37.8975219" lon="127.2011184"><time>2026-09-10T06:03:28Z</time><extensions><accuracy>7.3</accuracy></extensions></trkpt>
<trkpt lat="37.8975426" lon="127.2011268"><time>2026-09-10T06:03:29Z</time><extensions><accuracy>8.1</accuracy></extensions></trkpt>
<trkpt lat="37.8975495" lon="127.2011163"><time>2026-09-10T06:03:30Z</time><extensions><accuracy>9.1</accuracy></extensions></trkpt>
<trkpt lat="37.8975537" lon="127.2011341"><time>2026-09-10T06:03:31Z</time><extensions><accuracy>7.8</accuracy></extensions></trkpt>
<trkpt lat="37.8975682" lon="127.2011571"><time>2026-09-10T06:03:32Z</time><extensions><accuracy>7.9</accuracy></extensions></trkpt>
<trkpt lat="37.8975874" lon="127.2011853"><time>2026-09-10T06:03:33Z</time><extensions><accuracy>7.9</accuracy></extensions></trkpt>
<trkpt lat="37.8975993" lon="127.2012058"><time>2026-09-10T06:03:34Z</time><extensions><accuracy>8.3</accuracy></extensions></trkpt>
<trkpt lat="37.8976190" lon="127.2012100"><time>2026-09-10T06:03:35Z</time><extensions><accuracy>8.4</accuracy></extensions></trkpt>
<trkpt lat="37.8976207" lon="127.2011976"><time>2026-09-10T06:03:36Z</time><extensions><accuracy>8.5</accuracy></extensions></trkpt>
<trkpt lat="37.8976330" lon="127.2012202"><time>2026-09-10T06:03:37Z</time><extensions><accuracy>8.7</accuracy></extensions></trkpt>
<trkpt lat="37.8976476" lon="127.2012355"><time>2026-09-10T06:03:38Z</time><extensions><accuracy>9.3</accuracy></extensions></trkpt>
<trkpt lat="37.8976658" lon="127.2012601"><time>2026-09-10T06:03:39Z</time><extensions><accuracy>9.5</accuracy></extensions></trkpt>
<trkpt lat="37.8976801" lon="127.2012953"><time>2026-09-10T06:03:40Z</time><extensions><accuracy>7.3</accuracy></extensions></trkpt>
<trkpt lat="37.8976841" lon="127.2013118"><time>2026-09-10T06:03:41Z</time><extensions><accuracy>7.4</accuracy></extensions></trkpt>
<trkpt lat="37.8977143" lon="127.2013250"><time>2026-09-10T06:03:42Z</time><extensions><accuracy>9.3</accuracy></extensions></trkpt>
<trkpt lat="37.8977380" lon="127.2013517"><time>2026-09-10T06:03:43Z</time><extensions><accuracy>6.5</accuracy></extensions></trkpt>
<trkpt lat="37.8977660" lon="127.2013694"><time>2026-09-10T06:03:44Z</time><extensions><accuracy>7.5</accuracy></extensions></trkpt>
<trkpt lat="37.8977715" lon="127.2013662"><time>2026-09-10T06:03:45Z</time><extensions><accuracy>9.7</accuracy></extensions></trkpt>
<trkpt lat="37.8977911" lon="127.2013728"><time>2026-09-10T06:03:46Z</time><extensions><accuracy>9.2</accuracy></extensions></trkpt>
<trkpt lat="37.8978298" lon="127.2013767"><time>2026-09-10T06:03:47Z</time><extensions><accuracy>7.2</accuracy></extensions></trkpt>
<trkpt lat="37.8978358" lon="127.2013604"><time>2026-09-10T06:03:48Z</time><extensions><accuracy>6.8</accuracy></extensions></trkpt>
<trkpt lat="37.8978447" lon="127.2013568"><time>2026-09-10T06:03:49Z</time><extensions><accuracy>8.4</accuracy></extensions></trkpt>
<trkpt lat="37.8978589" lon="127.2013754"><time>2026-09-10T06:03:50Z</time><extensions><accuracy>6.9</accuracy></extensions></trkpt>
<trkpt lat="37.8978822" lon="127.2014040"><time>2026-09-10T06:03:51Z</time><extensions><accuracy>8.7</accuracy></extensions></trkpt>
<trkpt lat="37.8978675" lon="127.2014314"><time>2026-09-10T06:03:52Z</time><extensions><accuracy>7.6</accuracy></extensions></trkpt>
<trkpt lat="37.8978709" lon="127.2014456"><time>2026-09-10T06:03:53Z</time><extensions><accuracy>7.6</accuracy></extensions></trkpt>
<trkpt lat="37.8978880" lon="127.2014747"><time>2026-09-10T06:03:54Z</time><extensions><accuracy>6.9</accuracy></extensions></trkpt>
<trkpt lat="37.8979254" lon="127.2015043"><time>2026-09-10T06:03:55Z</time><extensions><accuracy>9.3</accuracy></extensions></trkpt>
<trkpt lat="37.8979555" lon="127.2015219"><time>2026-09-10T06:03:56Z</time><extensions><accuracy>8.7</accuracy></extensions></trkpt>
<trkpt lat="37.8979630" lon="127.2015313"><time>2026-09-10T06:03:57Z</time><extensions><accuracy>7.6</accuracy></extensions></trkpt>
<trkpt lat="37.8979566" lon="127.2015383"><time>2026-09-10T06:03:58Z</time><extensions><accuracy>8.0</accuracy></extensions></trkpt>
<trkpt lat="37.8979655" lon="127.2015266"><time>2026-09-10T06:03:59Z</time><extensions><accuracy>8.3</accuracy></extensions></trkpt>
<trkpt lat="37.8979924" lon="127.2015408"><time>2026-09-10T06:04:00Z</time><extensions><accuracy>6.9</accuracy></extensions></trkpt>
<trkpt lat="37.8980123" lon="127.2015622"><time>2026-09-10T06:04:01Z</time><extensions><accuracy>6.5</accuracy></extensions></trkpt>
<trkpt lat="37.8980136" lon="127.2015598"><time>2026-09-10T06:04:02Z</time><extensions><accuracy>8.2</accuracy></extensions></trkpt>
<trkpt lat="37.8980391" lon="127.2015827"><time>2026-09-10T06:04:03Z</time><extensions><accuracy>9.8</accuracy></extensions></trkpt>
<trkpt lat="37.8980467" lon="127.2015809"><time>2026-09-10T06:04:04Z</time><extensions><accuracy>6.3</accuracy></extensions></trkpt>
<trkpt lat="37.8980543" lon="127.2016127"><time>2026-09-10T06:04:05Z</time><extensions><accuracy>6.6</accuracy></extensions></trkpt>
<trkpt lat="37.8980783" lon="127.2016195"><time>2026-09-10T06:04:06Z</time><extensions><accuracy>7.9</accuracy></extensions></trkpt>
<trkpt lat="37.8981054" lon="127.2016221"><time>2026-09-10T06:04:07Z</time><extensions><accuracy>7.4</accuracy></extensions></trkpt>
<trkpt lat="37.8981206" lon="127.2016212"><time>2026-09-10T06:04:08Z</time><extensions><accuracy>6.4</accuracy></extensions></trkpt>
<trkpt lat="37.8981201" lon="127.2016148"><time>2026-09-10T06:04:09Z</time><extensions><accuracy>9.8</accuracy></extensions></trkpt>
<trkpt lat="37.8981043" lon="127.2016266"><time>2026-09-10T06:04:10Z</time><extensions><accuracy>9.6</accuracy></extensions></trkpt>
<trkpt lat="37.8981078" lon="127.2016636"><time>2026-09-10T06:04:11Z</time><extensions><accuracy>6.1</accuracy></extensions></trkpt>
<trkpt lat="37.8981035" lon="127.2016291"><time>2026-09-10T06:04:12Z</time><extensions><accuracy>6.0</accuracy></extensions></trkpt>
<trkpt lat="37.8981229" lon="127.2016401"><time>2026-09-10T06:04:13Z</time><extensions><accuracy>8.9</accuracy></extensions></trkpt>
<trkpt lat="37.8981298" lon="127.2016459"><time>2026-09-10T06:04:14Z</time><extensions><accuracy>8.2</accuracy></extensions></trkpt>
<trkpt lat="37.8981479" lon="127.2016535"><time>2026-09-10T06:04:15Z</time><extensions><accuracy>7.7</accuracy></extensions></trkpt>
<trkpt lat="37.8981398" lon="127.2016492"><time>2026-09-10T06:04:16Z</time><extensions><accuracy>6.2</accuracy></extensions></trkpt>
<trkpt lat="37.8981528" lon="127.2016558"><time>2026-09-10T06:04:17Z</time><extensions><accuracy>9.3</accuracy></extensions></trkpt>
<trkpt lat="37.8981784" lon="127.2016759"><time>2026-09-10T06:04:18Z</time><extensions><accuracy>9.6</accuracy></extensions></trkpt>
<trkpt lat="37.8982042" lon="127.2016842"><time>2026-09-10T06:04:19Z</time><extensions><accuracy>9.2</accuracy></extensions></trkpt>
<trkpt lat="37.8982320" lon="127.2017139"><time>2026-09-10T06:04:20Z</time><extensions><accuracy>9.6</accuracy></extensions></trkpt>
<trkpt lat="37.8982483" lon="127.2017397"><time>2026-09-10T06:04:21Z</time><extensions><accuracy>6.3</accuracy></extensions></trkpt>
<trkpt lat="37.8982527" lon="127.2017652"><time>2026-09-10T06:04:22Z</time><extensions><accuracy>6.0</accuracy></extensions></trkpt>
<trkpt lat="37.8982663" lon="127.2017769"><time>2026-09-10T06:04:23Z</time><extensions><accuracy>7.1</accuracy></extensions></trkpt>
<trkpt lat="37.8982709" lon="127.2017900"><time>2026-09-10T06:04:24Z</time><extensions><accuracy>8.1</accuracy></extensions></trkpt>
<trkpt lat="37.8982954" lon="127.2018164"><time>2026-09-10T06:04:25Z</time><extensions><accuracy>9.7</accuracy></extensions></trkpt>
<trkpt lat="37.8982900" lon="127.2018590"><time>2026-09-10T06:04:26Z</time><extensions><accuracy>7.8</accuracy></extensions></trkpt>
<trkpt lat="37.8982946" lon="127.2018710"><time>2026-09-10T06:04:27Z</time><extensions><accuracy>8.3</accuracy></extensions></trkpt>
<trkpt lat="37.8983308" lon="127.2018771"><time>2026-09-10T06:04:28Z</time><extensions><accuracy>7.7</accuracy></extensions></trkpt>
<trkpt lat="37.8983546" lon="127.2019076"><time>2026-09-10T06:04:29Z</time><extensions><accuracy>8.6</accuracy></extensions></trkpt>
<trkpt lat="37.8983686" lon="127.2019234"><time>2026-09-10T06:04:30Z</time><extensions><accuracy>6.5</accuracy></extensions></trkpt>
<trkpt lat="37.8983998" lon="127.2019339"><time>2026-09-10T06:04:31Z</time><extensions><accuracy>8.8</accuracy></extensions></trkpt>
<trkpt lat="37.8984142" lon="127.2019627"><time>2026-09-10T06:04:32Z</time><extensions><accuracy>8.3</accuracy></extensions></trkpt>
<trkpt lat="37.8984207" lon="127.2019808"><time>2026-09-10T06:04:33Z</time><extensions><accuracy>7.9</accuracy></extensions></trkpt>
<trkpt lat="37.8984356" lon="127.2019583"><time>2026-09-10T06:04:34Z</time><extensions><accuracy>6.9</accuracy></extensions></trkpt>
<trkpt lat="37.8984483" lon="127.2019704"><time>2026-09-10T06:04:35Z</time><extensions><accuracy>9.3</accuracy></extensions></trkpt>
<trkpt lat="37.8984791" lon="127.2019528"><time>2026-09-10T06:04:36Z</time><extensions><accuracy>7.2</accuracy></extensions></trkpt>
<trkpt lat="37.8984774" lon="127.2019599"><time>2026-09-10T06:04:37Z</time><extensions><accuracy>8.2</accuracy></extensions></trkpt>
<trkpt lat="37.8984894" lon="127.2019633"><time>2026-09-10T06:04:38Z</time><extensions><accuracy>7.0</accuracy></extensions></trkpt>
<trkpt lat="37.8984878" lon="127.2019855"><time>2026-09-10T06:04:39Z</time><extensions><accuracy>9.4</accuracy></extensions></trkpt>
<trkpt lat="37.8984909" lon="127.2019988"><time>2026-09-10T06:04:40Z</time><extensions><accuracy>8.2</accuracy></extensions></trkpt>
<trkpt lat="37.8985071" lon="127.2020009"><time>2026-09-10T06:04:41Z</time><extensions><accuracy>9.8</accuracy></extensions></trkpt>
<trkpt lat="37.8985377" lon="127.2020043"><time>2026-09-10T06:04:42Z</time><extensions><accuracy>8.0</accuracy></extensions></trkpt>
<trkpt lat="37.8985578" lon="127.2020205"><time>2026-09-10T06:04:43Z</time><extensions><accuracy>8.6</accuracy></extensions></trkpt>
<trkpt lat="37.8985634" lon="127.2020275"><time>2026-09-10T06:04:44Z</time><extensions><accuracy>8.4</accuracy></extensions></trkpt>
<trkpt lat="37.8985891" lon="127.2020431"><time>2026-09-10T06:04:45Z</time><extensions><accuracy>9.9</accuracy></extensions></trkpt>
<trkpt lat="37.8986050" lon="127.2020397"><time>2026-09-10T06:04:46Z</time><extensions><accuracy>8.5</accuracy></extensions></trkpt>
<trkpt lat="37.8986220" lon="127.2020464"><time>2026-09-10T06:04:47Z</time><extensions><accuracy>7.5</accuracy></extensions></trkpt>
<trkpt lat="37.8986275" lon="127.2020485"><time>2026-09-10T06:04:48Z</time><extensions><accuracy>6.6</accuracy></extensions></trkpt>
<trkpt lat="37.8986082" lon="127.2020692"><time>2026-09-10T06:04:49Z</time><extensions><accuracy>7.6</accuracy></extensions></trkpt>
<trkpt lat="37.8986033" lon="127.2021066"><time>2026-09-10T06:04:50Z</time><extensions><accuracy>9.2</accuracy></extensions></trkpt>
<trkpt lat="37.8986065" lon="127.2021372"><time>2026-09-10T06:04:51Z</time><extensions><accuracy>8.3</accuracy></extensions></trkpt>
<trkpt lat="37.8986369" lon="127.2021426"><time>2026-09-10T06:04:52Z</time><extensions><accuracy>9.1</accuracy></extensions></trkpt>
<trkpt lat="37.8986504" lon="127.2021637"><time>2026-09-10T06:04:53Z</time><extensions><accuracy>8.7</accuracy></extensions></trkpt>
<trkpt lat="37.8986868" lon="127.2022046"><time>2026-09-10T06:04:54Z</time><extensions><accuracy>7.8</accuracy></extensions></trkpt>
<trkpt lat="37.8986873" lon="127.2022076"><time>2026-09-10T06:04:55Z</time><extensions><accuracy>7.4</accuracy></extensions></trkpt>
<trkpt lat="37.8987079" lon="127.2022145"><time>2026-09-10T06:04:56Z</time><extensions><accuracy>6.7</accuracy></extensions></trkpt>
<trkpt lat="37.8987138" lon="127.2022243"><time>2026-09-10T06:04:57Z</time><extensions><accuracy>6.3</accuracy></extensions></trkpt>
<trkpt lat="37.8987246" lon="127.2022450"><time>2026-09-10T06:04:58Z</time><extensions><accuracy>9.7</accuracy></extensions></trkpt>
<trkpt lat="37.8987530" lon="127.2022664"><time>2026-09-10T06:04:59Z</time><extensions><accuracy>6.1</accuracy></extensions></trkpt>
<trkpt lat="37.8987773" lon="127.2022884"><time>2026-09-10T06:05:00Z</time><extensions><accuracy>8.9</accuracy></extensions></trkpt>
<trkpt lat="37.8988153" lon="127.2022834"><time>2026-09-10T06:05:01Z</time><extensions><accuracy>7.9</accuracy></extensions></trkpt>
<trkpt lat="37.8988188" lon="127.2022879"><time>2026-09-10T06:05:02Z</time><extensions><accuracy>9.5</accuracy></extensions></trkpt>
<trkpt lat="37.8988269" lon="127.2023016"><time>2026-09-10T06:05:03Z</time><extensions><accuracy>6.9</accuracy></extensions></trkpt>
<trkpt lat="37.8988475" lon="127.2023048"><time>2026-09-10T06:05:04Z</time><extensions><accuracy>7.2</accuracy></extensions></trkpt>
<trkpt lat="37.8988518" lon="127.2023273"><time>2026-09-10T06:05:05Z</time><extensions><accuracy>8.9</accuracy></extensions></trkpt>
<trkpt lat="37.8988578" lon="127.2023423"><time>2026-09-10T06:05:06Z</time><extensions><accuracy>8.0</accuracy></extensions></trkpt>
<trkpt lat="37.8988787" lon="127.2023609"><time>2026-09-10T06:05:07Z</time><extensions><accuracy>9.4</accuracy></extensions></trkpt>
<trkpt lat="37.8988988" lon="127.2023594"><time>2026-09-10T06:05:08Z</time><extensions><accuracy>7.0</accuracy></extensions></trkpt>
<trkpt lat="37.8989047" lon="127.2023745"><time>2026-09-10T06:05:09Z</time><extensions><accuracy>6.9</accuracy></extensions></trkpt>
<trkpt lat="37.8989066" lon="127.2023861"><time>2026-09-10T06:05:10Z</time><extensions><accuracy>9.5</accuracy></extensions></trkpt>
<trkpt lat="37.8989099" lon="127.2024158"><time>2026-09-10T06:05:11Z</time><extensions><accuracy>6.6</accuracy></extensions></trkpt>
<trkpt lat="37.8989273" lon="127.2024444"><time>2026-09-10T06:05:12Z</time><extensions><accuracy>7.4</accuracy></extensions></trkpt>
<trkpt lat="37.8989606" lon="127.2024514"><time>2026-09-10T06:05:13Z</time><extensions><accuracy>8.8</accuracy></extensions></trkpt>
<trkpt lat="37.8989751" lon="127.2024639"><time>2026-09-10T06:05:14Z</time><extensions><accuracy>8.5</accuracy></extensions></trkpt>
<trkpt lat="37.8989877" lon="127.2024832"><time>2026-09-10T06:05:15Z</time><extensions><accuracy>6.8</accuracy></extensions></trkpt>
<trkpt lat="37.8990018" lon="127.2024938"><time>2026-09-10T06:05:16Z</time><extensions><accuracy>6.3</accuracy></extensions></trkpt>
<trkpt lat="37.8989975" lon="127.2025306"><time>2026-09-10T06:05:17Z</time><extensions><accuracy>6.7</accuracy></extensions></trkpt>
<trkpt lat="37.8990179" lon="127.2025413"><time>2026-09-10T06:05:18Z</time><extensions><accuracy>6.0</accuracy></extensions></trkpt>
<trkpt lat="37.8990253" lon="127.2025620"><time>2026-09-10T06:05:19Z</time><extensions><accuracy>8.3</accuracy></extensions></trkpt>
<trkpt lat="37.8990477" lon="127.2026042"><time>2026-09-10T06:05:20Z</time><extensions><accuracy>9.8</accuracy></extensions></trkpt>
<trkpt lat="37.8990331" lon="127.2026324"><time>2026-09-10T06:05:21Z</time><extensions><accuracy>9.5</accuracy></extensions></trkpt>
<trkpt lat="37.8990549" lon="127.2026629"><time>2026-09-10T06:05:22Z</time><extensions><accuracy>6.3</accuracy></extensions></trkpt>
<trkpt lat="37.8990733" lon="127.2026633"><time>2026-09-10T06:05:23Z</time><extensions><accuracy>6.3</accuracy></extensions></trkpt>
<trkpt lat="37.8990859" lon="127.2026840"><time>2026-09-10T06:05:24Z</time><extensions><accuracy>9.2</accuracy></extensions></trkpt>
<trkpt lat="37.8991021" lon="127.2027155"><time>2026-09-10T06:05:25Z</time><extensions><accuracy>9.6</accuracy></extensions></trkpt>
<trkpt lat="37.8991043" lon="127.2027237"><time>2026-09-10T06:05:26Z</time><extensions><accuracy>6.5</accuracy></extensions></trkpt>
<trkpt lat="37.8991276" lon="127.2027438"><time>2026-09-10T06:05:27Z</time><extensions><accuracy>6.8</accuracy></extensions></trkpt>
<trkpt lat="37.8991450" lon="127.2027690"><time>2026-09-10T06:05:28Z</time><extensions><accuracy>9.1</accuracy></extensions></trkpt>
<trkpt lat="37.8991442" lon="127.2027660"><time>2026-09-10T06:05:29Z</time><extensions><accuracy>8.5</accuracy></extensions></trkpt>
<trkpt lat="37.8991611" lon="127.2027766"><time>2026-09-10T06:05:30Z</time><extensions><accuracy>8.6</accuracy></extensions></trkpt>
<trkpt lat="37.8991796" lon="127.2027955"><time>2026-09-10T06:05:31Z</time><extensions><accuracy>9.7</accuracy></extensions></trkpt>
<trkpt lat="37.8991942" lon="127.2027964"><time>2026-09-10T06:05:32Z</time><extensions><accuracy>6.4</accuracy></extensions></trkpt>
<trkpt lat="37.8992339" lon="127.2028091"><time>2026-09-10T06:05:33Z</time><extensions><accuracy>9.7</accuracy></extensions></trkpt>
<trkpt lat="37.8992281" lon="127.2028564"><time>2026-09-10T06:05:34Z</time><extensions><accuracy>8.5</accuracy></extensions></trkpt>
<trkpt lat="37.8992446" lon="127.2028904"><time>2026-09-10T06:05:35Z</time><extensions><accuracy>8.9</accuracy></extensions></trkpt>
<trkpt lat="37.8992721" lon="127.2029088"><time>2026-09-10T06:05:36Z</time><extensions><accuracy>6.1</accuracy></extensions></trkpt>
<trkpt lat="37.8992949" lon="127.2029066"><time>2026-09-10T06:05:37Z</time><extensions><accuracy>8.9</accuracy></extensions></trkpt>
<trkpt lat="37.8993027" lon="127.2028836"><time>2026-09-10T06:05:38Z</time><extensions><accuracy>6.5</accuracy></extensions></trkpt>
<trkpt lat="37.8993037" lon="127.2029041"><time>2026-09-10T06:05:39Z</time><extensions><accuracy>8.7</accuracy></extensions></trkpt>
<trkpt lat="37.8992942" lon="127.2028972"><time>2026-09-10T06:05:40Z</time><extensions><accuracy>6.3</accuracy></extensions></trkpt>
<trkpt lat="37.8993164" lon="127.2028898"><time>2026-09-10T06:05:41Z</time><extensions><accuracy>6.5</accuracy></extensions></trkpt>
<trkpt lat="37.8993315" lon="127.2029043"><time>2026-09-10T06:05:42Z</time><extensions><accuracy>7.4</accuracy></extensions></trkpt>
<trkpt lat="37.8993214" lon="127.2029138"><time>2026-09-10T06:05:43Z</time><extensions><accuracy>7.2</accuracy></extensions></trkpt>
<trkpt lat="37.8993555" lon="127.2029531"><time>2026-09-10T06:05:44Z</time><extensions><accuracy>8.1</accuracy></extensions></trkpt>
<trkpt lat="37.8993680" lon="127.2029637"><time>2026-09-10T06:05:45Z</time><extensions><accuracy>8.3</accuracy></extensions></trkpt>
<trkpt lat="37.8993850" lon="127.2029896"><time>2026-09-10T06:05:46Z</time><extensions><accuracy>7.3</accuracy></extensions></trkpt>
<trkpt lat="37.8993817" lon="127.2030213"><time>2026-09-10T06:05:47Z</time><extensions><accuracy>7.7</accuracy></extensions></trkpt>
<trkpt lat="37.8993802" lon="127.2030692"><time>2026-09-10T06:05:48Z</time><extensions><accuracy>9.3</accuracy></extensions></trkpt>
<trkpt lat="37.8993881" lon="127.2030951"><time>2026-09-10T06:05:49Z</time><extensions><accuracy>8.6</accuracy></extensions></trkpt>
<trkpt lat="37.8993984" lon="127.2031095"><time>2026-09-10T06:05:50Z</time><extensions><accuracy>9.8</accuracy></extensions></trkpt>
<trkpt lat="37.8994020" lon="127.2031379"><time>2026-09-10T06:05:51Z</time><extensions><accuracy>8.7</accuracy></extensions></trkpt>
<trkpt lat="37.8994160" lon="127.2031666"><time>2026-09-10T06:05:52Z</time><extensions><accuracy>9.1</accuracy></extensions></trkpt>
<trkpt lat="37.8994323" lon="127.2031801"><time>2026-09-10T06:05:53Z</time><extensions><accuracy>8.2</accuracy></extensions></trkpt>
<trkpt lat="37.8994430" lon="127.2031886"><time>2026-09-10T06:05:54Z</time><extensions><accuracy>9.3</accuracy></extensions></trkpt>
<trkpt lat="37.8994423" lon="127.2031908"><time>2026-09-10T06:05:55Z</time><extensions><accuracy>8.6</accuracy></extensions></trkpt>
<trkpt lat="37.8994497" lon="127.2032247"><time>2026-09-10T06:05:56Z</time><extensions><accuracy>8.1</accuracy></extensions></trkpt>
<trkpt lat="37.8994515" lon="127.2032463"><time>2026-09-10T06:05:57Z</time><extensions><accuracy>7.0</accuracy></extensions></trkpt>
<trkpt lat="37.8994659" lon="127.2032767"><time>2026-09-10T06:05:58Z</time><extensions><accuracy>6.4</accuracy></extensions></trkpt>
<trkpt lat="37.8994617" lon="127.2032844"><time>2026-09-10T06:05:59Z</time><extensions><accuracy>7.6</accuracy></extensions></trkpt>
<trkpt lat="37.8994659" lon="127.2032973"><time>2026-09-10T06:06:00Z</time><extensions><accuracy>7.0</accuracy></extensions></trkpt>
<trkpt lat="37.8994981" lon="127.2033426"><time>2026-09-10T06:06:01Z</time><extensions><accuracy>6.9</accuracy></extensions></trkpt>
<trkpt lat="37.8995145" lon="127.2033511"><time>2026-09-10T06:06:02Z</time><extensions><accuracy>9.7</accuracy></extensions></trkpt>
<trkpt lat="37.8995347" lon="127.2033751"><time>2026-09-10T06:06:03Z</time><extensions><accuracy>6.6</accuracy></extensions></trkpt>
<trkpt lat="37.8995586" lon="127.2033921"><time>2026-09-10T06:06:04Z</time><extensions><accuracy>7.7</accuracy></extensions></trkpt>
<trkpt lat="37.8995738" lon="127.2034004"><time>2026-09-10T06:06:05Z</time><extensions><accuracy>8.8</accuracy></extensions></trkpt>
<trkpt lat="37.8995881" lon="127.2034039"><time>2026-09-10T06:06:06Z</time><extensions><accuracy>6.0</accuracy></extensions></trkpt>
<trkpt lat="37.8996042" lon="127.2034308"><time>2026-09-10T06:06:07Z</time><extensions><accuracy>7.3</accuracy></extensions></trkpt>
<trkpt lat="37.8996146" lon="127.2034582"><time>2026-09-10T06:06:08Z</time><extensions><accuracy>7.1</accuracy></extensions></trkpt>
<trkpt lat="37.8996291" lon="127.2034636"><time>2026-09-10T06:06:09Z</time><extensions><accuracy>8.1</accuracy></extensions></trkpt>
<trkpt lat="37.8996182" lon="127.2034837"><time>2026-09-10T06:06:10Z</time><extensions><accuracy>7.7</accuracy></extensions></trkpt>
<trkpt lat="37.8996367" lon="127.2035001"><time>2026-09-10T06:06:11Z</time><extensions><accuracy>9.1</accuracy></extensions></trkpt>
<trkpt lat="37.8996438" lon="127.2035353"><time>2026-09-10T06:06:12Z</time><extensions><accuracy>9.2</accuracy></extensions></trkpt>
<trkpt lat="37.8996463" lon="127.2035460"><time>2026-09-10T06:06:13Z</time><extensions><accuracy>8.1</accuracy></extensions></trkpt>
<trkpt lat="37.8996837" lon="127.2035644"><time>2026-09-10T06:06:14Z</time><extensions><accuracy>6.3</accuracy></extensions></trkpt>
<trkpt lat="37.8996893" lon="127.2035827"><time>2026-09-10T06:06:15Z</time><extensions><accuracy>9.5</accuracy></extensions></trkpt>
<trkpt lat="37.8996872" lon="127.2035993"><time>2026-09-10T06:06:16Z</time><extensions><accuracy>9.4</accuracy></extensions></trkpt>
<trkpt lat="37.8997026" lon="127.2036245"><time>2026-09-10T06:06:17Z</time><extensions><accuracy>8.6</accuracy></extensions></trkpt>
<trkpt lat="37.8997104" lon="127.2036004"><time>2026-09-10T06:06:18Z</time><extensions><accuracy>9.3</accuracy></extensions></trkpt>
<trkpt lat="37.8997446" lon="127.2036137"><time>2026-09-10T06:06:19Z</time><extensions><accuracy>7.7</accuracy></extensions></trkpt>
<trkpt lat="37.8997595" lon="127.2036273"><time>2026-09-10T06:06:20Z</time><extensions><accuracy>8.0</accuracy></extensions></trkpt>
<trkpt lat="37.8997714" lon="127.2036392"><time>2026-09-10T06:06:21Z</time><extensions><accuracy>6.3</accuracy></extensions></trkpt>
<trkpt lat="37.8997794" lon="127.2036373"><time>2026-09-10T06:06:22Z</time><extensions><accuracy>8.1</accuracy></extensions></trkpt>
<trkpt lat="37.8997897" lon="127.2036537"><time>2026-09-10T06:06:23Z</time><extensions><accuracy>6.9</accuracy></extensions></trkpt>
<trkpt lat="37.8998104" lon="127.2036635"><time>2026-09-10T06:06:24Z</time><extensions><accuracy>8.2</accuracy></extensions></trkpt>
<trkpt lat="37.8998374" lon="127.2036841"><time>2026-09-10T06:06:25Z</time><extensions><accuracy>7.2</accuracy></extensions></trkpt>
<trkpt lat="37.8998663" lon="127.2036848"><time>2026-09-10T06:06:26Z</time><extensions><accuracy>9.2</accuracy></extensions></trkpt>
<trkpt lat="37.8998793" lon="127.2036917"><time>2026-09-10T06:06:27Z</time><extensions><accuracy>8.3</accuracy></extensions></trkpt>
<trkpt lat="37.8998846" lon="127.2037250"><time>2026-09-10T06:06:28Z</time><extensions><accuracy>7.0</accuracy></extensions></trkpt>
<trkpt lat="37.8998834" lon="127.2037368"><time>2026-09-10T06:06:29Z</time><extensions><accuracy>6.1</accuracy></extensions></trkpt>
<trkpt lat="37.8999097" lon="127.2037666"><time>2026-09-10T06:06:30Z</time><extensions><accuracy>9.6</accuracy></extensions></trkpt>
<trkpt lat="37.8999123" lon="127.2037987"><time>2026-09-10T06:06:31Z</time><extensions><accuracy>6.8</accuracy></extensions></trkpt>
<trkpt lat="37.8999117" lon="127.2038068"><time>2026-09-10T06:06:32Z</time><extensions><accuracy>9.8</accuracy></extensions></trkpt>
<trkpt lat="37.8999296" lon="127.2038321"><time>2026-09-10T06:06:33Z</time><extensions><accuracy>6.7</accuracy></extensions></trkpt>
<trkpt lat="37.8999210" lon="127.2038604"><time>2026-09-10T06:06:34Z</time><extensions><accuracy>9.9</accuracy></extensions></trkpt>
<trkpt lat="37.8999385" lon="127.2038846"><time>2026-09-10T06:06:35Z</time><extensions><accuracy>9.5</accuracy></extensions></trkpt>
<trkpt lat="37.8999478" lon="127.2039187"><time>2026-09-10T06:06:36Z</time><extensions><accuracy>7.7</accuracy></extensions></trkpt>
<trkpt lat="37.8999669" lon="127.2039546"><time>2026-09-10T06:06:37Z</time><extensions><accuracy>8.7</accuracy></extensions></trkpt>
<trkpt lat="37.8999702" lon="127.2039659"><time>2026-09-10T06:06:38Z</time><extensions><accuracy>7.2</accuracy></extensions></trkpt>
<trkpt lat="37.8999591" lon="127.2039980"><time>2026-09-10T06:06:39Z</time><extensions><accuracy>9.2</accuracy></extensions></trkpt>
<trkpt lat="37.8999656" lon="127.2040149"><time>2026-09-10T06:06:40Z</time><extensions><accuracy>9.9</accuracy></extensions></trkpt>
<trkpt lat="37.8999903" lon="127.2040303"><time>2026-09-10T06:06:41Z</time><extensions><accuracy>7.5</accuracy></extensions></trkpt>
<trkpt lat="37.8999717" lon="127.2040540"><time>2026-09-10T06:06:42Z</time><extensions><accuracy>9.0</accuracy></extensions></trkpt>
<trkpt lat="37.8999695" lon="127.2040600"><time>2026-09-10T06:06:43Z</time><extensions><accuracy>9.6</accuracy></extensions></trkpt>
<trkpt lat="37.8999868" lon="127.2040795"><time>2026-09-10T06:06:44Z</time><extensions><accuracy>6.4</accuracy></extensions></trkpt>
<trkpt lat="37.9000072" lon="127.2040786"><time>2026-09-10T06:06:45Z</time><extensions><accuracy>8.9</accuracy></extensions></trkpt>
<trkpt lat="37.9000186" lon="127.2040993"><time>2026-09-10T06:06:46Z</time><extensions><accuracy>9.5</accuracy></extensions></trkpt>
<trkpt lat="37.9000420" lon="127.2041214"><time>2026-09-10T06:06:47Z</time><extensions><accuracy>7.0</accuracy></extensions></trkpt>
<trkpt lat="37.9000542" lon="127.2041372"><time>2026-09-10T06:06:48Z</time><extensions><accuracy>9.7</accuracy></extensions></trkpt>
<trkpt lat="37.9000541" lon="127.2041389"><time>2026-09-10T06:06:49Z</time><extensions><accuracy>8.7</accuracy></extensions></trkpt>
<trkpt lat="37.9000642" lon="127.2041894"><time>2026-09-10T06:06:50Z</time><extensions><accuracy>7.6</accuracy></extensions></trkpt>
<trkpt lat="37.9000694" lon="127.2041912"><time>2026-09-10T06:06:51Z</time><extensions><accuracy>9.6</accuracy></extensions></trkpt>
<trkpt lat="37.9000762" lon="127.2042218"><time>2026-09-10T06:06:52Z</time><extensions><accuracy>6.1</accuracy></extensions></trkpt>
<trkpt lat="37.9000881" lon="127.2042621"><time>2026-09-10T06:06:53Z</time><extensions><accuracy>7.0</accuracy></extensions></trkpt>
<trkpt lat="37.9001072" lon="127.2043081"><time>2026-09-10T06:06:54Z</time><extensions><accuracy>8.7</accuracy></extensions></trkpt>
<trkpt lat="37.9001291" lon="127.2043201"><time>2026-09-10T06:06:55Z</time><extensions><accuracy>6.0</accuracy></extensions></trkpt>
<trkpt lat="37.9001327" lon="127.2043592"><time>2026-09-10T06:06:56Z</time><extensions><accuracy>8.6</accuracy></extensions></trkpt>
<trkpt lat="37.9001416" lon="127.2043831"><time>2026-09-10T06:06:57Z</time><extensions><accuracy>9.5</accuracy></extensions></trkpt>
<trkpt lat="37.9001488" lon="127.2044062"><time>2026-09-10T06:06:58Z</time><extensions><accuracy>9.2</accuracy></extensions></trkpt>
<trkpt lat="37.9001590" lon="127.2044315"><time>2026-09-10T06:06:59Z</time><extensions><accuracy>8.0</accuracy></extensions></trkpt>
<trkpt lat="37.9001890" lon="127.2043849"><time>2026-09-10T06:07:00Z</time><extensions><accuracy>37.1</accuracy></extensions></trkpt>
<trkpt lat="37.9002120" lon="127.2042699"><time>2026-09-10T06:07:01Z</time><extensions><accuracy>42.3</accuracy></extensions></trkpt>
<trkpt lat="37.9002106" lon="127.2043173"><time>2026-09-10T06:07:02Z</time><extensions><accuracy>36.1</accuracy></extensions></trkpt>
<trkpt lat="37.9001858" lon="127.2043105"><time>2026-09-10T06:07:03Z</time><extensions><accuracy>51.4</accuracy></extensions></trkpt>
<trkpt lat="37.9002376" lon="127.2043352"><time>2026-09-10T06:07:04Z</time><extensions><accuracy>50.6</accuracy></extensions></trkpt>
<trkpt lat="37.9001837" lon="127.2043437"><time>2026-09-10T06:07:05Z</time><extensions><accuracy>37.5</accuracy></extensions></trkpt>
<trkpt lat="37.9002237" lon="127.2044138"><time>2026-09-10T06:07:06Z</time><extensions><accuracy>50.6</accuracy></extensions></trkpt>
<trkpt lat="37.9002464" lon="127.2044657"><time>2026-09-10T06:07:07Z</time><extensions><accuracy>47.0</accuracy></extensions></trkpt>
<trkpt lat="37.9002267" lon="127.2045024"><time>2026-09-10T06:07:08Z</time><extensions><accuracy>51.3</accuracy></extensions></trkpt>
<trkpt lat="37.9002706" lon="127.2045778"><time>2026-09-10T06:07:09Z</time><extensions><accuracy>42.7</accuracy></extensions></trkpt>
<trkpt lat="37.9003695" lon="127.2045974"><time>2026-09-10T06:07:10Z</time><extensions><accuracy>43.1</accuracy></extensions></trkpt>
<trkpt lat="37.9003504" lon="127.2047065"><time>2026-09-10T06:07:11Z</time><extensions><accuracy>37.9</accuracy></extensions></trkpt>
<trkpt lat="37.9003747" lon="127.2048187"><time>2026-09-10T06:07:12Z</time><extensions><accuracy>54.0</accuracy></extensions></trkpt>
<trkpt lat="37.9004177" lon="127.2048725"><time>2026-09-10T06:07:13Z</time><extensions><accuracy>37.8</accuracy></extensions></trkpt>
<trkpt lat="37.9004843" lon="127.2048516"><time>2026-09-10T06:07:14Z</time><extensions><accuracy>50.7</accuracy></extensions></trkpt>
<trkpt lat="37.9005611" lon="127.2047975"><time>2026-09-10T06:07:15Z</time><extensions><accuracy>39.3</accuracy></extensions></trkpt>
<trkpt lat="37.9005431" lon="127.2047479"><time>2026-09-10T06:07:16Z</time><extensions><accuracy>37.0</accuracy></extensions></trkpt>
<trkpt lat="37.9005489" lon="127.2046690"><time>2026-09-10T06:07:17Z</time><extensions><accuracy>41.7</accuracy></extensions></trkpt>
<trkpt lat="37.9005422" lon="127.2046682"><time>2026-09-10T06:07:18Z</time><extensions><accuracy>42.5</accuracy></extensions></trkpt>
<trkpt lat="37.9005575" lon="127.2046921"><time>2026-09-10T06:07:19Z</time><extensions><accuracy>35.8</accuracy></extensions></trkpt>
<trkpt lat="37.9004934" lon="127.2047303"><time>2026-09-10T06:07:20Z</time><extensions><accuracy>59.6</accuracy></extensions></trkpt>
<trkpt lat="37.9005685" lon="127.2047334"><time>2026-09-10T06:07:21Z</time><extensions><accuracy>56.0</accuracy></extensions></trkpt>
<trkpt lat="37.9005905" lon="127.2047291"><time>2026-09-10T06:07:22Z</time><extensions><accuracy>36.8</accuracy></extensions></trkpt>
<trkpt lat="37.9005988" lon="127.2047835"><time>2026-09-10T06:07:23Z</time><extensions><accuracy>56.6</accuracy></extensions></trkpt>
<trkpt lat="37.9006727" lon="127.2046709"><time>2026-09-10T06:07:24Z</time><extensions><accuracy>56.1</accuracy></extensions></trkpt>
<trkpt lat="37.9006925" lon="127.2046625"><time>2026-09-10T06:07:25Z</time><extensions><accuracy>50.6</accuracy></extensions></trkpt>
<trkpt lat="37.9007115" lon="127.2046474"><time>2026-09-10T06:07:26Z</time><extensions><accuracy>40.6</accuracy></extensions></trkpt>
<trkpt lat="37.9006691" lon="127.2047680"><time>2026-09-10T06:07:27Z</time><extensions><accuracy>51.4</accuracy></extensions></trkpt>
<trkpt lat="37.9006522" lon="127.2047167"><time>2026-09-10T06:07:28Z</time><extensions><accuracy>45.7</accuracy></extensions></trkpt>
<trkpt lat="37.9006616" lon="127.2046963"><time>2026-09-10T06:07:29Z</time><extensions><accuracy>56.9</accuracy></extensions></trkpt>
<trkpt lat="37.9006578" lon="127.2047252"><time>2026-09-10T06:07:30Z</time><extensions><accuracy>8.6</accuracy></extensions></trkpt>
<trkpt lat="37.9006408" lon="127.2047548"><time>2026-09-10T06:07:31Z</time><extensions><accuracy>8.6</accuracy></extensions></trkpt>
<trkpt lat="37.9006317" lon="127.2048094"><time>2026-09-10T06:07:32Z</time><extensions><accuracy>6.5</accuracy></extensions></trkpt>
<trkpt lat="37.9006467" lon="127.2048373"><time>2026-09-10T06:07:33Z</time><extensions><accuracy>9.5</accuracy></extensions></trkpt>
<trkpt lat="37.9006457" lon="127.2048593"><time>2026-09-10T06:07:34Z</time><extensions><accuracy>9.5</accuracy></extensions></trkpt>
<trkpt lat="37.9006547" lon="127.2048713"><time>2026-09-10T06:07:35Z</time><extensions><accuracy>8.8</accuracy></extensions></trkpt>
<trkpt lat="37.9006474" lon="127.2048877"><time>2026-09-10T06:07:36Z</time><extensions><accuracy>7.1</accuracy></extensions></trkpt>
<trkpt lat="37.9006422" lon="127.2048966"><time>2026-09-10T06:07:37Z</time><extensions><accuracy>7.7</accuracy></extensions></trkpt>
<trkpt lat="37.9006371" lon="127.2049233"><time>2026-09-10T06:07:38Z</time><extensions><accuracy>6.5</accuracy></extensions></trkpt>
<trkpt lat="37.9006464" lon="127.2049256"><time>2026-09-10T06:07:39Z</time><extensions><accuracy>6.8</accuracy></extensions></trkpt>
<trkpt lat="37.9006450" lon="127.2049478"><time>2026-09-10T06:07:40Z</time><extensions><accuracy>7.0</accuracy></extensions></trkpt>
<trkpt lat="37.9006406" lon="127.2049838"><time>2026-09-10T06:07:41Z</time><extensions><accuracy>8.0</accuracy></extensions></trkpt>
<trkpt lat="37.9006187" lon="127.2050053"><time>2026-09-10T06:07:42Z</time><extensions><accuracy>7.7</accuracy></extensions></trkpt>
<trkpt lat="37.9006188" lon="127.2050369"><time>2026-09-10T06:07:43Z</time><extensions><accuracy>6.4</accuracy></extensions></trkpt>
<trkpt lat="37.9006173" lon="127.2050928"><time>2026-09-10T06:07:44Z</time><extensions><accuracy>6.8</accuracy></extensions></trkpt>
<trkpt lat="37.9006211" lon="127.2051368"><time>2026-09-10T06:07:45Z</time><extensions><accuracy>9.8</accuracy></extensions></trkpt>
<trkpt lat="37.9005939" lon="127.2051657"><time>2026-09-10T06:07:46Z</time><extensions><accuracy>8.1</accuracy></extensions></trkpt>
<trkpt lat="37.9006080" lon="127.2051956"><time>2026-09-10T06:07:47Z</time><extensions><accuracy>9.8</accuracy></extensions></trkpt>
<trkpt lat="37.9006023" lon="127.2052074"><time>2026-09-10T06:07:48Z</time><extensions><accuracy>8.1</accuracy></extensions></trkpt>
<trkpt lat="37.9006156" lon="127.2052429"><time>2026-09-10T06:07:49Z</time><extensions><accuracy>9.3</accuracy></extensions></trkpt>
<trkpt lat="37.9006217" lon="127.2052763"><time>2026-09-10T06:07:50Z</time><extensions><accuracy>9.3</accuracy></extensions></trkpt>
<trkpt lat="37.9006331" lon="127.2053154"><time>2026-09-10T06:07:51Z</time><extensions><accuracy>8.5</accuracy></extensions></trkpt>
<trkpt lat="37.9006395" lon="127.2053514"><time>2026-09-10T06:07:52Z</time><extensions><accuracy>6.5</accuracy></extensions></trkpt>
<trkpt lat="37.9006302" lon="127.2053621"><time>2026-09-10T06:07:53Z</time><extensions><accuracy>9.1</accuracy></extensions></trkpt>
<trkpt lat="37.9006090" lon="127.2054095"><time>2026-09-10T06:07:54Z</time><extensions><accuracy>8.5</accuracy></extensions></trkpt>
<trkpt lat="37.9006108" lon="127.2054281"><time>2026-09-10T06:07:55Z</time><extensions><accuracy>8.4</accuracy></extensions></trkpt>
<trkpt lat="37.9005916" lon="127.2054324"><time>2026-09-10T06:07:56Z</time><extensions><accuracy>7.0</accuracy></extensions></trkpt>
<trkpt lat="37.9006170" lon="127.2054645"><time>2026-09-10T06:07:57Z</time><extensions><accuracy>8.8</accuracy></extensions></trkpt>
<trkpt lat="37.9006161" lon="127.2054821"><time>2026-09-10T06:07:58Z</time><extensions><accuracy>6.8</accuracy></extensions></trkpt>
<trkpt lat="37.9006235" lon="127.2054889"><time>2026-09-10T06:07:59Z</time><extensions><accuracy>6.2</accuracy></extensions></trkpt>
<trkpt lat="37.9006247" lon="127.2054943"><time>2026-09-10T06:08:00Z</time><extensions><accuracy>8.4</accuracy></extensions></trkpt>
<trkpt lat="37.9006243" lon="127.2055345"><time>2026-09-10T06:08:01Z</time><extensions><accuracy>7.7</accuracy></extensions></trkpt>
<trkpt lat="37.9006288" lon="127.2055839"><time>2026-09-10T06:08:02Z</time><extensions><accuracy>7.0</accuracy></extensions></trkpt>
<trkpt lat="37.9006318" lon="127.2055849"><time>2026-09-10T06:08:03Z</time><extensions><accuracy>7.4</accuracy></extensions></trkpt>
<trkpt lat="37.9006402" lon="127.2055956"><time>2026-09-10T06:08:04Z</time><extensions><accuracy>7.9</accuracy></extensions></trkpt>
<trkpt lat="37.9006571" lon="127.2055999"><time>2026-09-10T06:08:05Z</time><extensions><accuracy>6.0</accuracy></extensions></trkpt>
<trkpt lat="37.9006727" lon="127.2056173"><time>2026-09-10T06:08:06Z</time><extensions><accuracy>9.0</accuracy></extensions></trkpt>
<trkpt lat="37.9006605" lon="127.2056231"><time>2026-09-10T06:08:07Z</time><extensions><accuracy>7.7</accuracy></extensions></trkpt>
<trkpt lat="37.9006679" lon="127.2056128"><time>2026-09-10T06:08:08Z</time><extensions><accuracy>7.1</accuracy></extensions></trkpt>
<trkpt lat="37.9006804" lon="127.2056407"><time>2026-09-10T06:08:09Z</time><extensions><accuracy>7.0</accuracy></extensions></trkpt>
<trkpt lat="37.9006917" lon="127.2057011"><time>2026-09-10T06:08:10Z</time><extensions><accuracy>8.6</accuracy></extensions></trkpt>
<trkpt lat="37.9007052" lon="127.2057176"><time>2026-09-10T06:08:11Z</time><extensions><accuracy>6.4</accuracy></extensions></trkpt>
<trkpt lat="37.9007071" lon="127.2057483"><time>2026-09-10T06:08:12Z</time><extensions><accuracy>9.7</accuracy></extensions></trkpt>
<trkpt lat="37.9007040" lon="127.2058048"><time>2026-09-10T06:08:13Z</time><extensions><accuracy>8.7</accuracy></extensions></trkpt>
<trkpt lat="37.9007089" lon="127.2058439"><time>2026-09-10T06:08:14Z</time><extensions><accuracy>9.3</accuracy></extensions></trkpt>
<trkpt lat="37.9007156" lon="127.2058546"><time>2026-09-10T06:08:15Z</time><extensions><accuracy>8.2</accuracy></extensions></trkpt>
<trkpt lat="37.9007061" lon="127.2058746"><time>2026-09-10T06:08:16Z</time><extensions><accuracy>8.3</accuracy></extensions></trkpt>
<trkpt lat="37.9007021" lon="127.2059027"><time>2026-09-10T06:08:17Z</time><extensions><accuracy>8.2</accuracy></extensions></trkpt>
<trkpt lat="37.9007223" lon="127.2059240"><time>2026-09-10T06:08:18Z</time><extensions><accuracy>7.6</accuracy></extensions></trkpt>
<trkpt lat="37.9007131" lon="127.2059610"><time>2026-09-10T06:08:19Z</time><extensions><accuracy>6.4</accuracy></extensions></trkpt>
<trkpt lat="37.9007298" lon="127.2059893"><time>2026-09-10T06:08:20Z</time><extensions><accuracy>8.7</accuracy></extensions></trkpt>
<trkpt lat="37.9007408" lon="127.2060008"><time>2026-09-10T06:08:21Z</time><extensions><accuracy>7.8</accuracy></extensions></trkpt>
<trkpt lat="37.9007474" lon="127.2060194"><time>2026-09-10T06:08:22Z</time><extensions><accuracy>9.7</accuracy></extensions></trkpt>
<trkpt lat="37.9007374" lon="127.2060367"><time>2026-09-10T06:08:23Z</time><extensions><accuracy>8.0</accuracy></extensions></trkpt>
<trkpt lat="37.9007501" lon="127.2060838"><time>2026-09-10T06:08:24Z</time><extensions><accuracy>9.6</accuracy></extensions></trkpt>
<trkpt lat="37.9007604" lon="127.2060945"><time>2026-09-10T06:08:25Z</time><extensions><accuracy>6.0</accuracy></extensions></trkpt>
<trkpt lat="37.9007776" lon="127.2060804"><time>2026-09-10T06:08:26Z</time><extensions><accuracy>6.1</accuracy></extensions></trkpt>
<trkpt lat="37.9007847" lon="127.2060889"><time>2026-09-10T06:08:27Z</time><extensions><accuracy>8.6</accuracy></extensions></trkpt>
<trkpt lat="37.9007793" lon="127.2060899"><time>2026-09-10T06:08:28Z</time><extensions><accuracy>7.0</accuracy></extensions></trkpt>
<trkpt lat="37.9007784" lon="127.2061221"><time>2026-09-10T06:08:29Z</time><extensions><accuracy>7.1</accuracy></extensions></trkpt>
<trkpt lat="37.9007851" lon="127.2061446"><time>2026-09-10T06:08:30Z</time><extensions><accuracy>7.1</accuracy></extensions></trkpt>
<trkpt lat="37.9007987" lon="127.2061911"><time>2026-09-10T06:08:31Z</time><extensions><accuracy>6.1</accuracy></extensions></trkpt>
<trkpt lat="37.9008047" lon="127.2061915"><time>2026-09-10T06:08:32Z</time><extensions><accuracy>8.3</accuracy></extensions></trkpt>
<trkpt lat="37.9008079" lon="127.2062134"><time>2026-09-10T06:08:33Z</time><extensions><accuracy>9.6</accuracy></extensions></trkpt>
<trkpt lat="37.9008083" lon="127.2062406"><time>2026-09-10T06:08:34Z</time><extensions><accuracy>6.4</accuracy></extensions></trkpt>
<trkpt lat="37.9008088" lon="127.2063040"><time>2026-09-10T06:08:35Z</time><extensions><accuracy>7.2</accuracy></extensions></trkpt>
<trkpt lat="37.9008090" lon="127.2063119"><time>2026-09-10T06:08:36Z</time><extensions><accuracy>9.9</accuracy></extensions></trkpt>
<trkpt lat="37.9008260" lon="127.2063403"><time>2026-09-10T06:08:37Z</time><extensions><accuracy>7.7</accuracy></extensions></trkpt>
<trkpt lat="37.9008110" lon="127.2063564"><time>2026-09-10T06:08:38Z</time><extensions><accuracy>6.6</accuracy></extensions></trkpt>
<trkpt lat="37.9008116" lon="127.2063529"><time>2026-09-10T06:08:39Z</time><extensions><accuracy>7.6</accuracy></extensions></trkpt>
<trkpt lat="37.9008106" lon="127.2063804"><time>2026-09-10T06:08:40Z</time><extensions><accuracy>9.7</accuracy></extensions></trkpt>
<trkpt lat="37.9008083" lon="127.2064030"><time>2026-09-10T06:08:41Z</time><extensions><accuracy>9.6</accuracy></extensions></trkpt>
<trkpt lat="37.9008363" lon="127.2063947"><time>2026-09-10T06:08:42Z</time><extensions><accuracy>8.7</accuracy></extensions></trkpt>
<trkpt lat="37.9008413" lon="127.2064295"><time>2026-09-10T06:08:43Z</time><extensions><accuracy>7.5</accuracy></extensions></trkpt>
<trkpt lat="37.9008522" lon="127.2064842"><time>2026-09-10T06:08:44Z</time><extensions><accuracy>7.2</accuracy></extensions></trkpt>
<trkpt lat="37.9008623" lon="127.2065078"><time>2026-09-10T06:08:45Z</time><extensions><accuracy>8.5</accuracy></extensions></trkpt>
<trkpt lat="37.9008775" lon="127.2065268"><time>2026-09-10T06:08:46Z</time><extensions><accuracy>6.7</accuracy></extensions></trkpt>
<trkpt lat="37.9008833" lon="127.2065578"><time>2026-09-10T06:08:47Z</time><extensions><accuracy>9.2</accuracy></extensions></trkpt>
<trkpt lat="37.9008995" lon="127.2065868"><time>2026-09-10T06:08:48Z</time><extensions><accuracy>9.8</accuracy></extensions></trkpt>
<trkpt lat="37.9008936" lon="127.2066280"><time>2026-09-10T06:08:49Z</time><extensions><accuracy>8.1</accuracy></extensions></trkpt>
<trkpt lat="37.9008992" lon="127.2066599"><time>2026-09-10T06:08:50Z</time><extensions><accuracy>9.4</accuracy></extensions></trkpt>
<trkpt lat="37.9008877" lon="127.2066818"><time>2026-09-10T06:08:51Z</time><extensions><accuracy>7.9</accuracy></extensions></trkpt>
<trkpt lat="37.9008786" lon="127.2067299"><time>2026-09-10T06:08:52Z</time><extensions><accuracy>9.1</accuracy></extensions></trkpt>
<trkpt lat="37.9008958" lon="127.2067506"><time>2026-09-10T06:08:53Z</time><extensions><accuracy>7.8</accuracy></extensions></trkpt>
<trkpt lat="37.9009103" lon="127.2067954"><time>2026-09-10T06:08:54Z</time><extensions><accuracy>8.1</accuracy></extensions></trkpt>
<trkpt lat="37.9009057" lon="127.2068109"><time>2026-09-10T06:08:55Z</time><extensions><accuracy>8.4</accuracy></extensions></trkpt>
<trkpt lat="37.9009080" lon="127.2068483"><time>2026-09-10T06:08:56Z</time><extensions><accuracy>6.5</accuracy></extensions></trkpt>
<trkpt lat="37.9009118" lon="127.2068614"><time>2026-09-10T06:08:57Z</time><extensions><accuracy>8.7</accuracy></extensions></trkpt>
<trkpt lat="37.9009110" lon="127.2068581"><time>2026-09-10T06:08:58Z</time><extensions><accuracy>9.1</accuracy></extensions></trkpt>
<trkpt lat="37.9009337" lon="127.2068472"><time>2026-09-10T06:08:59Z</time><extensions><accuracy>8.1</accuracy></extensions></trkpt>
<trkpt lat="37.9009251" lon="127.2068743"><time>2026-09-10T06:09:00Z</time><extensions><accuracy>8.3</accuracy></extensions></trkpt>
<trkpt lat="37.9009213" lon="127.2068718"><time>2026-09-10T06:09:01Z</time><extensions><accuracy>9.2</accuracy></extensions></trkpt>
<trkpt lat="37.9009199" lon="127.2068862"><time>2026-09-10T06:09:02Z</time><extensions><accuracy>7.2</accuracy></extensions></trkpt>
<trkpt lat="37.9009392" lon="127.2069090"><time>2026-09-10T06:09:03Z</time><extensions><accuracy>8.3</accuracy></extensions></trkpt>
<trkpt lat="37.9009548" lon="127.2069213"><time>2026-09-10T06:09:04Z</time><extensions><accuracy>8.9</accuracy></extensions></trkpt>
<trkpt lat="37.9009593" lon="127.2069449"><time>2026-09-10T06:09:05Z</time><extensions><accuracy>9.5</accuracy></extensions></trkpt>
<trkpt lat="37.9009571" lon="127.2069782"><time>2026-09-10T06:09:06Z</time><extensions><accuracy>8.2</accuracy></extensions></trkpt>
<trkpt lat="37.9009621" lon="127.2069707"><time>2026-09-10T06:09:07Z</time><extensions><accuracy>8.4</accuracy></extensions></trkpt>
<trkpt lat="37.9009525" lon="127.2069831"><time>2026-09-10T06:09:08Z</time><extensions><accuracy>7.3</accuracy></extensions></trkpt>
<trkpt lat="37.9009464" lon="127.2069979"><time>2026-09-10T06:09:09Z</time><extensions><accuracy>8.7</accuracy></extensions></trkpt>
<trkpt lat="37.9009713" lon="127.2070241"><time>2026-09-10T06:09:10Z</time><extensions><accuracy>9.2</accuracy></extensions></trkpt>
<trkpt lat="37.9009823" lon="127.2070664"><time>2026-09-10T06:09:11Z</time><extensions><accuracy>6.7</accuracy></extensions></trkpt>
<trkpt lat="37.9009836" lon="127.2070931"><time>2026-09-10T06:09:12Z</time><extensions><accuracy>7.8</accuracy></extensions></trkpt>
<trkpt lat="37.9009869" lon="127.2071211"><time>2026-09-10T06:09:13Z</time><extensions><accuracy>6.2</accuracy></extensions></trkpt>
<trkpt lat="37.9009941" lon="127.2071557"><time>2026-09-10T06:09:14Z</time><extensions><accuracy>8.8</accuracy></extensions></trkpt>
<trkpt lat="37.9009919" lon="127.2071513"><time>2026-09-10T06:09:15Z</time><extensions><accuracy>7.7</accuracy></extensions></trkpt>
<trkpt lat="37.9009970" lon="127.2071809"><time>2026-09-10T06:09:16Z</time><extensions><accuracy>8.5</accuracy></extensions></trkpt>
<trkpt lat="37.9009887" lon="127.2072196"><time>2026-09-10T06:09:17Z</time><extensions><accuracy>8.2</accuracy></extensions></trkpt>
<trkpt lat="37.9009892" lon="127.2072279"><time>2026-09-10T06:09:18Z</time><extensions><accuracy>6.9</accuracy></extensions></trkpt>
<trkpt lat="37.9010015" lon="127.2072710"><time>2026-09-10T06:09:19Z</time><extensions><accuracy>7.1</accuracy></extensions></trkpt>
<trkpt lat="37.9009850" lon="127.2072841"><time>2026-09-10T06:09:20Z</time><extensions><accuracy>8.0</accuracy></extensions></trkpt>
<trkpt lat="37.9009803" lon="127.2073014"><time>2026-09-10T06:09:21Z</time><extensions><accuracy>6.1</accuracy></extensions></trkpt>
<trkpt lat="37.9009895" lon="127.2073132"><time>2026-09-10T06:09:22Z</time><extensions><accuracy>7.0</accuracy></extensions></trkpt>
<trkpt lat="37.9009889" lon="127.2073379"><time>2026-09-10T06:09:23Z</time><extensions><accuracy>7.6</accuracy></extensions></trkpt>
<trkpt lat="37.9010072" lon="127.2073598"><time>2026-09-10T06:09:24Z</time><extensions><accuracy>7.2</accuracy></extensions></trkpt>
<trkpt lat="37.9010399" lon="127.2073812"><time>2026-09-10T06:09:25Z</time><extensions><accuracy>8.5</accuracy></extensions></trkpt>
<trkpt lat="37.9010478" lon="127.2074011"><time>2026-09-10T06:09:26Z</time><extensions><accuracy>7.3</accuracy></extensions></trkpt>
<trkpt lat="37.9010336" lon="127.2074187"><time>2026-09-10T06:09:27Z</time><extensions><accuracy>6.6</accuracy></extensions></trkpt>
<trkpt lat="37.9010482" lon="127.2074438"><time>2026-09-10T06:09:28Z</time><extensions><accuracy>8.4</accuracy></extensions></trkpt>
<trkpt lat="37.9010365" lon="127.2074812"><time>2026-09-10T06:09:29Z</time><extensions><accuracy>8.0</accuracy></extensions></trkpt>
<trkpt lat="37.9010507" lon="127.2075103"><time>2026-09-10T06:09:30Z</time><extensions><accuracy>9.0</accuracy></extensions></trkpt>
<trkpt lat="37.9010575" lon="127.2075105"><time>2026-09-10T06:09:31Z</time><extensions><accuracy>8.8</accuracy></extensions></trkpt>
<trkpt lat="37.9010593" lon="127.2075179"><time>2026-09-10T06:09:32Z</time><extensions><accuracy>9.9</accuracy></extensions></trkpt>
<trkpt lat="37.9010504" lon="127.2075278"><time>2026-09-10T06:09:33Z</time><extensions><accuracy>9.3</accuracy></extensions></trkpt>
<trkpt lat="37.9010539" lon="127.2075284"><time>2026-09-10T06:09:34Z</time><extensions><accuracy>8.4</accuracy></extensions></trkpt>
<trkpt lat="37.9010597" lon="127.2075380"><time>2026-09-10T06:09:35Z</time><extensions><accuracy>7.8</accuracy></extensions></trkpt>
<trkpt lat="37.9010745" lon="127.2075537"><time>2026-09-10T06:09:36Z</time><extensions><accuracy>9.0</accuracy></extensions></trkpt>
<trkpt lat="37.9010832" lon="127.2075732"><time>2026-09-10T06:09:37Z</time><extensions><accuracy>6.6</accuracy></extensions></trkpt>
<trkpt lat="37.9010963" lon="127.2076025"><time>2026-09-10T06:09:38Z</time><extensions><accuracy>6.8</accuracy></extensions></trkpt>
<trkpt lat="37.9011006" lon="127.2076193"><time>2026-09-10T06:09:39Z</time><extensions><accuracy>7.6</accuracy></extensions></trkpt>
<trkpt lat="37.9011021" lon="127.2076412"><time>2026-09-10T06:09:40Z</time><extensions><accuracy>7.5</accuracy></extensions></trkpt>
<trkpt lat="37.9011148" lon="127.2076858"><time>2026-09-10T06:09:41Z</time><extensions><accuracy>7.7</accuracy></extensions></trkpt>
<trkpt lat="37.9011190" lon="127.2077151"><time>2026-09-10T06:09:42Z</time><extensions><accuracy>7.2</accuracy></extensions></trkpt>
<trkpt lat="37.9011180" lon="127.2077319"><time>2026-09-10T06:09:43Z</time><extensions><accuracy>6.8</accuracy></extensions></trkpt>
<trkpt lat="37.9011189" lon="127.2077598"><time>2026-09-10T06:09:44Z</time><extensions><accuracy>6.2</accuracy></extensions></trkpt>
<trkpt lat="37.9011204" lon="127.2077658"><time>2026-09-10T06:09:45Z</time><extensions><accuracy>8.9</accuracy></extensions></trkpt>
<trkpt lat="37.9011384" lon="127.2077956"><time>2026-09-10T06:09:46Z</time><extensions><accuracy>7.3</accuracy></extensions></trkpt>
<trkpt lat="37.9011066" lon="127.2078066"><time>2026-09-10T06:09:47Z</time><extensions><accuracy>7.0</accuracy></extensions></trkpt>
<trkpt lat="37.9011036" lon="127.2078170"><time>2026-09-10T06:09:48Z</time><extensions><accuracy>7.0</accuracy></extensions></trkpt>
<trkpt lat="37.9010910" lon="127.2078545"><time>2026-09-10T06:09:49Z</time><extensions><accuracy>8.1</accuracy></extensions></trkpt>
<trkpt lat="37.9011139" lon="127.2078841"><time>2026-09-10T06:09:50Z</time><extensions><accuracy>8.1</accuracy></extensions></trkpt>
<trkpt lat="37.9011077" lon="127.2079212"><time>2026-09-10T06:09:51Z</time><extensions><accuracy>7.0</accuracy></extensions></trkpt>
<trkpt lat="37.9011098" lon="127.2079372"><time>2026-09-10T06:09:52Z</time><extensions><accuracy>8.4</accuracy></extensions></trkpt>
<trkpt lat="37.9011024" lon="127.2079496"><time>2026-09-10T06:09:53Z</time><extensions><accuracy>7.5</accuracy></extensions></trkpt>
<trkpt lat="37.9011129" lon="127.2079384"><time>2026-09-10T06:09:54Z</time><extensions><accuracy>7.0</accuracy></extensions></trkpt>
<trkpt lat="37.9011083" lon="127.2079623"><time>2026-09-10T06:09:55Z</time><extensions><accuracy>8.6</accuracy></extensions></trkpt>
<trkpt lat="37.9011124" lon="127.2079757"><time>2026-09-10T06:09:56Z</time><extensions><accuracy>7.9</accuracy></extensions></trkpt>
<trkpt lat="37.9011052" lon="127.2080056"><time>2026-09-10T06:09:57Z</time><extensions><accuracy>7.8</accuracy></extensions></trkpt>
<trkpt lat="37.9011002" lon="127.2080620"><time>2026-09-10T06:09:58Z</time><extensions><accuracy>8.5</accuracy></extensions></trkpt>
<trkpt lat="37.9011014" lon="127.2080908"><time>2026-09-10T06:09:59Z</time><extensions><accuracy>9.4</accuracy></extensions></trkpt>
<trkpt lat="37.9011086" lon="127.2081006"><time>2026-09-10T06:10:00Z</time><extensions><accuracy>6.1</accuracy></extensions></trkpt>
<trkpt lat="37.9011296" lon="127.2081320"><time>2026-09-10T06:10:01Z</time><extensions><accuracy>6.5</accuracy></extensions></trkpt>
<trkpt lat="37.9011401" lon="127.2081493"><time>2026-09-10T06:10:02Z</time><extensions><accuracy>6.8</accuracy></extensions></trkpt>
<trkpt lat="37.9011316" lon="127.2081903"><time>2026-09-10T06:10:03Z</time><extensions><accuracy>8.5</accuracy></extensions></trkpt>
<trkpt lat="37.9011322" lon="127.2082205"><time>2026-09-10T06:10:04Z</time><extensions><accuracy>6.6</accuracy></extensions></trkpt>
<trkpt lat="37.9011015" lon="127.2082262"><time>2026-09-10T06:10:05Z</time><extensions><accuracy>6.3</accuracy></extensions></trkpt>
<trkpt lat="37.9011110" lon="127.2082415"><time>2026-09-10T06:10:06Z</time><extensions><accuracy>6.0</accuracy></extensions></trkpt>
<trkpt lat="37.9011236" lon="127.2082679"><time>2026-09-10T06:10:07Z</time><extensions><accuracy>6.6</accuracy></extensions></trkpt>
<trkpt lat="37.9011130" lon="127.2082919"><time>2026-09-10T06:10:08Z</time><extensions><accuracy>6.3</accuracy></extensions></trkpt>
<trkpt lat="37.9011265" lon="127.2083028"><time>2026-09-10T06:10:09Z</time><extensions><accuracy>6.7</accuracy></extensions></trkpt>
<trkpt lat="37.9011293" lon="127.2083495"><time>2026-09-10T06:10:10Z</time><extensions><accuracy>9.0</accuracy></extensions></trkpt>
<trkpt lat="37.9011320" lon="127.2083633"><time>2026-09-10T06:10:11Z</time><extensions><accuracy>8.8</accuracy></extensions></trkpt>
<trkpt lat="37.9011291" lon="127.2083881"><time>2026-09-10T06:10:12Z</time><extensions><accuracy>9.8</accuracy></extensions></trkpt>
<trkpt lat="37.9011225" lon="127.2084396"><time>2026-09-10T06:10:13Z</time><extensions><accuracy>9.7</accuracy></extensions></trkpt>
<trkpt lat="37.9011367" lon="127.2084687"><time>2026-09-10T06:10:14Z</time><extensions><accuracy>6.8</accuracy></extensions></trkpt>
<trkpt lat="37.9011306" lon="127.2084719"><time>2026-09-10T06:10:15Z</time><extensions><accuracy>8.2</accuracy></extensions></trkpt>
<trkpt lat="37.9011331" lon="127.2084770"><time>2026-09-10T06:10:16Z</time><extensions><accuracy>7.4</accuracy></extensions></trkpt>
<trkpt lat="37.9011256" lon="127.2084934"><time>2026-09-10T06:10:17Z</time><extensions><accuracy>6.6</accuracy></extensions></trkpt>
<trkpt lat="37.9011322" lon="127.2085259"><time>2026-09-10T06:10:18Z</time><extensions><accuracy>8.2</accuracy></extensions></trkpt>
<trkpt lat="37.9011325" lon="127.2085461"><time>2026-09-10T06:10:19Z</time><extensions><accuracy>7.1</accuracy></extensions></trkpt>
<trkpt lat="37.9011155" lon="127.2085858"><time>2026-09-10T06:10:20Z</time><extensions><accuracy>7.7</accuracy></extensions></trkpt>
<trkpt lat="37.9010976" lon="127.2086055"><time>2026-09-10T06:10:21Z</time><extensions><accuracy>6.5</accuracy></extensions></trkpt>
<trkpt lat="37.9011092" lon="127.2086247"><time>2026-09-10T06:10:22Z</time><extensions><accuracy>7.6</accuracy></extensions></trkpt>
<trkpt lat="37.9011089" lon="127.2086579"><time>2026-09-10T06:10:23Z</time><extensions><accuracy>8.0</accuracy></extensions></trkpt>
<trkpt lat="37.9011144" lon="127.2086593"><time>2026-09-10T06:10:24Z</time><extensions><accuracy>6.3</accuracy></extensions></trkpt>
<trkpt lat="37.9011099" lon="127.2086834"><time>2026-09-10T06:10:25Z</time><extensions><accuracy>9.3</accuracy></extensions></trkpt>
<trkpt lat="37.9011257" lon="127.2086989"><time>2026-09-10T06:10:26Z</time><extensions><accuracy>8.6</accuracy></extensions></trkpt>
<trkpt lat="37.9011059" lon="127.2087180"><time>2026-09-10T06:10:27Z</time><extensions><accuracy>7.1</accuracy></extensions></trkpt>
<trkpt lat="37.9010959" lon="127.2087244"><time>2026-09-10T06:10:28Z</time><extensions><accuracy>9.3</accuracy></extensions></trkpt>
<trkpt lat="37.9011004" lon="127.2087500"><time>2026-09-10T06:10:29Z</time><extensions><accuracy>6.1</accuracy></extensions></trkpt>
<trkpt lat="37.9011014" lon="127.2087741"><time>2026-09-10T06:10:30Z</time><extensions><accuracy>7.8</accuracy></extensions></trkpt>
<trkpt lat="37.9010871" lon="127.2087911"><time>2026-09-10T06:10:31Z</time><extensions><accuracy>9.3</accuracy></extensions></trkpt>
<trkpt lat="37.9010926" lon="127.2087916"><time>2026-09-10T06:10:32Z</time><extensions><accuracy>9.9</accuracy></extensions></trkpt>
<trkpt lat="37.9010771" lon="127.2088128"><time>2026-09-10T06:10:33Z</time><extensions><accuracy>8.6</accuracy></extensions></trkpt>
<trkpt lat="37.9010753" lon="127.2088625"><time>2026-09-10T06:10:34Z</time><extensions><accuracy>9.1</accuracy></extensions></trkpt>
<trkpt lat="37.9010548" lon="127.2088798"><time>2026-09-10T06:10:35Z</time><extensions><accuracy>6.6</accuracy></extensions></trkpt>
<trkpt lat="37.9010701" lon="127.2088935"><time>2026-09-10T06:10:36Z</time><extensions><accuracy>6.9</accuracy></extensions></trkpt>
<trkpt lat="37.9010768" lon="127.2089217"><time>2026-09-10T06:10:37Z</time><extensions><accuracy>8.9</accuracy></extensions></trkpt>
<trkpt lat="37.9010613" lon="127.2089288"><time>2026-09-10T06:10:38Z</time><extensions><accuracy>7.0</accuracy></extensions></trkpt>
<trkpt lat="37.9010554" lon="127.2089518"><time>2026-09-10T06:10:39Z</time><extensions><accuracy>8.3</accuracy></extensions></trkpt>
<trkpt lat="37.9010554" lon="127.2089487"><time>2026-09-10T06:10:40Z</time><extensions><accuracy>8.0</accuracy></extensions></trkpt>
<trkpt lat="37.9010558" lon="127.2089632"><time>2026-09-10T06:10:41Z</time><extensions><accuracy>7.4</accuracy></extensions></trkpt>
<trkpt lat="37.9010716" lon="127.2089946"><time>2026-09-10T06:10:42Z</time><extensions><accuracy>7.0</accuracy></extensions></trkpt>
<trkpt lat="37.9010636" lon="127.2090197"><time>2026-09-10T06:10:43Z</time><extensions><accuracy>8.4</accuracy></extensions></trkpt>
<trkpt lat="37.9010517" lon="127.2090519"><time>2026-09-10T06:10:44Z</time><extensions><accuracy>9.1</accuracy></extensions></trkpt>
<trkpt lat="37.9010664" lon="127.2090733"><time>2026-09-10T06:10:45Z</time><extensions><accuracy>8.2</accuracy></extensions></trkpt>
<trkpt lat="37.9010718" lon="127.2090869"><time>2026-09-10T06:10:46Z</time><extensions><accuracy>7.8</accuracy></extensions></trkpt>
<trkpt lat="37.9010729" lon="127.2091201"><time>2026-09-10T06:10:47Z</time><extensions><accuracy>9.2</accuracy></extensions></trkpt>
<trkpt lat="37.9010679" lon="127.2091408"><time>2026-09-10T06:10:48Z</time><extensions><accuracy>8.2</accuracy></extensions></trkpt>
<trkpt lat="37.9010853" lon="127.2091659"><time>2026-09-10T06:10:49Z</time><extensions><accuracy>7.1</accuracy></extensions></trkpt>
<trkpt lat="37.9010761" lon="127.2091998"><time>2026-09-10T06:10:50Z</time><extensions><accuracy>8.8</accuracy></extensions></trkpt>
<trkpt lat="37.9010900" lon="127.2092479"><time>2026-09-10T06:10:51Z</time><extensions><accuracy>7.1</accuracy></extensions></trkpt>
<trkpt lat="37.9010890" lon="127.2092850"><time>2026-09-10T06:10:52Z</time><extensions><accuracy>8.7</accuracy></extensions></trkpt>
<trkpt lat="37.9011061" lon="127.2093153"><time>2026-09-10T06:10:53Z</time><extensions><accuracy>8.2</accuracy></extensions></trkpt>
<trkpt lat="37.9011030" lon="127.2093229"><time>2026-09-10T06:10:54Z</time><extensions><accuracy>10.0</accuracy></extensions></trkpt>
<trkpt lat="37.9010906" lon="127.2093412"><time>2026-09-10T06:10:55Z</time><extensions><accuracy>6.5</accuracy></extensions></trkpt>
<trkpt lat="37.9010997" lon="127.2093567"><time>2026-09-10T06:10:56Z</time><extensions><accuracy>8.8</accuracy></extensions></trkpt>
<trkpt lat="37.9011153" lon="127.2093767"><time>2026-09-10T06:10:57Z</time><extensions><accuracy>6.4</accuracy></extensions></trkpt>
<trkpt lat="37.9010973" lon="127.2093816"><time>2026-09-10T06:10:58Z</time><extensions><accuracy>9.6</accuracy></extensions></trkpt>
<trkpt lat="37.9010969" lon="127.2093860"><time>2026-09-10T06:10:59Z</time><extensions><accuracy>8.4</accuracy></extensions></trkpt>
<trkpt lat="37.9010990" lon="127.2093728"><time>2026-09-10T06:11:00Z</time><extensions><accuracy>9.8</accuracy></extensions></trkpt>
<trkpt lat="37.9011028" lon="127.2094090"><time>2026-09-10T06:11:01Z</time><extensions><accuracy>7.7</accuracy></extensions></trkpt>
<trkpt lat="37.9010881" lon="127.2094278"><time>2026-09-10T06:11:02Z</time><extensions><accuracy>7.8</accuracy></extensions></trkpt>
<trkpt lat="37.9011014" lon="127.2094511"><time>2026-09-10T06:11:03Z</time><extensions><accuracy>7.9</accuracy></extensions></trkpt>
<trkpt lat="37.9010866" lon="127.2094739"><time>2026-09-10T06:11:04Z</time><extensions><accuracy>6.0</accuracy></extensions></trkpt>
<trkpt lat="37.9010882" lon="127.2094909"><time>2026-09-10T06:11:05Z</time><extensions><accuracy>7.0</accuracy></extensions></trkpt>
<trkpt lat="37.9010639" lon="127.2095293"><time>2026-09-10T06:11:06Z</time><extensions><accuracy>9.6</accuracy></extensions></trkpt>
<trkpt lat="37.9010656" lon="127.2095456"><time>2026-09-10T06:11:07Z</time><extensions><accuracy>8.5</accuracy></extensions></trkpt>
<trkpt lat="37.9010748" lon="127.2095712"><time>2026-09-10T06:11:08Z</time><extensions><accuracy>9.5</accuracy></extensions></trkpt>
<trkpt lat="37.9010894" lon="127.2096219"><time>2026-09-10T06:11:09Z</time><extensions><accuracy>8.3</accuracy></extensions></trkpt>
<trkpt lat="37.9011071" lon="127.2096336"><time>2026-09-10T06:11:10Z</time><extensions><accuracy>9.5</accuracy></extensions></trkpt>
<trkpt lat="37.9011048" lon="127.2096550"><time>2026-09-10T06:11:11Z</time><extensions><accuracy>7.6</accuracy></extensions></trkpt>
<trkpt lat="37.9010879" lon="127.2096721"><time>2026-09-10T06:11:12Z</time><extensions><accuracy>6.4</accuracy></extensions></trkpt>
<trkpt lat="37.9010924" lon="127.2096977"><time>2026-09-10T06:11:13Z</time><extensions><accuracy>7.2</accuracy></extensions></trkpt>
<trkpt lat="37.9010763" lon="127.2097451"><time>2026-09-10T06:11:14Z</time><extensions><accuracy>7.3</accuracy></extensions></trkpt>
<trkpt lat="37.9010917" lon="127.2097529"><time>2026-09-10T06:11:15Z</time><extensions><accuracy>8.8</accuracy></extensions></trkpt>
<trkpt lat="37.9010930" lon="127.2097674"><time>2026-09-10T06:11:16Z</time><extensions><accuracy>8.8</accuracy></extensions></trkpt>
<trkpt lat="37.9010794" lon="127.2097824"><time>2026-09-10T06:11:17Z</time><extensions><accuracy>9.0</accuracy></extensions></trkpt>
<trkpt lat="37.9010599" lon="127.2098165"><time>2026-09-10T06:11:18Z</time><extensions><accuracy>8.0</accuracy></extensions></trkpt>
<trkpt lat="37.9010696" lon="127.2098676"><time>2026-09-10T06:11:19Z</time><extensions><accuracy>9.2</accuracy></extensions></trkpt>
<trkpt lat="37.9010892" lon="127.2099004"><time>2026-09-10T06:11:20Z</time><extensions><accuracy>8.2</accuracy></extensions></trkpt>
<trkpt lat="37.9010785" lon="127.2099292"><time>2026-09-10T06:11:21Z</time><extensions><accuracy>9.5</accuracy></extensions></trkpt>
<trkpt lat="37.9010838" lon="127.2099680"><time>2026-09-10T06:11:22Z</time><extensions><accuracy>7.1</accuracy></extensions></trkpt>
<trkpt lat="37.9010746" lon="127.2099724"><time>2026-09-10T06:11:23Z</time><extensions><accuracy>7.7</accuracy></extensions></trkpt>
<trkpt lat="37.9010767" lon="127.2099793"><time>2026-09-10T06:11:24Z</time><extensions><accuracy>6.8</accuracy></extensions></trkpt>
<trkpt lat="37.9010831" lon="127.2100203"><time>2026-09-10T06:11:25Z</time><extensions><accuracy>7.6</accuracy></extensions></trkpt>
<trkpt lat="37.9010872" lon="127.2100167"><time>2026-09-10T06:11:26Z</time><extensions><accuracy>8.7</accuracy></extensions></trkpt>
<trkpt lat="37.9010718" lon="127.2100345"><time>2026-09-10T06:11:27Z</time><extensions><accuracy>7.4</accuracy></extensions></trkpt>
<trkpt lat="37.9010900" lon="127.2100596"><time>2026-09-10T06:11:28Z</time><extensions><accuracy>7.6</accuracy></extensions></trkpt>
<trkpt lat="37.9010641" lon="127.2100883"><time>2026-09-10T06:11:29Z</time><extensions><accuracy>9.6</accuracy></extensions></trkpt>
<trkpt lat="37.9010545" lon="127.2101042"><time>2026-09-10T06:11:30Z</time><extensions><accuracy>6.2</accuracy></extensions></trkpt>
<trkpt lat="37.9010437" lon="127.2101451"><time>2026-09-10T06:11:31Z</time><extensions><accuracy>8.6</accuracy></extensions></trkpt>
<trkpt lat="37.9010420" lon="127.2101819"><time>2026-09-10T06:11:32Z</time><extensions><accuracy>6.8</accuracy></extensions></trkpt>
<trkpt lat="37.9010196" lon="127.2102207"><time>2026-09-10T06:11:33Z</time><extensions><accuracy>7.7</accuracy></extensions></trkpt>
<trkpt lat="37.9010160" lon="127.2102388"><time>2026-09-10T06:11:34Z</time><extensions><accuracy>8.1</accuracy></extensions></trkpt>
<trkpt lat="37.9010191" lon="127.2102378"><time>2026-09-10T06:11:35Z</time><extensions><accuracy>8.1</accuracy></extensions></trkpt>
<trkpt lat="37.9010118" lon="127.2102522"><time>2026-09-10T06:11:36Z</time><extensions><accuracy>9.8</accuracy></extensions></trkpt>
<trkpt lat="37.9010432" lon="127.2102699"><time>2026-09-10T06:11:37Z</time><extensions><accuracy>9.5</accuracy></extensions></trkpt>
<trkpt lat="37.9010403" lon="127.2102852"><time>2026-09-10T06:11:38Z</time><extensions><accuracy>6.5</accuracy></extensions></trkpt>
<trkpt lat="37.9010442" lon="127.2102798"><time>2026-09-10T06:11:39Z</time><extensions><accuracy>7.1</accuracy></extensions></trkpt>
<trkpt lat="37.9010383" lon="127.2103191"><time>2026-09-10T06:11:40Z</time><extensions><accuracy>8.4</accuracy></extensions></trkpt>
<trkpt lat="37.9010374" lon="127.2103523"><time>2026-09-10T06:11:41Z</time><extensions><accuracy>7.2</accuracy></extensions></trkpt>
<trkpt lat="37.9010436" lon="127.2103716"><time>2026-09-10T06:11:42Z</time><extensions><accuracy>9.8</accuracy></extensions></trkpt>
<trkpt lat="37.9010427" lon="127.2103719"><time>2026-09-10T06:11:43Z</time><extensions><accuracy>9.4</accuracy></extensions></trkpt>
<trkpt lat="37.9010215" lon="127.2103910"><time>2026-09-10T06:11:44Z</time><extensions><accuracy>7.0</accuracy></extensions></trkpt>
<trkpt lat="37.9010250" lon="127.2104134"><time>2026-09-10T06:11:45Z</time><extensions><accuracy>8.8</accuracy></extensions></trkpt>
<trkpt lat="37.9010166" lon="127.2104485"><time>2026-09-10T06:11:46Z</time><extensions><accuracy>7.3</accuracy></extensions></trkpt>
<trkpt lat="37.9010372" lon="127.2104668"><time>2026-09-10T06:11:47Z</time><extensions><accuracy>9.9</accuracy></extensions></trkpt>
<trkpt lat="37.9010392" lon="127.2104633"><time>2026-09-10T06:11:48Z</time><extensions><accuracy>8.6</accuracy></extensions></trkpt>
<trkpt lat="37.9010151" lon="127.2104592"><time>2026-09-10T06:11:49Z</time><extensions><accuracy>6.9</accuracy></extensions></trkpt>
<trkpt lat="37.9010043" lon="127.2104902"><time>2026-09-10T06:11:50Z</time><extensions><accuracy>6.7</accuracy></extensions></trkpt>
<trkpt lat="37.9009981" lon="127.2105179"><time>2026-09-10T06:11:51Z</time><extensions><accuracy>9.4</accuracy></extensions></trkpt>
<trkpt lat="37.9009894" lon="127.2105293"><time>2026-09-10T06:11:52Z</time><extensions><accuracy>7.5</accuracy></extensions></trkpt>
<trkpt lat="37.9009932" lon="127.2105448"><time>2026-09-10T06:11:53Z</time><extensions><accuracy>6.1</accuracy></extensions></trkpt>
<trkpt lat="37.9009811" lon="127.2105562"><time>2026-09-10T06:11:54Z</time><extensions><accuracy>6.1</accuracy></extensions></trkpt>
<trkpt lat="37.9009832" lon="127.2105848"><time>2026-09-10T06:11:55Z</time><extensions><accuracy>8.4</accuracy></extensions></trkpt>
<trkpt lat="37.9009814" lon="127.2106113"><time>2026-09-10T06:11:56Z</time><extensions><accuracy>8.9</accuracy></extensions></trkpt>
<trkpt lat="37.9009921" lon="127.2106457"><time>2026-09-10T06:11:57Z</time><extensions><accuracy>8.2</accuracy></extensions></trkpt>
<trkpt lat="37.9009929" lon="127.2106858"><time>2026-09-10T06:11:58Z</time><extensions><accuracy>8.8</accuracy></extensions></trkpt>
<trkpt lat="37.9009891" lon="127.2107302"><time>2026-09-10T06:11:59Z</time><extensions><accuracy>8.9</accuracy></extensions></trkpt>
<trkpt lat="37.9009855" lon="127.2107438"><time>2026-09-10T06:12:00Z</time><extensions><accuracy>6.2</accuracy></extensions></trkpt>
<trkpt lat="37.9010037" lon="127.2107669"><time>2026-09-10T06:12:01Z</time><extensions><accuracy>7.7</accuracy></extensions></trkpt>
<trkpt lat="37.9010046" lon="127.2107772"><time>2026-09-10T06:12:02Z</time><extensions><accuracy>6.7</accuracy></extensions></trkpt>
<trkpt lat="37.9010007" lon="127.2108104"><time>2026-09-10T06:12:03Z</time><extensions><accuracy>8.0</accuracy></extensions></trkpt>
<trkpt lat="37.9009921" lon="127.2108405"><time>2026-09-10T06:12:04Z</time><extensions><accuracy>9.9</accuracy></extensions></trkpt>
<trkpt lat="37.9009988" lon="127.2108731"><time>2026-09-10T06:12:05Z</time><extensions><accuracy>9.2</accuracy></extensions></trkpt>
<trkpt lat="37.9010272" lon="127.2109048"><time>2026-09-10T06:12:06Z</time><extensions><accuracy>6.5</accuracy></extensions></trkpt>
<trkpt lat="37.9010189" lon="127.2109207"><time>2026-09-10T06:12:07Z</time><extensions><accuracy>8.0</accuracy></extensions></trkpt>
<trkpt lat="37.9010346" lon="127.2109534"><time>2026-09-10T06:12:08Z</time><extensions><accuracy>7.5</accuracy></extensions></trkpt>
<trkpt lat="37.9010558" lon="127.2109621"><time>2026-09-10T06:12:09Z</time><extensions><accuracy>6.0</accuracy></extensions></trkpt>
<trkpt lat="37.9010474" lon="127.2109936"><time>2026-09-10T06:12:10Z</time><extensions><accuracy>6.8</accuracy></extensions></trkpt>
<trkpt lat="37.9010272" lon="127.2110186"><time>2026-09-10T06:12:11Z</time><extensions><accuracy>6.1</accuracy></extensions></trkpt>
<trkpt lat="37.9010145" lon="127.2110417"><time>2026-09-10T06:12:12Z</time><extensions><accuracy>9.5</accuracy></extensions></trkpt>
<trkpt lat="37.9010107" lon="127.2110669"><time>2026-09-10T06:12:13Z</time><extensions><accuracy>7.7</accuracy></extensions></trkpt>
<trkpt lat="37.9010076" lon="127.2110836"><time>2026-09-10T06:12:14Z</time><extensions><accuracy>7.6</accuracy></extensions></trkpt>
<trkpt lat="37.9010216" lon="127.2110674"><time>2026-09-10T06:12:15Z</time><extensions><accuracy>9.9</accuracy></extensions></trkpt>
<trkpt lat="37.9010082" lon="127.2111141"><time>2026-09-10T06:12:16Z</time><extensions><accuracy>8.4</accuracy></extensions></trkpt>
<trkpt lat="37.9009812" lon="127.2111330"><time>2026-09-10T06:12:17Z</time><extensions><accuracy>6.6</accuracy></extensions></trkpt>
<trkpt lat="37.9009770" lon="127.2111469"><time>2026-09-10T06:12:18Z</time><extensions><accuracy>8.1</accuracy></extensions></trkpt>
<trkpt lat="37.9009779" lon="127.2111805"><time>2026-09-10T06:12:19Z</time><extensions><accuracy>9.4</accuracy></extensions></trkpt>
<trkpt lat="37.9009776" lon="127.2111995"><time>2026-09-10T06:12:20Z</time><extensions><accuracy>8.4</accuracy></extensions></trkpt>
<trkpt lat="37.9009733" lon="127.2112116"><time>2026-09-10T06:12:21Z</time><extensions><accuracy>7.1</accuracy></extensions></trkpt>
<trkpt lat="37.9009823" lon="127.2112741"><time>2026-09-10T06:12:22Z</time><extensions><accuracy>7.6</accuracy></extensions></trkpt>
<trkpt lat="37.9009499" lon="127.2113267"><time>2026-09-10T06:12:23Z</time><extensions><accuracy>9.1</accuracy></extensions></trkpt>
<trkpt lat="37.9009432" lon="127.2113513"><time>2026-09-10T06:12:24Z</time><extensions><accuracy>9.5</accuracy></extensions></trkpt>
<trkpt lat="37.9009326" lon="127.2113622"><time>2026-09-10T06:12:25Z</time><extensions><accuracy>8.9</accuracy></extensions></trkpt>
<trkpt lat="37.9009222" lon="127.2114142"><time>2026-09-10T06:12:26Z</time><extensions><accuracy>6.0</accuracy></extensions></trkpt>
<trkpt lat="37.9009095" lon="127.2114134"><time>2026-09-10T06:12:27Z</time><extensions><accuracy>8.7</accuracy></extensions></trkpt>
<trkpt lat="37.9009149" lon="127.2114217"><time>2026-09-10T06:12:28Z</time><extensions><accuracy>7.1</accuracy></extensions></trkpt>
<trkpt lat="37.9008975" lon="127.2114280"><time>2026-09-10T06:12:29Z</time><extensions><accuracy>9.7</accuracy></extensions></trkpt>
<trkpt lat="37.9009114" lon="127.2114461"><time>2026-09-10T06:12:30Z</time><extensions><accuracy>9.5</accuracy></extensions></trkpt>
<trkpt lat="37.9008983" lon="127.2114735"><time>2026-09-10T06:12:31Z</time><extensions><accuracy>9.8</accuracy></extensions></trkpt>
<trkpt lat="37.9008776" lon="127.2115162"><time>2026-09-10T06:12:32Z</time><extensions><accuracy>7.0</accuracy></extensions></trkpt>
<trkpt lat="37.9008741" lon="127.2115419"><time>2026-09-10T06:12:33Z</time><extensions><accuracy>7.3</accuracy></extensions></trkpt>
<trkpt lat="37.9008812" lon="127.2115551"><time>2026-09-10T06:12:34Z</time><extensions><accuracy>8.9</accuracy></extensions></trkpt>
<trkpt lat="37.9008786" lon="127.2115472"><time>2026-09-10T06:12:35Z</time><extensions><accuracy>6.6</accuracy></extensions></trkpt>
<trkpt lat="37.9008634" lon="127.2115707"><time>2026-09-10T06:12:36Z</time><extensions><accuracy>7.6</accuracy></extensions></trkpt>
<trkpt lat="37.9008458" lon="127.2115643"><time>2026-09-10T06:12:37Z</time><extensions><accuracy>8.1</accuracy></extensions></trkpt>
<trkpt lat="37.9008574" lon="127.2115822"><time>2026-09-10T06:12:38Z</time><extensions><accuracy>7.3</accuracy></extensions></trkpt>
<trkpt lat="37.9008577" lon="127.2115960"><time>2026-09-10T06:12:39Z</time><extensions><accuracy>7.8</accuracy></extensions></trkpt>
<trkpt lat="37.9008713" lon="127.2116046"><time>2026-09-10T06:12:40Z</time><extensions><accuracy>8.2</accuracy></extensions></trkpt>
<trkpt lat="37.9008498" lon="127.2116244"><time>2026-09-10T06:12:41Z</time><extensions><accuracy>9.4</accuracy></extensions></trkpt>
<trkpt lat="37.9008459" lon="127.2116848"><time>2026-09-10T06:12:42Z</time><extensions><accuracy>9.1</accuracy></extensions></trkpt>
<trkpt lat="37.9008259" lon="127.2117078"><time>2026-09-10T06:12:43Z</time><extensions><accuracy>9.2</accuracy></extensions></trkpt>
<trkpt lat="37.9008307" lon="127.2117303"><time>2026-09-10T06:12:44Z</time><extensions><accuracy>9.8</accuracy></extensions></trkpt>
<trkpt lat="37.9008426" lon="127.2117582"><time>2026-09-10T06:12:45Z</time><extensions><accuracy>9.5</accuracy></extensions></trkpt>
<trkpt lat="37.9008372" lon="127.2117838"><time>2026-09-10T06:12:46Z</time><extensions><accuracy>7.2</accuracy></extensions></trkpt>
<trkpt lat="37.9008207" lon="127.2118201"><time>2026-09-10T06:12:47Z</time><extensions><accuracy>7.1</accuracy></extensions></trkpt>
<trkpt lat="37.9008103" lon="127.2118353"><time>2026-09-10T06:12:48Z</time><extensions><accuracy>9.3</accuracy></extensions></trkpt>
<trkpt lat="37.9008128" lon="127.2118510"><time>2026-09-10T06:12:49Z</time><extensions><accuracy>8.1</accuracy></extensions></trkpt>
<trkpt lat="37.9008093" lon="127.2118835"><time>2026-09-10T06:12:50Z</time><extensions><accuracy>8.8</accuracy></extensions></trkpt>
<trkpt lat="37.9008108" lon="127.2118882"><time>2026-09-10T06:12:51Z</time><extensions><accuracy>8.2</accuracy></extensions></trkpt>
<trkpt lat="37.9008071" lon="127.2118858"><time>2026-09-10T06:12:52Z</time><extensions><accuracy>6.8</accuracy></extensions></trkpt>
<trkpt lat="37.9007974" lon="127.2118811"><time>2026-09-10T06:12:53Z</time><extensions><accuracy>8.9</accuracy></extensions></trkpt>
<trkpt lat="37.9007896" lon="127.2118942"><time>2026-09-10T06:12:54Z</time><extensions><accuracy>8.5</accuracy></extensions></trkpt>
<trkpt lat="37.9007925" lon="127.2118848"><time>2026-09-10T06:12:55Z</time><extensions><accuracy>8.3</accuracy></extensions></trkpt>
<trkpt lat="37.9007973" lon="127.2118772"><time>2026-09-10T06:12:56Z</time><extensions><accuracy>9.9</accuracy></extensions></trkpt>
<trkpt lat="37.9007951" lon="127.2119049"><time>2026-09-10T06:12:57Z</time><extensions><accuracy>9.6</accuracy></extensions></trkpt>
<trkpt lat="37.9008101" lon="127.2118821"><time>2026-09-10T06:12:58Z</time><extensions><accuracy>6.9</accuracy></extensions></trkpt>
<trkpt lat="37.9008016" lon="127.2118606"><time>2026-09-10T06:12:59Z</time><extensions><accuracy>8.2</accuracy></extensions></trkpt>
<trkpt lat="37.9007919" lon="127.2118827"><time>2026-09-10T06:13:00Z</time><extensions><accuracy>8.5</accuracy></extensions></trkpt>
<trkpt lat="37.9007708" lon="127.2118764"><time>2026-09-10T06:13:01Z</time><extensions><accuracy>9.6</accuracy></extensions></trkpt>
<trkpt lat="37.9007563" lon="127.2118836"><time>2026-09-10T06:13:02Z</time><extensions><accuracy>7.4</accuracy></extensions></trkpt>
<trkpt lat="37.9007635" lon="127.2118590"><time>2026-09-10T06:13:03Z</time><extensions><accuracy>7.3</accuracy></extensions></trkpt>
<trkpt lat="37.9007467" lon="127.2118774"><time>2026-09-10T06:13:04Z</time><extensions><accuracy>6.8</accuracy></extensions></trkpt>
<trkpt lat="37.9007694" lon="127.2118835"><time>2026-09-10T06:13:05Z</time><extensions><accuracy>8.1</accuracy></extensions></trkpt>
<trkpt lat="37.9007473" lon="127.2118896"><time>2026-09-10T06:13:06Z</time><extensions><accuracy>6.7</accuracy></extensions></trkpt>
<trkpt lat="37.9007500" lon="127.2118866"><time>2026-09-10T06:13:07Z</time><extensions><accuracy>9.1</accuracy></extensions></trkpt>
<trkpt lat="37.9007764" lon="127.2119129"><time>2026-09-10T06:13:08Z</time><extensions><accuracy>7.0</accuracy></extensions></trkpt>
<trkpt lat="37.9007872" lon="127.2119304"><time>2026-09-10T06:13:09Z</time><extensions><accuracy>6.9</accuracy></extensions></trkpt>
<trkpt lat="37.9007851" lon="127.2119109"><time>2026-09-10T06:13:10Z</time><extensions><accuracy>9.1</accuracy></extensions></trkpt>
<trkpt lat="37.9007835" lon="127.2119072"><time>2026-09-10T06:13:11Z</time><extensions><accuracy>9.6</accuracy></extensions></trkpt>
<trkpt lat="37.9008203" lon="127.2119079"><time>2026-09-10T06:13:12Z</time><extensions><accuracy>9.3</accuracy></extensions></trkpt>
<trkpt lat="37.9008137" lon="127.2118992"><time>2026-09-10T06:13:13Z</time><extensions><accuracy>8.3</accuracy></extensions></trkpt>
<trkpt lat="37.9008036" lon="127.2119126"><time>2026-09-10T06:13:14Z</time><extensions><accuracy>9.4</accuracy></extensions></trkpt>
<trkpt lat="37.9007937" lon="127.2118869"><time>2026-09-10T06:13:15Z</time><extensions><accuracy>6.2</accuracy></extensions></trkpt>
<trkpt lat="37.9007993" lon="127.2118694"><time>2026-09-10T06:13:16Z</time><extensions><accuracy>8.5</accuracy></extensions></trkpt>
<trkpt lat="37.9008031" lon="127.2118622"><time>2026-09-10T06:13:17Z</time><extensions><accuracy>8.2</accuracy></extensions></trkpt>
<trkpt lat="37.9008092" lon="127.2118412"><time>2026-09-10T06:13:18Z</time><extensions><accuracy>7.6</accuracy></extensions></trkpt>
<trkpt lat="37.9008067" lon="127.2118222"><time>2026-09-10T06:13:19Z</time><extensions><accuracy>9.6</accuracy></extensions></trkpt>
<trkpt lat="37.9008094" lon="127.2118496"><time>2026-09-10T06:13:20Z</time><extensions><accuracy>8.5</accuracy></extensions></trkpt>
<trkpt lat="37.9008103" lon="127.2118650"><time>2026-09-10T06:13:21Z</time><extensions><accuracy>9.3</accuracy></extensions></trkpt>
<trkpt lat="37.9008095" lon="127.2118603"><time>2026-09-10T06:13:22Z</time><extensions><accuracy>7.7</accuracy></extensions></trkpt>
<trkpt lat="37.9008263" lon="127.2118502"><time>2026-09-10T06:13:23Z</time><extensions><accuracy>6.5</accuracy></extensions></trkpt>
<trkpt lat="37.9008256" lon="127.2118529"><time>2026-09-10T06:13:24Z</time><extensions><accuracy>7.6</accuracy></extensions></trkpt>
<trkpt lat="37.9008281" lon="127.2118506"><time>2026-09-10T06:13:25Z</time><extensions><accuracy>6.6</accuracy></extensions></trkpt>
<trkpt lat="37.9008355" lon="127.2118754"><time>2026-09-10T06:13:26Z</time><extensions><accuracy>9.4</accuracy></extensions></trkpt>
<trkpt lat="37.9008285" lon="127.2118524"><time>2026-09-10T06:13:27Z</time><extensions><accuracy>6.9</accuracy></extensions></trkpt>
<trkpt lat="37.9008279" lon="127.2118705"><time>2026-09-10T06:13:28Z</time><extensions><accuracy>8.1</accuracy></extensions></trkpt>
<trkpt lat="37.9008390" lon="127.2118683"><time>2026-09-10T06:13:29Z</time><extensions><accuracy>7.0</accuracy></extensions></trkpt>
<trkpt lat="37.9008320" lon="127.2118827"><time>2026-09-10T06:13:30Z</time><extensions><accuracy>8.3</accuracy></extensions></trkpt>
<trkpt lat="37.9008466" lon="127.2118654"><time>2026-09-10T06:13:31Z</time><extensions><accuracy>9.6</accuracy></extensions></trkpt>
<trkpt lat="37.9008464" lon="127.2118661"><time>2026-09-10T06:13:32Z</time><extensions><accuracy>9.8</accuracy></extensions></trkpt>
<trkpt lat="37.9008622" lon="127.2118817"><time>2026-09-10T06:13:33Z</time><extensions><accuracy>7.2</accuracy></extensions></trkpt>
<trkpt lat="37.9008612" lon="127.2118728"><time>2026-09-10T06:13:34Z</time><extensions><accuracy>6.6</accuracy></extensions></trkpt>
<trkpt lat="37.9008476" lon="127.2119002"><time>2026-09-10T06:13:35Z</time><extensions><accuracy>6.8</accuracy></extensions></trkpt>
<trkpt lat="37.9008527" lon="127.2119224"><time>2026-09-10T06:13:36Z</time><extensions><accuracy>7.0</accuracy></extensions></trkpt>
<trkpt lat="37.9008335" lon="127.2119337"><time>2026-09-10T06:13:37Z</time><extensions><accuracy>7.0</accuracy></extensions></trkpt>
<trkpt lat="37.9008182" lon="127.2119536"><time>2026-09-10T06:13:38Z</time><extensions><accuracy>8.8</accuracy></extensions></trkpt>
<trkpt lat="37.9008157" lon="127.2119646"><time>2026-09-10T06:13:39Z</time><extensions><accuracy>6.5</accuracy></extensions></trkpt>
<trkpt lat="37.9007846" lon="127.2119684"><time>2026-09-10T06:13:40Z</time><extensions><accuracy>7.0</accuracy></extensions></trkpt>
<trkpt lat="37.9007743" lon="127.2120011"><time>2026-09-10T06:13:41Z</time><extensions><accuracy>7.4</accuracy></extensions></trkpt>
<trkpt lat="37.9007814" lon="127.2120119"><time>2026-09-10T06:13:42Z</time><extensions><accuracy>7.8</accuracy></extensions></trkpt>
<trkpt lat="37.9007711" lon="127.2120446"><time>2026-09-10T06:13:43Z</time><extensions><accuracy>8.2</accuracy></extensions></trkpt>
<trkpt lat="37.9007732" lon="127.2120360"><time>2026-09-10T06:13:44Z</time><extensions><accuracy>7.8</accuracy></extensions></trkpt>
<trkpt lat="37.9007721" lon="127.2120901"><time>2026-09-10T06:13:45Z</time><extensions><accuracy>9.3</accuracy></extensions></trkpt>
<trkpt lat="37.9007594" lon="127.2121244"><time>2026-09-10T06:13:46Z</time><extensions><accuracy>7.2</accuracy></extensions></trkpt>
<trkpt lat="37.9007259" lon="127.2121402"><time>2026-09-10T06:13:47Z</time><extensions><accuracy>6.4</accuracy></extensions></trkpt>
<trkpt lat="37.9007320" lon="127.2121568"><time>2026-09-10T06:13:48Z</time><extensions><accuracy>6.5</accuracy></extensions></trkpt>
<trkpt lat="37.9007214" lon="127.2121749"><time>2026-09-10T06:13:49Z</time><extensions><accuracy>7.0</accuracy></extensions></trkpt>
<trkpt lat="37.9007165" lon="127.2121828"><time>2026-09-10T06:13:50Z</time><extensions><accuracy>7.3</accuracy></extensions></trkpt>
<trkpt lat="37.9007070" lon="127.2122266"><time>2026-09-10T06:13:51Z</time><extensions><accuracy>9.0</accuracy></extensions></trkpt>
<trkpt lat="37.9006904" lon="127.2122385"><time>2026-09-10T06:13:52Z</time><extensions><accuracy>8.9</accuracy></extensions></trkpt>
<trkpt lat="37.9006961" lon="127.2122686"><time>2026-09-10T06:13:53Z</time><extensions><accuracy>6.9</accuracy></extensions></trkpt>
<trkpt lat="37.9006934" lon="127.2122821"><time>2026-09-10T06:13:54Z</time><extensions><accuracy>7.4</accuracy></extensions></trkpt>
<trkpt lat="37.9006804" lon="127.2123172"><time>2026-09-10T06:13:55Z</time><extensions><accuracy>6.3</accuracy></extensions></trkpt>
<trkpt lat="37.9006689" lon="127.2123279"><time>2026-09-10T06:13:56Z</time><extensions><accuracy>9.0</accuracy></extensions></trkpt>
<trkpt lat="37.9006607" lon="127.2123412"><time>2026-09-10T06:13:57Z</time><extensions><accuracy>6.3</accuracy></extensions></trkpt>
<trkpt lat="37.9006382" lon="127.2123392"><time>2026-09-10T06:13:58Z</time><extensions><accuracy>9.1</accuracy></extensions></trkpt>
<trkpt lat="37.9006182" lon="127.2123651"><time>2026-09-10T06:13:59Z</time><extensions><accuracy>7.8</accuracy></extensions></trkpt>
<trkpt lat="37.9006232" lon="127.2123703"><time>2026-09-10T06:14:00Z</time><extensions><accuracy>6.4</accuracy></extensions></trkpt>
<trkpt lat="37.9006270" lon="127.2123964"><time>2026-09-10T06:14:01Z</time><extensions><accuracy>8.8</accuracy></extensions></trkpt>
<trkpt lat="37.9006169" lon="127.2124298"><time>2026-09-10T06:14:02Z</time><extensions><accuracy>6.6</accuracy></extensions></trkpt>
<trkpt lat="37.9005978" lon="127.2124537"><time>2026-09-10T06:14:03Z</time><extensions><accuracy>9.7</accuracy></extensions></trkpt>
<trkpt lat="37.9005898" lon="127.2124767"><time>2026-09-10T06:14:04Z</time><extensions><accuracy>7.7</accuracy></extensions></trkpt>
<trkpt lat="37.9005780" lon="127.2124975"><time>2026-09-10T06:14:05Z</time><extensions><accuracy>8.7</accuracy></extensions></trkpt>
<trkpt lat="37.9005970" lon="127.2125212"><time>2026-09-10T06:14:06Z</time><extensions><accuracy>9.0</accuracy></extensions></trkpt>
<trkpt lat="37.9005985" lon="127.2125266"><time>2026-09-10T06:14:07Z</time><extensions><accuracy>8.2</accuracy></extensions></trkpt>
<trkpt lat="37.9005848" lon="127.2125483"><time>2026-09-10T06:14:08Z</time><extensions><accuracy>6.5</accuracy></extensions></trkpt>
<trkpt lat="37.9005964" lon="127.2125700"><time>2026-09-10T06:14:09Z</time><extensions><accuracy>8.2</accuracy></extensions></trkpt>
<trkpt lat="37.9005803" lon="127.2125854"><time>2026-09-10T06:14:10Z</time><extensions><accuracy>9.2</accuracy></extensions></trkpt>
<trkpt lat="37.9005512" lon="127.2126291"><time>2026-09-10T06:14:11Z</time><extensions><accuracy>8.7</accuracy></extensions></trkpt>
<trkpt lat="37.9005277" lon="127.2126588"><time>2026-09-10T06:14:12Z</time><extensions><accuracy>9.6</accuracy></extensions></trkpt>
<trkpt lat="37.9005385" lon="127.2126686"><time>2026-09-10T06:14:13Z</time><extensions><accuracy>7.0</accuracy></extensions></trkpt>
<trkpt lat="37.9005266" lon="127.2126771"><time>2026-09-10T06:14:14Z</time><extensions><accuracy>6.0</accuracy></extensions></trkpt>
<trkpt lat="37.9005294" lon="127.2127059"><time>2026-09-10T06:14:15Z</time><extensions><accuracy>8.6</accuracy></extensions></trkpt>
<trkpt lat="37.9005119" lon="127.2127181"><time>2026-09-10T06:14:16Z</time><extensions><accuracy>9.8</accuracy></extensions></trkpt>
<trkpt lat="37.9005115" lon="127.2127432"><time>2026-09-10T06:14:17Z</time><extensions><accuracy>8.7</accuracy></extensions></trkpt>
<trkpt lat="37.9004984" lon="127.2127755"><time>2026-09-10T06:14:18Z</time><extensions><accuracy>7.6</accuracy></extensions></trkpt>
<trkpt lat="37.9005014" lon="127.2128004"><time>2026-09-10T06:14:19Z</time><extensions><accuracy>8.2</accuracy></extensions></trkpt>
<trkpt lat="37.9004956" lon="127.2127990"><time>2026-09-10T06:14:20Z</time><extensions><accuracy>9.3</accuracy></extensions></trkpt>
<trkpt lat="37.9004873" lon="127.2128136"><time>2026-09-10T06:14:21Z</time><extensions><accuracy>6.2</accuracy></extensions></trkpt>
<trkpt lat="37.9004809" lon="127.2128763"><time>2026-09-10T06:14:22Z</time><extensions><accuracy>6.8</accuracy></extensions></trkpt>
<trkpt lat="37.9004732" lon="127.2129003"><time>2026-09-10T06:14:23Z</time><extensions><accuracy>7.4</accuracy></extensions></trkpt>
<trkpt lat="37.9004699" lon="127.2129054"><time>2026-09-10T06:14:24Z</time><extensions><accuracy>7.7</accuracy></extensions></trkpt>
<trkpt lat="37.9004688" lon="127.2129294"><time>2026-09-10T06:14:25Z</time><extensions><accuracy>7.7</accuracy></extensions></trkpt>
<trkpt lat="37.9004733" lon="127.2129236"><time>2026-09-10T06:14:26Z</time><extensions><accuracy>6.4</accuracy></extensions></trkpt>
<trkpt lat="37.9004562" lon="127.2129368"><time>2026-09-10T06:14:27Z</time><extensions><accuracy>7.9</accuracy></extensions></trkpt>
<trkpt lat="37.9004513" lon="127.2129697"><time>2026-09-10T06:14:28Z</time><extensions><accuracy>8.8</accuracy></extensions></trkpt>
<trkpt lat="37.9004241" lon="127.2130268"><time>2026-09-10T06:14:29Z</time><extensions><accuracy>8.9</accuracy></extensions></trkpt>
<trkpt lat="37.9004312" lon="127.2130441"><time>2026-09-10T06:14:30Z</time><extensions><accuracy>7.9</accuracy></extensions></trkpt>
<trkpt lat="37.9004300" lon="127.2130753"><time>2026-09-10T06:14:31Z</time><extensions><accuracy>9.5</accuracy></extensions></trkpt>
<trkpt lat="37.9004245" lon="127.2130905"><time>2026-09-10T06:14:32Z</time><extensions><accuracy>8.2</accuracy></extensions></trkpt>
<trkpt lat="37.9004328" lon="127.2131185"><time>2026-09-10T06:14:33Z</time><extensions><accuracy>8.9</accuracy></extensions></trkpt>
<trkpt lat="37.9004233" lon="127.2131328"><time>2026-09-10T06:14:34Z</time><extensions><accuracy>9.8</accuracy></extensions></trkpt>
<trkpt lat="37.9003918" lon="127.2131549"><time>2026-09-10T06:14:35Z</time><extensions><accuracy>7.1</accuracy></extensions></trkpt>
<trkpt lat="37.9003854" lon="127.2131952"><time>2026-09-10T06:14:36Z</time><extensions><accuracy>7.7</accuracy></extensions></trkpt>
<trkpt lat="37.9003941" lon="127.2132088"><time>2026-09-10T06:14:37Z</time><extensions><accuracy>8.9</accuracy></extensions></trkpt>
<trkpt lat="37.9003919" lon="127.2132184"><time>2026-09-10T06:14:38Z</time><extensions><accuracy>9.1</accuracy></extensions></trkpt>
<trkpt lat="37.9003906" lon="127.2132169"><time>2026-09-10T06:14:39Z</time><extensions><accuracy>6.1</accuracy></extensions></trkpt>
<trkpt lat="37.9003854" lon="127.2132283"><time>2026-09-10T06:14:40Z</time><extensions><accuracy>9.5</accuracy></extensions></trkpt>
<trkpt lat="37.9003853" lon="127.2132316"><time>2026-09-10T06:14:41Z</time><extensions><accuracy>7.1</accuracy></extensions></trkpt>
<trkpt lat="37.9003780" lon="127.2132489"><time>2026-09-10T06:14:42Z</time><extensions><accuracy>9.1</accuracy></extensions></trkpt>
<trkpt lat="37.9003762" lon="127.2132722"><time>2026-09-10T06:14:43Z</time><extensions><accuracy>7.0</accuracy></extensions></trkpt>
<trkpt lat="37.9003736" lon="127.2132858"><time>2026-09-10T06:14:44Z</time><extensions><accuracy>7.6</accuracy></extensions></trkpt>
<trkpt lat="37.9003391" lon="127.2133204"><time>2026-09-10T06:14:45Z</time><extensions><accuracy>8.0</accuracy></extensions></trkpt>
<trkpt lat="37.9003265" lon="127.2133416"><time>2026-09-10T06:14:46Z</time><extensions><accuracy>8.7</accuracy></extensions></trkpt>
<trkpt lat="37.9003433" lon="127.2133907"><time>2026-09-10T06:14:47Z</time><extensions><accuracy>7.1</accuracy></extensions></trkpt>
<trkpt lat="37.9003350" lon="127.2134104"><time>2026-09-10T06:14:48Z</time><extensions><accuracy>7.2</accuracy></extensions></trkpt>
<trkpt lat="37.9003146" lon="127.2134174"><time>2026-09-10T06:14:49Z</time><extensions><accuracy>6.6</accuracy></extensions></trkpt>
<trkpt lat="37.9003042" lon="127.2134253"><time>2026-09-10T06:14:50Z</time><extensions><accuracy>8.3</accuracy></extensions></trkpt>
<trkpt lat="37.9002689" lon="127.2134223"><time>2026-09-10T06:14:51Z</time><extensions><accuracy>8.4</accuracy></extensions></trkpt>
<trkpt lat="37.9002629" lon="127.2134509"><time>2026-09-10T06:14:52Z</time><extensions><accuracy>7.7</accuracy></extensions></trkpt>
<trkpt lat="37.9002584" lon="127.2134579"><time>2026-09-10T06:14:53Z</time><extensions><accuracy>8.8</accuracy></extensions></trkpt>
<trkpt lat="37.9002604" lon="127.2134709"><time>2026-09-10T06:14:54Z</time><extensions><accuracy>9.3</accuracy></extensions></trkpt>
<trkpt lat="37.9002595" lon="127.2134850"><time>2026-09-10T06:14:55Z</time><extensions><accuracy>6.4</accuracy></extensions></trkpt>
<trkpt lat="37.9002400" lon="127.2135145"><time>2026-09-10T06:14:56Z</time><extensions><accuracy>10.0</accuracy></extensions></trkpt>
<trkpt lat="37.9002410" lon="127.2135393"><time>2026-09-10T06:14:57Z</time><extensions><accuracy>7.8</accuracy></extensions></trkpt>
<trkpt lat="37.9002265" lon="127.2135584"><time>2026-09-10T06:14:58Z</time><extensions><accuracy>6.4</accuracy></extensions></trkpt>
<trkpt lat="37.9001933" lon="127.2135692"><time>2026-09-10T06:14:59Z</time><extensions><accuracy>8.4</accuracy></extensions></trkpt>
<trkpt lat="37.9001708" lon="127.2135712"><time>2026-09-10T06:15:00Z</time><extensions><accuracy>9.3</accuracy></extensions></trkpt>
<trkpt lat="37.9001699" lon="127.2135726"><time>2026-09-10T06:15:01Z</time><extensions><accuracy>7.6</accuracy></extensions></trkpt>
<trkpt lat="37.9001743" lon="127.2135781"><time>2026-09-10T06:15:02Z</time><extensions><accuracy>9.3</accuracy></extensions></trkpt>
<trkpt lat="37.9001923" lon="127.2136021"><time>2026-09-10T06:15:03Z</time><extensions><accuracy>9.6</accuracy></extensions></trkpt>
<trkpt lat="37.9001748" lon="127.2136228"><time>2026-09-10T06:15:04Z</time><extensions><accuracy>7.9</accuracy></extensions></trkpt>
<trkpt lat="37.9001559" lon="127.2136390"><time>2026-09-10T06:15:05Z</time><extensions><accuracy>7.3</accuracy></extensions></trkpt>
<trkpt lat="37.9001437" lon="127.2136670"><time>2026-09-10T06:15:06Z</time><extensions><accuracy>6.0</accuracy></extensions></trkpt>
<trkpt lat="37.9001504" lon="127.2136999"><time>2026-09-10T06:15:07Z</time><extensions><accuracy>10.0</accuracy></extensions></trkpt>
<trkpt lat="37.9001595" lon="127.2137195"><time>2026-09-10T06:15:08Z</time><extensions><accuracy>9.1</accuracy></extensions></trkpt>
<trkpt lat="37.9001318" lon="127.2137187"><time>2026-09-10T06:15:09Z</time><extensions><accuracy>8.9</accuracy></extensions></trkpt>
<trkpt lat="37.9000934" lon="127.2137380"><time>2026-09-10T06:15:10Z</time><extensions><accuracy>9.4</accuracy></extensions></trkpt>
<trkpt lat="37.9000777" lon="127.2137650"><time>2026-09-10T06:15:11Z</time><extensions><accuracy>8.3</accuracy></extensions></trkpt>
<trkpt lat="37.9000611" lon="127.2137811"><time>2026-09-10T06:15:12Z</time><extensions><accuracy>8.5</accuracy></extensions></trkpt>
<trkpt lat="37.9000341" lon="127.2138156"><time>2026-09-10T06:15:13Z</time><extensions><accuracy>7.9</accuracy></extensions></trkpt>
<trkpt lat="37.9000397" lon="127.2138425"><time>2026-09-10T06:15:14Z</time><extensions><accuracy>6.5</accuracy></extensions></trkpt>
<trkpt lat="37.9000446" lon="127.2138646"><time>2026-09-10T06:15:15Z</time><extensions><accuracy>8.2</accuracy></extensions></trkpt>
<trkpt lat="37.9000436" lon="127.2139065"><time>2026-09-10T06:15:16Z</time><extensions><accuracy>6.5</accuracy></extensions></trkpt>
<trkpt lat="37.9000387" lon="127.2139400"><time>2026-09-10T06:15:17Z</time><extensions><accuracy>6.1</accuracy></extensions></trkpt>
<trkpt lat="37.9000330" lon="127.2139402"><time>2026-09-10T06:15:18Z</time><extensions><accuracy>9.3</accuracy></extensions></trkpt>
<trkpt lat="37.9000293" lon="127.2139415"><time>2026-09-10T06:15:19Z</time><extensions><accuracy>8.0</accuracy></extensions></trkpt>
<trkpt lat="37.9000149" lon="127.2139629"><time>2026-09-10T06:15:20Z</time><extensions><accuracy>9.1</accuracy></extensions></trkpt>
<trkpt lat="37.9000093" lon="127.2139994"><time>2026-09-10T06:15:21Z</time><extensions><accuracy>9.7</accuracy></extensions></trkpt>
<trkpt lat="37.8999896" lon="127.2140175"><time>2026-09-10T06:15:22Z</time><extensions><accuracy>8.7</accuracy></extensions></trkpt>
<trkpt lat="37.8999767" lon="127.2140372"><time>2026-09-10T06:15:23Z</time><extensions><accuracy>6.2</accuracy></extensions></trkpt>
<trkpt lat="37.8999642" lon="127.2140566"><time>2026-09-10T06:15:24Z</time><extensions><accuracy>8.2</accuracy></extensions></trkpt>
<trkpt lat="37.8999473" lon="127.2140778"><time>2026-09-10T06:15:25Z</time><extensions><accuracy>7.4</accuracy></extensions></trkpt>
<trkpt lat="37.8999380" lon="127.2141005"><time>2026-09-10T06:15:26Z</time><extensions><accuracy>9.8</accuracy></extensions></trkpt>
<trkpt lat="37.8999409" lon="127.2141234"><time>2026-09-10T06:15:27Z</time><extensions><accuracy>6.1</accuracy></extensions></trkpt>
<trkpt lat="37.8999079" lon="127.2141502"><time>2026-09-10T06:15:28Z</time><extensions><accuracy>6.1</accuracy></extensions></trkpt>
<trkpt lat="37.8998962" lon="127.2141496"><time>2026-09-10T06:15:29Z</time><extensions><accuracy>7.0</accuracy></extensions></trkpt>
<trkpt lat="37.8998866" lon="127.2141679"><time>2026-09-10T06:15:30Z</time><extensions><accuracy>6.7</accuracy></extensions></trkpt>
<trkpt lat="37.8998835" lon="127.2141894"><time>2026-09-10T06:15:31Z</time><extensions><accuracy>7.8</accuracy></extensions></trkpt>
<trkpt lat="37.8998705" lon="127.2142130"><time>2026-09-10T06:15:32Z</time><extensions><accuracy>7.8</accuracy></extensions></trkpt>
<trkpt lat="37.8998567" lon="127.2142654"><time>2026-09-10T06:15:33Z</time><extensions><accuracy>6.6</accuracy></extensions></trkpt>
<trkpt lat="37.8998481" lon="127.2142834"><time>2026-09-10T06:15:34Z</time><extensions><accuracy>9.9</accuracy></extensions></trkpt>
<trkpt lat="37.8998466" lon="127.2142915"><time>2026-09-10T06:15:35Z</time><extensions><accuracy>7.9</accuracy></extensions></trkpt>
<trkpt lat="37.8998305" lon="127.2143123"><time>2026-09-10T06:15:36Z</time><extensions><accuracy>10.0</accuracy></extensions></trkpt>
<trkpt lat="37.8998196" lon="127.2143448"><time>2026-09-10T06:15:37Z</time><extensions><accuracy>6.3</accuracy></extensions></trkpt>
<trkpt lat="37.8997982" lon="127.2143745"><time>2026-09-10T06:15:38Z</time><extensions><accuracy>7.2</accuracy></extensions></trkpt>
<trkpt lat="37.8997950" lon="127.2143915"><time>2026-09-10T06:15:39Z</time><extensions><accuracy>8.0</accuracy></extensions></trkpt>
<trkpt lat="37.8997924" lon="127.2144180"><time>2026-09-10T06:15:40Z</time><extensions><accuracy>9.4</accuracy></extensions></trkpt>
<trkpt lat="37.8997976" lon="127.2144289"><time>2026-09-10T06:15:41Z</time><extensions><accuracy>8.8</accuracy></extensions></trkpt>
<trkpt lat="37.8997735" lon="127.2144257"><time>2026-09-10T06:15:42Z</time><extensions><accuracy>9.0</accuracy></extensions></trkpt>
<trkpt lat="37.8997680" lon="127.2144580"><time>2026-09-10T06:15:43Z</time><extensions><accuracy>7.9</accuracy></extensions></trkpt>
<trkpt lat="37.8997679" lon="127.2144877"><time>2026-09-10T06:15:44Z</time><extensions><accuracy>8.5</accuracy></extensions></trkpt>
<trkpt lat="37.8997492" lon="127.2145124"><time>2026-09-10T06:15:45Z</time><extensions><accuracy>7.8</accuracy></extensions></trkpt>
<trkpt lat="37.8997188" lon="127.2145566"><time>2026-09-10T06:15:46Z</time><extensions><accuracy>7.5</accuracy></extensions></trkpt>
<trkpt lat="37.8997099" lon="127.2145686"><time>2026-09-10T06:15:47Z</time><extensions><accuracy>7.3</accuracy></extensions></trkpt>
<trkpt lat="37.8997068" lon="127.2145649"><time>2026-09-10T06:15:48Z</time><extensions><accuracy>7.2</accuracy></extensions></trkpt>
<trkpt lat="37.8997133" lon="127.2145668"><time>2026-09-10T06:15:49Z</time><extensions><accuracy>8.7</accuracy></extensions></trkpt>
<trkpt lat="37.8997090" lon="127.2145733"><time>2026-09-10T06:15:50Z</time><extensions><accuracy>9.8</accuracy></extensions></trkpt>
<trkpt lat="37.8997153" lon="127.2145905"><time>2026-09-10T06:15:51Z</time><extensions><accuracy>8.5</accuracy></extensions></trkpt>
<trkpt lat="37.8997014" lon="127.2145756"><time>2026-09-10T06:15:52Z</time><extensions><accuracy>9.6</accuracy></extensions></trkpt>
<trkpt lat="37.8996924" lon="127.2145813"><time>2026-09-10T06:15:53Z</time><extensions><accuracy>8.3</accuracy></extensions></trkpt>
<trkpt lat="37.8996870" lon="127.2146018"><time>2026-09-10T06:15:54Z</time><extensions><accuracy>7.1</accuracy></extensions></trkpt>
<trkpt lat="37.8996917" lon="127.2146330"><time>2026-09-10T06:15:55Z</time><extensions><accuracy>9.1</accuracy></extensions></trkpt>
<trkpt lat="37.8996966" lon="127.2146176"><time>2026-09-10T06:15:56Z</time><extensions><accuracy>7.1</accuracy></extensions></trkpt>
<trkpt lat="37.8996695" lon="127.2146252"><time>2026-09-10T06:15:57Z</time><extensions><accuracy>6.2</accuracy></extensions></trkpt>
<trkpt lat="37.8996710" lon="127.2146453"><time>2026-09-10T06:15:58Z</time><extensions><accuracy>7.8</accuracy></extensions></trkpt>
<trkpt lat="37.8996523" lon="127.2146617"><time>2026-09-10T06:15:59Z</time><extensions><accuracy>8.8</accuracy></extensions></trkpt>
<trkpt lat="37.8996474" lon="127.2146807"><time>2026-09-10T06:16:00Z</time><extensions><accuracy>8.2</accuracy></extensions></trkpt>
<trkpt lat="37.8996245" lon="127.2146998"><time>2026-09-10T06:16:01Z</time><extensions><accuracy>7.3</accuracy></extensions></trkpt>
<trkpt lat="37.8996176" lon="127.2147145"><time>2026-09-10T06:16:02Z</time><extensions><accuracy>7.0</accuracy></extensions></trkpt>
<trkpt lat="37.8996056" lon="127.2147195"><time>2026-09-10T06:16:03Z</time><extensions><accuracy>6.6</accuracy></extensions></trkpt>
<trkpt lat="37.8996014" lon="127.2147236"><time>2026-09-10T06:16:04Z</time><extensions><accuracy>9.4</accuracy></extensions></trkpt>
<trkpt lat="37.8995756" lon="127.2147584"><time>2026-09-10T06:16:05Z</time><extensions><accuracy>8.5</accuracy></extensions></trkpt>
<trkpt lat="37.8995565" lon="127.2147664"><time>2026-09-10T06:16:06Z</time><extensions><accuracy>9.9</accuracy></extensions></trkpt>
<trkpt lat="37.8995642" lon="127.2147854"><time>2026-09-10T06:16:07Z</time><extensions><accuracy>9.7</accuracy></extensions></trkpt>
<trkpt lat="37.8995544" lon="127.2148235"><time>2026-09-10T06:16:08Z</time><extensions><accuracy>9.8</accuracy></extensions></trkpt>
<trkpt lat="37.8995209" lon="127.2148612"><time>2026-09-10T06:16:09Z</time><extensions><accuracy>6.4</accuracy></extensions></trkpt>
<trkpt lat="37.8995123" lon="127.2148848"><time>2026-09-10T06:16:10Z</time><extensions><accuracy>6.3</accuracy></extensions></trkpt>
<trkpt lat="37.8995056" lon="127.2149355"><time>2026-09-10T06:16:11Z</time><extensions><accuracy>6.6</accuracy></extensions></trkpt>
<trkpt lat="37.8994738" lon="127.2149473"><time>2026-09-10T06:16:12Z</time><extensions><accuracy>8.4</accuracy></extensions></trkpt>
<trkpt lat="37.8994734" lon="127.2149593"><time>2026-09-10T06:16:13Z</time><extensions><accuracy>8.6</accuracy></extensions></trkpt>
<trkpt lat="37.8994704" lon="127.2149667"><time>2026-09-10T06:16:14Z</time><extensions><accuracy>8.1</accuracy></extensions></trkpt>
<trkpt lat="37.8994499" lon="127.2149922"><time>2026-09-10T06:16:15Z</time><extensions><accuracy>9.7</accuracy></extensions></trkpt>
<trkpt lat="37.8994465" lon="127.2150154"><time>2026-09-10T06:16:16Z</time><extensions><accuracy>7.6</accuracy></extensions></trkpt>
<trkpt lat="37.8994434" lon="127.2150144"><time>2026-09-10T06:16:17Z</time><extensions><accuracy>8.8</accuracy></extensions></trkpt>
<trkpt lat="37.8994175" lon="127.2150185"><time>2026-09-10T06:16:18Z</time><extensions><accuracy>6.2</accuracy></extensions></trkpt>
<trkpt lat="37.8994060" lon="127.2150389"><time>2026-09-10T06:16:19Z</time><extensions><accuracy>8.5</accuracy></extensions></trkpt>
<trkpt lat="37.8993942" lon="127.2150806"><time>2026-09-10T06:16:20Z</time><extensions><accuracy>8.1</accuracy></extensions></trkpt>
<trkpt lat="37.8994003" lon="127.2151041"><time>2026-09-10T06:16:21Z</time><extensions><accuracy>9.4</accuracy></extensions></trkpt>
<trkpt lat="37.8993769" lon="127.2151243"><time>2026-09-10T06:16:22Z</time><extensions><accuracy>7.8</accuracy></extensions></trkpt>
<trkpt lat="37.8993876" lon="127.2151563"><time>2026-09-10T06:16:23Z</time><extensions><accuracy>9.5</accuracy></extensions></trkpt>
<trkpt lat="37.8993469" lon="127.2151844"><time>2026-09-10T06:16:24Z</time><extensions><accuracy>9.7</accuracy></extensions></trkpt>
<trkpt lat="37.8993298" lon="127.2151802"><time>2026-09-10T06:16:25Z</time><extensions><accuracy>9.2</accuracy></extensions></trkpt>
<trkpt lat="37.8993011" lon="127.2151814"><time>2026-09-10T06:16:26Z</time><extensions><accuracy>8.9</accuracy></extensions></trkpt>
<trkpt lat="37.8992829" lon="127.2152001"><time>2026-09-10T06:16:27Z</time><extensions><accuracy>6.9</accuracy></extensions></trkpt>
<trkpt lat="37.8992687" lon="127.2151948"><time>2026-09-10T06:16:28Z</time><extensions><accuracy>6.0</accuracy></extensions></trkpt>
<trkpt lat="37.8992657" lon="127.2151881"><time>2026-09-10T06:16:29Z</time><extensions><accuracy>7.0</accuracy></extensions></trkpt>
<trkpt lat="37.8992471" lon="127.2151974"><time>2026-09-10T06:16:30Z</time><extensions><accuracy>9.1</accuracy></extensions></trkpt>
<trkpt lat="37.8992364" lon="127.2152309"><time>2026-09-10T06:16:31Z</time><extensions><accuracy>8.6</accuracy></extensions></trkpt>
<trkpt lat="37.8992039" lon="127.2152442"><time>2026-09-10T06:16:32Z</time><extensions><accuracy>9.3</accuracy></extensions></trkpt>
<trkpt lat="37.8991838" lon="127.2152627"><time>2026-09-10T06:16:33Z</time><extensions><accuracy>9.3</accuracy></extensions></trkpt>
<trkpt lat="37.8991704" lon="127.2152789"><time>2026-09-10T06:16:34Z</time><extensions><accuracy>7.1</accuracy></extensions></trkpt>
<trkpt lat="37.8991618" lon="127.2152995"><time>2026-09-10T06:16:35Z</time><extensions><accuracy>9.3</accuracy></extensions></trkpt>
<trkpt lat="37.8991469" lon="127.2153245"><time>2026-09-10T06:16:36Z</time><extensions><accuracy>6.6</accuracy></extensions></trkpt>
<trkpt lat="37.8991340" lon="127.2153472"><time>2026-09-10T06:16:37Z</time><extensions><accuracy>8.5</accuracy></extensions></trkpt>
<trkpt lat="37.8991117" lon="127.2153602"><time>2026-09-10T06:16:38Z</time><extensions><accuracy>7.9</accuracy></extensions></trkpt>
<trkpt lat="37.8990726" lon="127.2153624"><time>2026-09-10T06:16:39Z</time><extensions><accuracy>7.5</accuracy></extensions></trkpt>
<trkpt lat="37.8990621" lon="127.2153626"><time>2026-09-10T06:16:40Z</time><extensions><accuracy>7.4</accuracy></extensions></trkpt>
<trkpt lat="37.8990389" lon="127.2153934"><time>2026-09-10T06:16:41Z</time><extensions><accuracy>8.8</accuracy></extensions></trkpt>
<trkpt lat="37.8990277" lon="127.2153852"><time>2026-09-10T06:16:42Z</time><extensions><accuracy>10.0</accuracy></extensions></trkpt>
<trkpt lat="37.8990142" lon="127.2153808"><time>2026-09-10T06:16:43Z</time><extensions><accuracy>6.2</accuracy></extensions></trkpt>
<trkpt lat="37.8990102" lon="127.2153713"><time>2026-09-10T06:16:44Z</time><extensions><accuracy>6.6</accuracy></extensions></trkpt>
<trkpt lat="37.8989970" lon="127.2153940"><time>2026-09-10T06:16:45Z</time><extensions><accuracy>9.7</accuracy></extensions></trkpt>
<trkpt lat="37.8990032" lon="127.2154129"><time>2026-09-10T06:16:46Z</time><extensions><accuracy>6.8</accuracy></extensions></trkpt>
<trkpt lat="37.8989857" lon="127.2154428"><time>2026-09-10T06:16:47Z</time><extensions><accuracy>9.9</accuracy></extensions></trkpt>
<trkpt lat="37.8989792" lon="127.2154462"><time>2026-09-10T06:16:48Z</time><extensions><accuracy>6.5</accuracy></extensions></trkpt>
<trkpt lat="37.8989778" lon="127.2154432"><time>2026-09-10T06:16:49Z</time><extensions><accuracy>7.1</accuracy></extensions></trkpt>
<trkpt lat="37.8989678" lon="127.2154538"><time>2026-09-10T06:16:50Z</time><extensions><accuracy>8.3</accuracy></extensions></trkpt>
<trkpt lat="37.8989449" lon="127.2154633"><time>2026-09-10T06:16:51Z</time><extensions><accuracy>8.8</accuracy></extensions></trkpt>
<trkpt lat="37.8989318" lon="127.2154838"><time>2026-09-10T06:16:52Z</time><extensions><accuracy>7.3</accuracy></extensions></trkpt>
<trkpt lat="37.8989091" lon="127.2155049"><time>2026-09-10T06:16:53Z</time><extensions><accuracy>7.8</accuracy></extensions></trkpt>
<trkpt lat="37.8988904" lon="127.2155113"><time>2026-09-10T06:16:54Z</time><extensions><accuracy>8.0</accuracy></extensions></trkpt>
<trkpt lat="37.8988916" lon="127.2155470"><time>2026-09-10T06:16:55Z</time><extensions><accuracy>10.0</accuracy></extensions></trkpt>
<trkpt lat="37.8988847" lon="127.2155557"><time>2026-09-10T06:16:56Z</time><extensions><accuracy>9.0</accuracy></extensions></trkpt>
<trkpt lat="37.8988717" lon="127.2155542"><time>2026-09-10T06:16:57Z</time><extensions><accuracy>7.0</accuracy></extensions></trkpt>
<trkpt lat="37.8988680" lon="127.2155585"><time>2026-09-10T06:16:58Z</time><extensions><accuracy>7.3</accuracy></extensions></trkpt>
<trkpt lat="37.8988512" lon="127.2155794"><time>2026-09-10T06:16:59Z</time><extensions><accuracy>7.0</accuracy></extensions></trkpt>
<trkpt lat="37.8988599" lon="127.2155933"><time>2026-09-10T06:17:00Z</time><extensions><accuracy>9.0</accuracy></extensions></trkpt>
<trkpt lat="37.8988722" lon="127.2156316"><time>2026-09-10T06:17:01Z</time><extensions><accuracy>8.3</accuracy></extensions></trkpt>
<trkpt lat="37.8988696" lon="127.2156289"><time>2026-09-10T06:17:02Z</time><extensions><accuracy>9.5</accuracy></extensions></trkpt>
<trkpt lat="37.8988524" lon="127.2156622"><time>2026-09-10T06:17:03Z</time><extensions><accuracy>6.3</accuracy></extensions></trkpt>
<trkpt lat="37.8988464" lon="127.2157082"><time>2026-09-10T06:17:04Z</time><extensions><accuracy>8.4</accuracy></extensions></trkpt>
<trkpt lat="37.8988306" lon="127.2156947"><time>2026-09-10T06:17:05Z</time><extensions><accuracy>8.0</accuracy></extensions></trkpt>
<trkpt lat="37.8988238" lon="127.2157295"><time>2026-09-10T06:17:06Z</time><extensions><accuracy>7.0</accuracy></extensions></trkpt>
<trkpt lat="37.8988145" lon="127.2157463"><time>2026-09-10T06:17:07Z</time><extensions><accuracy>6.5</accuracy></extensions></trkpt>
<trkpt lat="37.8988080" lon="127.2157505"><time>2026-09-10T06:17:08Z</time><extensions><accuracy>9.1</accuracy></extensions></trkpt>
<trkpt lat="37.8987865" lon="127.2157617"><time>2026-09-10T06:17:09Z</time><extensions><accuracy>7.9</accuracy></extensions></trkpt>
<trkpt lat="37.8987675" lon="127.2157856"><time>2026-09-10T06:17:10Z</time><extensions><accuracy>7.4</accuracy></extensions></trkpt>
<trkpt lat="37.8987502" lon="127.2157993"><time>2026-09-10T06:17:11Z</time><extensions><accuracy>8.8</accuracy></extensions></trkpt>
<trkpt lat="37.8987379" lon="127.2157991"><time>2026-09-10T06:17:12Z</time><extensions><accuracy>6.4</accuracy></extensions></trkpt>
<trkpt lat="37.8987230" lon="127.2157975"><time>2026-09-10T06:17:13Z</time><extensions><accuracy>9.4</accuracy></extensions></trkpt>
<trkpt lat="37.8987013" lon="127.2158048"><time>2026-09-10T06:17:14Z</time><extensions><accuracy>7.0</accuracy></extensions></trkpt>
<trkpt lat="37.8986887" lon="127.2158647"><time>2026-09-10T06:17:15Z</time><extensions><accuracy>9.0</accuracy></extensions></trkpt>
<trkpt lat="37.8986881" lon="127.2158787"><time>2026-09-10T06:17:16Z</time><extensions><accuracy>9.8</accuracy></extensions></trkpt>
<trkpt lat="37.8986577" lon="127.2159023"><time>2026-09-10T06:17:17Z</time><extensions><accuracy>6.8</accuracy></extensions></trkpt>
<trkpt lat="37.8986542" lon="127.2159183"><time>2026-09-10T06:17:18Z</time><extensions><accuracy>8.6</accuracy></extensions></trkpt>
<trkpt lat="37.8986381" lon="127.2159322"><time>2026-09-10T06:17:19Z</time><extensions><accuracy>9.8</accuracy></extensions></trkpt>
<trkpt lat="37.8986304" lon="127.2159165"><time>2026-09-10T06:17:20Z</time><extensions><accuracy>8.3</accuracy></extensions></trkpt>
<trkpt lat="37.8986169" lon="127.2159263"><time>2026-09-10T06:17:21Z</time><extensions><accuracy>6.5</accuracy></extensions></trkpt>
<trkpt lat="37.8986025" lon="127.2159422"><time>2026-09-10T06:17:22Z</time><extensions><accuracy>8.6</accuracy></extensions></trkpt>
<trkpt lat="37.8985750" lon="127.2159696"><time>2026-09-10T06:17:23Z</time><extensions><accuracy>6.7</accuracy></extensions></trkpt>
<trkpt lat="37.8985620" lon="127.2159968"><time>2026-09-10T06:17:24Z</time><extensions><accuracy>10.0</accuracy></extensions></trkpt>
<trkpt lat="37.8985360" lon="127.2160173"><time>2026-09-10T06:17:25Z</time><extensions><accuracy>8.8</accuracy></extensions></trkpt>
<trkpt lat="37.8985253" lon="127.2160170"><time>2026-09-10T06:17:26Z</time><extensions><accuracy>9.4</accuracy></extensions></trkpt>
<trkpt lat="37.8985087" lon="127.2160145"><time>2026-09-10T06:17:27Z</time><extensions><accuracy>7.5</accuracy></extensions></trkpt>
<trkpt lat="37.8984796" lon="127.2160328"><time>2026-09-10T06:17:28Z</time><extensions><accuracy>8.7</accuracy></extensions></trkpt>
<trkpt lat="37.8984737" lon="127.2160354"><time>2026-09-10T06:17:29Z</time><extensions><accuracy>6.9</accuracy></extensions></trkpt>
<trkpt lat="37.8984832" lon="127.2160602"><time>2026-09-10T06:17:30Z</time><extensions><accuracy>7.7</accuracy></extensions></trkpt>
<trkpt lat="37.8984648" lon="127.2160666"><time>2026-09-10T06:17:31Z</time><extensions><accuracy>8.3</accuracy></extensions></trkpt>
<trkpt lat="37.8984401" lon="127.2160793"><time>2026-09-10T06:17:32Z</time><extensions><accuracy>6.2</accuracy></extensions></trkpt>
<trkpt lat="37.8984303" lon="127.2160923"><time>2026-09-10T06:17:33Z</time><extensions><accuracy>6.8</accuracy></extensions></trkpt>
<trkpt lat="37.8984235" lon="127.2161052"><time>2026-09-10T06:17:34Z</time><extensions><accuracy>9.4</accuracy></extensions></trkpt>
<trkpt lat="37.8984216" lon="127.2161166"><time>2026-09-10T06:17:35Z</time><extensions><accuracy>9.8</accuracy></extensions></trkpt>
<trkpt lat="37.8984109" lon="127.2161284"><time>2026-09-10T06:17:36Z</time><extensions><accuracy>7.7</accuracy></extensions></trkpt>
<trkpt lat="37.8984143" lon="127.2161464"><time>2026-09-10T06:17:37Z</time><extensions><accuracy>9.3</accuracy></extensions></trkpt>
<trkpt lat="37.8983841" lon="127.2161692"><time>2026-09-10T06:17:38Z</time><extensions><accuracy>6.2</accuracy></extensions></trkpt>
<trkpt lat="37.8983659" lon="127.2161934"><time>2026-09-10T06:17:39Z</time><extensions><accuracy>8.1</accuracy></extensions></trkpt>
<trkpt lat="37.8983519" lon="127.2162182"><time>2026-09-10T06:17:40Z</time><extensions><accuracy>6.4</accuracy></extensions></trkpt>
<trkpt lat="37.8983451" lon="127.2162389"><time>2026-09-10T06:17:41Z</time><extensions><accuracy>6.9</accuracy></extensions></trkpt>
<trkpt lat="37.8983469" lon="127.2162666"><time>2026-09-10T06:17:42Z</time><extensions><accuracy>7.6</accuracy></extensions></trkpt>
<trkpt lat="37.8983359" lon="127.2162620"><time>2026-09-10T06:17:43Z</time><extensions><accuracy>7.2</accuracy></extensions></trkpt>
<trkpt lat="37.8983212" lon="127.2162629"><time>2026-09-10T06:17:44Z</time><extensions><accuracy>8.9</accuracy></extensions></trkpt>
<trkpt lat="37.8983288" lon="127.2162843"><time>2026-09-10T06:17:45Z</time><extensions><accuracy>8.7</accuracy></extensions></trkpt>
<trkpt lat="37.8983233" lon="127.2162927"><time>2026-09-10T06:17:46Z</time><extensions><accuracy>8.9</accuracy></extensions></trkpt>
<trkpt lat="37.8983073" lon="127.2162984"><time>2026-09-10T06:17:47Z</time><extensions><accuracy>6.6</accuracy></extensions></trkpt>
<trkpt lat="37.8982813" lon="127.2163380"><time>2026-09-10T06:17:48Z</time><extensions><accuracy>9.5</accuracy></extensions></trkpt>
<trkpt lat="37.8982618" lon="127.2163766"><time>2026-09-10T06:17:49Z</time><extensions><accuracy>6.3</accuracy></extensions></trkpt>
<trkpt lat="37.8982459" lon="127.2163748"><time>2026-09-10T06:17:50Z</time><extensions><accuracy>6.3</accuracy></extensions></trkpt>
<trkpt lat="37.8982353" lon="127.2163973"><time>2026-09-10T06:17:51Z</time><extensions><accuracy>8.3</accuracy></extensions></trkpt>
<trkpt lat="37.8982200" lon="127.2164028"><time>2026-09-10T06:17:52Z</time><extensions><accuracy>9.5</accuracy></extensions></trkpt>
<trkpt lat="37.8965945" lon="127.2174228"><time>2026-09-10T06:19:36Z</time><extensions><accuracy>9.4</accuracy></extensions></trkpt>
<trkpt lat="37.8965750" lon="127.2174378"><time>2026-09-10T06:19:37Z</time><extensions><accuracy>6.1</accuracy></extensions></trkpt>
<trkpt lat="37.8965532" lon="127.2174483"><time>2026-09-10T06:19:38Z</time><extensions><accuracy>9.8</accuracy></extensions></trkpt>
<trkpt lat="37.8965247" lon="127.2174582"><time>2026-09-10T06:19:39Z</time><extensions><accuracy>8.9</accuracy></extensions></trkpt>
<trkpt lat="37.8965334" lon="127.2174635"><time>2026-09-10T06:19:40Z</time><extensions><accuracy>6.9</accuracy></extensions></trkpt>
<trkpt lat="37.8965305" lon="127.2174452"><time>2026-09-10T06:19:41Z</time><extensions><accuracy>9.5</accuracy></extensions></trkpt>
<trkpt lat="37.8965166" lon="127.2174438"><time>2026-09-10T06:19:42Z</time><extensions><accuracy>6.9</accuracy></extensions></trkpt>
<trkpt lat="37.8964978" lon="127.2174406"><time>2026-09-10T06:19:43Z</time><extensions><accuracy>6.8</accuracy></extensions></trkpt>
<trkpt lat="37.8964707" lon="127.2174522"><time>2026-09-10T06:19:44Z</time><extensions><accuracy>7.0</accuracy></extensions></trkpt>
<trkpt lat="37.8964571" lon="127.2174416"><time>2026-09-10T06:19:45Z</time><extensions><accuracy>8.3</accuracy></extensions></trkpt>
<trkpt lat="37.8964367" lon="127.2174639"><time>2026-09-10T06:19:46Z</time><extensions><accuracy>7.1</accuracy></extensions></trkpt>
<trkpt lat="37.8964296" lon="127.2174763"><time>2026-09-10T06:19:47Z</time><extensions><accuracy>9.8</accuracy></extensions></trkpt>
<trkpt lat="37.8964084" lon="127.2174888"><time>2026-09-10T06:19:48Z</time><extensions><accuracy>7.5</accuracy></extensions></trkpt>
<trkpt lat="37.8963886" lon="127.2174938"><time>2026-09-10T06:19:49Z</time><extensions><accuracy>8.6</accuracy></extensions></trkpt>
<trkpt lat="37.8963610" lon="127.2174766"><time>2026-09-10T06:19:50Z</time><extensions><accuracy>7.2</accuracy></extensions></trkpt>
<trkpt lat="37.8963423" lon="127.2174626"><time>2026-09-10T06:19:51Z</time><extensions><accuracy>6.5</accuracy></extensions></trkpt>
<trkpt lat="37.8963363" lon="127.2174773"><time>2026-09-10T06:19:52Z</time><extensions><accuracy>9.0</accuracy></extensions></trkpt>
<trkpt lat="37.8963333" lon="127.2174890"><time>2026-09-10T06:19:53Z</time><extensions><accuracy>6.8</accuracy></extensions></trkpt>
<trkpt lat="37.8963029" lon="127.2174999"><time>2026-09-10T06:19:54Z</time><extensions><accuracy>8.7</accuracy></extensions></trkpt>
<trkpt lat="37.8962921" lon="127.2175168"><time>2026-09-10T06:19:55Z</time><extensions><accuracy>6.1</accuracy></extensions></trkpt>
<trkpt lat="37.8962863" lon="127.2175368"><time>2026-09-10T06:19:56Z</time><extensions><accuracy>9.5</accuracy></extensions></trkpt>
<trkpt lat="37.8962593" lon="127.2175340"><time>2026-09-10T06:19:57Z</time><extensions><accuracy>6.5</accuracy></extensions></trkpt>
<trkpt lat="37.8962426" lon="127.2175233"><time>2026-09-10T06:19:58Z</time><extensions><accuracy>9.2</accuracy></extensions></trkpt>
<trkpt lat="37.8961992" lon="127.2175498"><time>2026-09-10T06:19:59Z</time><extensions><accuracy>6.8</accuracy></extensions></trkpt>
<trkpt lat="37.8961914" lon="127.2175472"><time>2026-09-10T06:20:00Z</time><extensions><accuracy>7.7</accuracy></extensions></trkpt>
<trkpt lat="37.8961802" lon="127.2175587"><time>2026-09-10T06:20:01Z</time><extensions><accuracy>7.3</accuracy></extensions></trkpt>
<trkpt lat="37.8961668" lon="127.2175455"><time>2026-09-10T06:20:02Z</time><extensions><accuracy>8.6</accuracy></extensions></trkpt>
<trkpt lat="37.8961443" lon="127.2175519"><time>2026-09-10T06:20:03Z</time><extensions><accuracy>6.2</accuracy></extensions></trkpt>
<trkpt lat="37.8961416" lon="127.2175711"><time>2026-09-10T06:20:04Z</time><extensions><accuracy>8.7</accuracy></extensions></trkpt>
<trkpt lat="37.8961248" lon="127.2175963"><time>2026-09-10T06:20:05Z</time><extensions><accuracy>8.0</accuracy></extensions></trkpt>
<trkpt lat="37.8960992" lon="127.2176029"><time>2026-09-10T06:20:06Z</time><extensions><accuracy>8.9</accuracy></extensions></trkpt>
<trkpt lat="37.8960733" lon="127.2176022"><time>2026-09-10T06:20:07Z</time><extensions><accuracy>7.8</accuracy></extensions></trkpt>
<trkpt lat="37.8960868" lon="127.2175996"><time>2026-09-10T06:20:08Z</time><extensions><accuracy>8.7</accuracy></extensions></trkpt>
<trkpt lat="37.8960561" lon="127.2176152"><time>2026-09-10T06:20:09Z</time><extensions><accuracy>6.5</accuracy></extensions></trkpt>
<trkpt lat="37.8960399" lon="127.2176370"><time>2026-09-10T06:20:10Z</time><extensions><accuracy>6.5</accuracy></extensions></trkpt>
<trkpt lat="37.8960220" lon="127.2176541"><time>2026-09-10T06:20:11Z</time><extensions><accuracy>7.6</accuracy></extensions></trkpt>
<trkpt lat="37.8960066" lon="127.2176555"><time>2026-09-10T06:20:12Z</time><extensions><accuracy>8.8</accuracy></extensions></trkpt>
<trkpt lat="37.8959831" lon="127.2176879"><time>2026-09-10T06:20:13Z</time><extensions><accuracy>6.6</accuracy></extensions></trkpt>
<trkpt lat="37.8959602" lon="127.2176651"><time>2026-09-10T06:20:14Z</time><extensions><accuracy>6.5</accuracy></extensions></trkpt>
<trkpt lat="37.8959472" lon="127.2176957"><time>2026-09-10T06:20:15Z</time><extensions><accuracy>7.0</accuracy></extensions></trkpt>
<trkpt lat="37.8959333" lon="127.2177109"><time>2026-09-10T06:20:16Z</time><extensions><accuracy>9.4</accuracy></extensions></trkpt>
<trkpt lat="37.8959132" lon="127.2177251"><time>2026-09-10T06:20:17Z</time><extensions><accuracy>7.7</accuracy></extensions></trkpt>
<trkpt lat="37.8959132" lon="127.2177428"><time>2026-09-10T06:20:18Z</time><extensions><accuracy>9.2</accuracy></extensions></trkpt>
<trkpt lat="37.8959056" lon="127.2177607"><time>2026-09-10T06:20:19Z</time><extensions><accuracy>7.1</accuracy></extensions></trkpt>
<trkpt lat="37.8958794" lon="127.2177849"><time>2026-09-10T06:20:20Z</time><extensions><accuracy>7.6</accuracy></extensions></trkpt>
<trkpt lat="37.8958604" lon="127.2178009"><time>2026-09-10T06:20:21Z</time><extensions><accuracy>7.9</accuracy></extensions></trkpt>
<trkpt lat="37.8958569" lon="127.2177852"><time>2026-09-10T06:20:22Z</time><extensions><accuracy>8.4</accuracy></extensions></trkpt>
<trkpt lat="37.8958357" lon="127.2177812"><time>2026-09-10T06:20:23Z</time><extensions><accuracy>7.0</accuracy></extensions></trkpt>
<trkpt lat="37.8958368" lon="127.2177989"><time>2026-09-10T06:20:24Z</time><extensions><accuracy>8.6</accuracy></extensions></trkpt>
<trkpt lat="37.8958193" lon="127.2177769"><time>2026-09-10T06:20:25Z</time><extensions><accuracy>7.7</accuracy></extensions></trkpt>
<trkpt lat="37.8958168" lon="127.2177557"><time>2026-09-10T06:20:26Z</time><extensions><accuracy>6.5</accuracy></extensions></trkpt>
<trkpt lat="37.8957861" lon="127.2177421"><time>2026-09-10T06:20:27Z</time><extensions><accuracy>6.9</accuracy></extensions></trkpt>
<trkpt lat="37.8957637" lon="127.2177428"><time>2026-09-10T06:20:28Z</time><extensions><accuracy>6.2</accuracy></extensions></trkpt>
<trkpt lat="37.8957517" lon="127.2177668"><time>2026-09-10T06:20:29Z</time><extensions><accuracy>7.9</accuracy></extensions></trkpt>
<trkpt lat="37.8957325" lon="127.2177915"><time>2026-09-10T06:20:30Z</time><extensions><accuracy>9.6</accuracy></extensions></trkpt>
<trkpt lat="37.8957100" lon="127.2178077"><time>2026-09-10T06:20:31Z</time><extensions><accuracy>6.5</accuracy></extensions></trkpt>
<trkpt lat="37.8956812" lon="127.2178252"><time>2026-09-10T06:20:32Z</time><extensions><accuracy>7.4</accuracy></extensions></trkpt>
<trkpt lat="37.8956632" lon="127.2178314"><time>2026-09-10T06:20:33Z</time><extensions><accuracy>8.5</accuracy></extensions></trkpt>
<trkpt lat="37.8956693" lon="127.2178380"><time>2026-09-10T06:20:34Z</time><extensions><accuracy>8.0</accuracy></extensions></trkpt>
<trkpt lat="37.8956479" lon="127.2178340"><time>2026-09-10T06:20:35Z</time><extensions><accuracy>8.6</accuracy></extensions></trkpt>
<trkpt lat="37.8956328" lon="127.2178753"><time>2026-09-10T06:20:36Z</time><extensions><accuracy>6.1</accuracy></extensions></trkpt>
<trkpt lat="37.8956060" lon="127.2178831"><time>2026-09-10T06:20:37Z</time><extensions><accuracy>7.6</accuracy></extensions></trkpt>
<trkpt lat="37.8955846" lon="127.2178874"><time>2026-09-10T06:20:38Z</time><extensions><accuracy>6.1</accuracy></extensions></trkpt>
<trkpt lat="37.8955629" lon="127.2178903"><time>2026-09-10T06:20:39Z</time><extensions><accuracy>9.2</accuracy></extensions></trkpt>
<trkpt lat="37.8955527" lon="127.2178991"><time>2026-09-10T06:20:40Z</time><extensions><accuracy>6.9</accuracy></extensions></trkpt>
<trkpt lat="37.8955273" lon="127.2179146"><time>2026-09-10T06:20:41Z</time><extensions><accuracy>7.2</accuracy></extensions></trkpt>
<trkpt lat="37.8955215" lon="127.2179146"><time>2026-09-10T06:20:42Z</time><extensions><accuracy>6.2</accuracy></extensions></trkpt>
<trkpt lat="37.8955112" lon="127.2179396"><time>2026-09-10T06:20:43Z</time><extensions><accuracy>10.0</accuracy></extensions></trkpt>
<trkpt lat="37.8954790" lon="127.2179583"><time>2026-09-10T06:20:44Z</time><extensions><accuracy>9.4</accuracy></extensions></trkpt>
<trkpt lat="37.8954604" lon="127.2179535"><time>2026-09-10T06:20:45Z</time><extensions><accuracy>7.1</accuracy></extensions></trkpt>
<trkpt lat="37.8954520" lon="127.2179523"><time>2026-09-10T06:20:46Z</time><extensions><accuracy>9.4</accuracy></extensions></trkpt>
<trkpt lat="37.8954327" lon="127.2179442"><time>2026-09-10T06:20:47Z</time><extensions><accuracy>7.0</accuracy></extensions></trkpt>
<trkpt lat="37.8953949" lon="127.2179684"><time>2026-09-10T06:20:48Z</time><extensions><accuracy>8.4</accuracy></extensions></trkpt>
<trkpt lat="37.8953884" lon="127.2179596"><time>2026-09-10T06:20:49Z</time><extensions><accuracy>8.5</accuracy></extensions></trkpt>
<trkpt lat="37.8953793" lon="127.2179379"><time>2026-09-10T06:20:50Z</time><extensions><accuracy>8.3</accuracy></extensions></trkpt>
<trkpt lat="37.8953478" lon="127.2179516"><time>2026-09-10T06:20:51Z</time><extensions><accuracy>9.0</accuracy></extensions></trkpt>
<trkpt lat="37.8953334" lon="127.2179636"><time>2026-09-10T06:20:52Z</time><extensions><accuracy>8.9</accuracy></extensions></trkpt>
<trkpt lat="37.8953161" lon="127.2179913"><time>2026-09-10T06:20:53Z</time><extensions><accuracy>8.5</accuracy></extensions></trkpt>
<trkpt lat="37.8952985" lon="127.2179909"><time>2026-09-10T06:20:54Z</time><extensions><accuracy>6.1</accuracy></extensions></trkpt>
<trkpt lat="37.8952872" lon="127.2180060"><time>2026-09-10T06:20:55Z</time><extensions><accuracy>6.1</accuracy></extensions></trkpt>
<trkpt lat="37.8952523" lon="127.2179925"><time>2026-09-10T06:20:56Z</time><extensions><accuracy>6.5</accuracy></extensions></trkpt>
<trkpt lat="37.8952439" lon="127.2180250"><time>2026-09-10T06:20:57Z</time><extensions><accuracy>8.5</accuracy></extensions></trkpt>
<trkpt lat="37.8952037" lon="127.2180479"><time>2026-09-10T06:20:58Z</time><extensions><accuracy>9.9</accuracy></extensions></trkpt>
<trkpt lat="37.8951916" lon="127.2180494"><time>2026-09-10T06:20:59Z</time><extensions><accuracy>8.4</accuracy></extensions></trkpt>
<trkpt lat="37.8952078" lon="127.2181560"><time>2026-09-10T06:21:00Z</time><extensions><accuracy>59.4</accuracy></extensions></trkpt>
<trkpt lat="37.8951715" lon="127.2181208"><time>2026-09-10T06:21:01Z</time><extensions><accuracy>58.3</accuracy></extensions></trkpt>
<trkpt lat="37.8951344" lon="127.2181604"><time>2026-09-10T06:21:02Z</time><extensions><accuracy>35.8</accuracy></extensions></trkpt>
<trkpt lat="37.8951334" lon="127.2181783"><time>2026-09-10T06:21:03Z</time><extensions><accuracy>45.5</accuracy></extensions></trkpt>
<trkpt lat="37.8951154" lon="127.2181734"><time>2026-09-10T06:21:04Z</time><extensions><accuracy>44.9</accuracy></extensions></trkpt>
<trkpt lat="37.8950949" lon="127.2182423"><time>2026-09-10T06:21:05Z</time><extensions><accuracy>50.0</accuracy></extensions></trkpt>
<trkpt lat="37.8951083" lon="127.2182529"><time>2026-09-10T06:21:06Z</time><extensions><accuracy>38.6</accuracy></extensions></trkpt>
<trkpt lat="37.8950719" lon="127.2182386"><time>2026-09-10T06:21:07Z</time><extensions><accuracy>57.8</accuracy></extensions></trkpt>
<trkpt lat="37.8950417" lon="127.2182008"><time>2026-09-10T06:21:08Z</time><extensions><accuracy>58.6</accuracy></extensions></trkpt>
<trkpt lat="37.8950034" lon="127.2181588"><time>2026-09-10T06:21:09Z</time><extensions><accuracy>50.4</accuracy></extensions></trkpt>
<trkpt lat="37.8949871" lon="127.2181262"><time>2026-09-10T06:21:10Z</time><extensions><accuracy>45.9</accuracy></extensions></trkpt>
<trkpt lat="37.8949436" lon="127.2181444"><time>2026-09-10T06:21:11Z</time><extensions><accuracy>58.2</accuracy></extensions></trkpt>
<trkpt lat="37.8948930" lon="127.2180982"><time>2026-09-10T06:21:12Z</time><extensions><accuracy>43.1</accuracy></extensions></trkpt>
<trkpt lat="37.8948850" lon="127.2181361"><time>2026-09-10T06:21:13Z</time><extensions><accuracy>46.6</accuracy></extensions></trkpt>
<trkpt lat="37.8948436" lon="127.2181481"><time>2026-09-10T06:21:14Z</time><extensions><accuracy>52.4</accuracy></extensions></trkpt>
<trkpt lat="37.8947842" lon="127.2181019"><time>2026-09-10T06:21:15Z</time><extensions><accuracy>39.9</accuracy></extensions></trkpt>
<trkpt lat="37.8947661" lon="127.2180809"><time>2026-09-10T06:21:16Z</time><extensions><accuracy>42.8</accuracy></extensions></trkpt>
<trkpt lat="37.8947458" lon="127.2181498"><time>2026-09-10T06:21:17Z</time><extensions><accuracy>47.9</accuracy></extensions></trkpt>
<trkpt lat="37.8947196" lon="127.2181740"><time>2026-09-10T06:21:18Z</time><extensions><accuracy>46.8</accuracy></extensions></trkpt>
<trkpt lat="37.8947381" lon="127.2181170"><time>2026-09-10T06:21:19Z</time><extensions><accuracy>57.7</accuracy></extensions></trkpt>
<trkpt lat="37.8946983" lon="127.2181210"><time>2026-09-10T06:21:20Z</time><extensions><accuracy>52.9</accuracy></extensions></trkpt>
<trkpt lat="37.8947327" lon="127.2181659"><time>2026-09-10T06:21:21Z</time><extensions><accuracy>45.1</accuracy></extensions></trkpt>
<trkpt lat="37.8948116" lon="127.2181873"><time>2026-09-10T06:21:22Z</time><extensions><accuracy>51.8</accuracy></extensions></trkpt>
<trkpt lat="37.8947744" lon="127.2182649"><time>2026-09-10T06:21:23Z</time><extensions><accuracy>48.8</accuracy></extensions></trkpt>
<trkpt lat="37.8947777" lon="127.2183158"><time>2026-09-10T06:21:24Z</time><extensions><accuracy>58.4</accuracy></extensions></trkpt>
<trkpt lat="37.8947665" lon="127.2183777"><time>2026-09-10T06:21:25Z</time><extensions><accuracy>59.3</accuracy></extensions></trkpt>
<trkpt lat="37.8948089" lon="127.2183311"><time>2026-09-10T06:21:26Z</time><extensions><accuracy>57.8</accuracy></extensions></trkpt>
<trkpt lat="37.8948178" lon="127.2183625"><time>2026-09-10T06:21:27Z</time><extensions><accuracy>42.0</accuracy></extensions></trkpt>
<trkpt lat="37.8948305" lon="127.2183796"><time>2026-09-10T06:21:28Z</time><extensions><accuracy>36.7</accuracy></extensions></trkpt>
<trkpt lat="37.8947351" lon="127.2183960"><time>2026-09-10T06:21:29Z</time><extensions><accuracy>40.4</accuracy></extensions></trkpt>
<trkpt lat="37.8947021" lon="127.2183966"><time>2026-09-10T06:21:30Z</time><extensions><accuracy>7.9</accuracy></extensions></trkpt>
<trkpt lat="37.8946635" lon="127.2183932"><time>2026-09-10T06:21:31Z</time><extensions><accuracy>8.8</accuracy></extensions></trkpt>
<trkpt lat="37.8946444" lon="127.2183623"><time>2026-09-10T06:21:32Z</time><extensions><accuracy>9.0</accuracy></extensions></trkpt>
<trkpt lat="37.8946262" lon="127.2183276"><time>2026-09-10T06:21:33Z</time><extensions><accuracy>6.7</accuracy></extensions></trkpt>
<trkpt lat="37.8945978" lon="127.2183083"><time>2026-09-10T06:21:34Z</time><extensions><accuracy>8.5</accuracy></extensions></trkpt>
<trkpt lat="37.8945811" lon="127.2183158"><time>2026-09-10T06:21:35Z</time><extensions><accuracy>8.8</accuracy></extensions></trkpt>
<trkpt lat="37.8945794" lon="127.2182959"><time>2026-09-10T06:21:36Z</time><extensions><accuracy>9.7</accuracy></extensions></trkpt>
<trkpt lat="37.8945587" lon="127.2182898"><time>2026-09-10T06:21:37Z</time><extensions><accuracy>6.0</accuracy></extensions></trkpt>
<trkpt lat="37.8945313" lon="127.2182632"><time>2026-09-10T06:21:38Z</time><extensions><accuracy>9.6</accuracy></extensions></trkpt>
<trkpt lat="37.8945248" lon="127.2182697"><time>2026-09-10T06:21:39Z</time><extensions><accuracy>8.4</accuracy></extensions></trkpt>
<trkpt lat="37.8945135" lon="127.2182863"><time>2026-09-10T06:21:40Z</time><extensions><accuracy>9.2</accuracy></extensions></trkpt>
<trkpt lat="37.8944947" lon="127.2182948"><time>2026-09-10T06:21:41Z</time><extensions><accuracy>6.5</accuracy></extensions></trkpt>
<trkpt lat="37.8944682" lon="127.2182998"><time>2026-09-10T06:21:42Z</time><extensions><accuracy>6.2</accuracy></extensions></trkpt>
<trkpt lat="37.8944674" lon="127.2182771"><time>2026-09-10T06:21:43Z</time><extensions><accuracy>8.1</accuracy></extensions></trkpt>
<trkpt lat="37.8944617" lon="127.2182597"><time>2026-09-10T06:21:44Z</time><extensions><accuracy>7.0</accuracy></extensions></trkpt>
<trkpt lat="37.8944531" lon="127.2182626"><time>2026-09-10T06:21:45Z</time><extensions><accuracy>9.2</accuracy></extensions></trkpt>
<trkpt lat="37.8944107" lon="127.2182557"><time>2026-09-10T06:21:46Z</time><extensions><accuracy>7.4</accuracy></extensions></trkpt>
<trkpt lat="37.8943918" lon="127.2182571"><time>2026-09-10T06:21:47Z</time><extensions><accuracy>6.3</accuracy></extensions></trkpt>
<trkpt lat="37.8943610" lon="127.2182516"><time>2026-09-10T06:21:48Z</time><extensions><accuracy>9.0</accuracy></extensions></trkpt>
<trkpt lat="37.8943494" lon="127.2182639"><time>2026-09-10T06:21:49Z</time><extensions><accuracy>8.3</accuracy></extensions></trkpt>
<trkpt lat="37.8943360" lon="127.2182491"><time>2026-09-10T06:21:50Z</time><extensions><accuracy>8.4</accuracy></extensions></trkpt>
<trkpt lat="37.8943145" lon="127.2182446"><time>2026-09-10T06:21:51Z</time><extensions><accuracy>8.0</accuracy></extensions></trkpt>
<trkpt lat="37.8943029" lon="127.2182618"><time>2026-09-10T06:21:52Z</time><extensions><accuracy>9.2</accuracy></extensions></trkpt>
<trkpt lat="37.8942879" lon="127.2182214"><time>2026-09-10T06:21:53Z</time><extensions><accuracy>7.0</accuracy></extensions></trkpt>
<trkpt lat="37.8942699" lon="127.2182410"><time>2026-09-10T06:21:54Z</time><extensions><accuracy>6.3</accuracy></extensions></trkpt>
<trkpt lat="37.8942529" lon="127.2182505"><time>2026-09-10T06:21:55Z</time><extensions><accuracy>7.0</accuracy></extensions></trkpt>
<trkpt lat="37.8942451" lon="127.2182290"><time>2026-09-10T06:21:56Z</time><extensions><accuracy>8.8</accuracy></extensions></trkpt>
<trkpt lat="37.8942238" lon="127.2182255"><time>2026-09-10T06:21:57Z</time><extensions><accuracy>6.7</accuracy></extensions></trkpt>
<trkpt lat="37.8942056" lon="127.2182122"><time>2026-09-10T06:21:58Z</time><extensions><accuracy>8.6</accuracy></extensions></trkpt>
<trkpt lat="37.8941783" lon="127.2181869"><time>2026-09-10T06:21:59Z</time><extensions><accuracy>6.1</accuracy></extensions></trkpt>
<trkpt lat="37.8941847" lon="127.2181888"><time>2026-09-10T06:22:00Z</time><extensions><accuracy>9.7</accuracy></extensions></trkpt>
<trkpt lat="37.8941675" lon="127.2181909"><time>2026-09-10T06:22:01Z</time><extensions><accuracy>9.0</accuracy></extensions></trkpt>
<trkpt lat="37.8941608" lon="127.2181929"><time>2026-09-10T06:22:02Z</time><extensions><accuracy>9.4</accuracy></extensions></trkpt>
<trkpt lat="37.8941363" lon="127.2181871"><time>2026-09-10T06:22:03Z</time><extensions><accuracy>7.4</accuracy></extensions></trkpt>
<trkpt lat="37.8941166" lon="127.2181708"><time>2026-09-10T06:22:04Z</time><extensions><accuracy>8.2</accuracy></extensions></trkpt>
<trkpt lat="37.8940904" lon="127.2181618"><time>2026-09-10T06:22:05Z</time><extensions><accuracy>6.3</accuracy></extensions></trkpt>
<trkpt lat="37.8940704" lon="127.2181692"><time>2026-09-10T06:22:06Z</time><extensions><accuracy>9.7</accuracy></extensions></trkpt>
<trkpt lat="37.8940494" lon="127.2181715"><time>2026-09-10T06:22:07Z</time><extensions><accuracy>8.0</accuracy></extensions></trkpt>
<trkpt lat="37.8940247" lon="127.2182011"><time>2026-09-10T06:22:08Z</time><extensions><accuracy>8.4</accuracy></extensions></trkpt>
<trkpt lat="37.8940177" lon="127.2182092"><time>2026-09-10T06:22:09Z</time><extensions><accuracy>6.5</accuracy></extensions></trkpt>
<trkpt lat="37.8940161" lon="127.2181974"><time>2026-09-10T06:22:10Z</time><extensions><accuracy>9.0</accuracy></extensions></trkpt>
<trkpt lat="37.8939786" lon="127.2181952"><time>2026-09-10T06:22:11Z</time><extensions><accuracy>9.7</accuracy></extensions></trkpt>
<trkpt lat="37.8939418" lon="127.2181926"><time>2026-09-10T06:22:12Z</time><extensions><accuracy>7.6</accuracy></extensions></trkpt>
<trkpt lat="37.8939218" lon="127.2181737"><time>2026-09-10T06:22:13Z</time><extensions><accuracy>6.2</accuracy></extensions></trkpt>
<trkpt lat="37.8939027" lon="127.2181723"><time>2026-09-10T06:22:14Z</time><extensions><accuracy>9.0</accuracy></extensions></trkpt>
<trkpt lat="37.8939016" lon="127.2181727"><time>2026-09-10T06:22:15Z</time><extensions><accuracy>8.7</accuracy></extensions></trkpt>
<trkpt lat="37.8938734" lon="127.2181675"><time>2026-09-10T06:22:16Z</time><extensions><accuracy>9.5</accuracy></extensions></trkpt>
<trkpt lat="37.8938633" lon="127.2181951"><time>2026-09-10T06:22:17Z</time><extensions><accuracy>8.9</accuracy></extensions></trkpt>
<trkpt lat="37.8938488" lon="127.2181895"><time>2026-09-10T06:22:18Z</time><extensions><accuracy>6.1</accuracy></extensions></trkpt>
<trkpt lat="37.8938192" lon="127.2181944"><time>2026-09-10T06:22:19Z</time><extensions><accuracy>9.6</accuracy></extensions></trkpt>
<trkpt lat="37.8938001" lon="127.2181538"><time>2026-09-10T06:22:20Z</time><extensions><accuracy>7.2</accuracy></extensions></trkpt>
<trkpt lat="37.8937775" lon="127.2181504"><time>2026-09-10T06:22:21Z</time><extensions><accuracy>6.6</accuracy></extensions></trkpt>
<trkpt lat="37.8937706" lon="127.2181537"><time>2026-09-10T06:22:22Z</time><extensions><accuracy>9.1</accuracy></extensions></trkpt>
<trkpt lat="37.8937532" lon="127.2181423"><time>2026-09-10T06:22:23Z</time><extensions><accuracy>6.9</accuracy></extensions></trkpt>
<trkpt lat="37.8937383" lon="127.2181345"><time>2026-09-10T06:22:24Z</time><extensions><accuracy>9.5</accuracy></extensions></trkpt>
<trkpt lat="37.8937344" lon="127.2181171"><time>2026-09-10T06:22:25Z</time><extensions><accuracy>9.9</accuracy></extensions></trkpt>
<trkpt lat="37.8937144" lon="127.2181270"><time>2026-09-10T06:22:26Z</time><extensions><accuracy>8.9</accuracy></extensions></trkpt>
<trkpt lat="37.8937171" lon="127.2181249"><time>2026-09-10T06:22:27Z</time><extensions><accuracy>7.3</accuracy></extensions></trkpt>
<trkpt lat="37.8937000" lon="127.2181450"><time>2026-09-10T06:22:28Z</time><extensions><accuracy>6.7</accuracy></extensions></trkpt>
<trkpt lat="37.8936812" lon="127.2181507"><time>2026-09-10T06:22:29Z</time><extensions><accuracy>7.9</accuracy></extensions></trkpt>
<trkpt lat="37.8936592" lon="127.2181586"><time>2026-09-10T06:22:30Z</time><extensions><accuracy>7.0</accuracy></extensions></trkpt>
<trkpt lat="37.8936264" lon="127.2181395"><time>2026-09-10T06:22:31Z</time><extensions><accuracy>7.2</accuracy></extensions></trkpt>
<trkpt lat="37.8936058" lon="127.2181452"><time>2026-09-10T06:22:32Z</time><extensions><accuracy>8.3</accuracy></extensions></trkpt>
<trkpt lat="37.8935962" lon="127.2181426"><time>2026-09-10T06:22:33Z</time><extensions><accuracy>6.3</accuracy></extensions></trkpt>
<trkpt lat="37.8935756" lon="127.2181454"><time>2026-09-10T06:22:34Z</time><extensions><accuracy>8.5</accuracy></extensions></trkpt>
<trkpt lat="37.8935554" lon="127.2181409"><time>2026-09-10T06:22:35Z</time><extensions><accuracy>8.7</accuracy></extensions></trkpt>
<trkpt lat="37.8935474" lon="127.2181316"><time>2026-09-10T06:22:36Z</time><extensions><accuracy>8.6</accuracy></extensions></trkpt>
<trkpt lat="37.8935470" lon="127.2181235"><time>2026-09-10T06:22:37Z</time><extensions><accuracy>7.8</accuracy></extensions></trkpt>
<trkpt lat="37.8935089" lon="127.2181267"><time>2026-09-10T06:22:38Z</time><extensions><accuracy>9.4</accuracy></extensions></trkpt>
<trkpt lat="37.8934958" lon="127.2181350"><time>2026-09-10T06:22:39Z</time><extensions><accuracy>7.3</accuracy></extensions></trkpt>
<trkpt lat="37.8934754" lon="127.2181663"><time>2026-09-10T06:22:40Z</time><extensions><accuracy>7.0</accuracy></extensions></trkpt>
<trkpt lat="37.8934581" lon="127.2181502"><time>2026-09-10T06:22:41Z</time><extensions><accuracy>6.3</accuracy></extensions></trkpt>
<trkpt lat="37.8934553" lon="127.2181461"><time>2026-09-10T06:22:42Z</time><extensions><accuracy>7.6</accuracy></extensions></trkpt>
<trkpt lat="37.8934388" lon="127.2181378"><time>2026-09-10T06:22:43Z</time><extensions><accuracy>8.6</accuracy></extensions></trkpt>
<trkpt lat="37.8934381" lon="127.2181515"><time>2026-09-10T06:22:44Z</time><extensions><accuracy>7.4</accuracy></extensions></trkpt>
<trkpt lat="37.8934272" lon="127.2181324"><time>2026-09-10T06:22:45Z</time><extensions><accuracy>8.7</accuracy></extensions></trkpt>
<trkpt lat="37.8933860" lon="127.2181322"><time>2026-09-10T06:22:46Z</time><extensions><accuracy>6.3</accuracy></extensions></trkpt>
<trkpt lat="37.8933697" lon="127.2181253"><time>2026-09-10T06:22:47Z</time><extensions><accuracy>9.8</accuracy></extensions></trkpt>
<trkpt lat="37.8933351" lon="127.2181229"><time>2026-09-10T06:22:48Z</time><extensions><accuracy>9.6</accuracy></extensions></trkpt>
<trkpt lat="37.8933355" lon="127.2181171"><time>2026-09-10T06:22:49Z</time><extensions><accuracy>6.4</accuracy></extensions></trkpt>
<trkpt lat="37.8933223" lon="127.2181018"><time>2026-09-10T06:22:50Z</time><extensions><accuracy>8.2</accuracy></extensions></trkpt>
<trkpt lat="37.8933021" lon="127.2181066"><time>2026-09-10T06:22:51Z</time><extensions><accuracy>7.4</accuracy></extensions></trkpt>
<trkpt lat="37.8932690" lon="127.2180941"><time>2026-09-10T06:22:52Z</time><extensions><accuracy>9.0</accuracy></extensions></trkpt>
<trkpt lat="37.8932395" lon="127.2180978"><time>2026-09-10T06:22:53Z</time><extensions><accuracy>9.2</accuracy></extensions></trkpt>
<trkpt lat="37.8932216" lon="127.2181253"><time>2026-09-10T06:22:54Z</time><extensions><accuracy>8.0</accuracy></extensions></trkpt>
<trkpt lat="37.8932032" lon="127.2181311"><time>2026-09-10T06:22:55Z</time><extensions><accuracy>9.0</accuracy></extensions></trkpt>
<trkpt lat="37.8931854" lon="127.2181414"><time>2026-09-10T06:22:56Z</time><extensions><accuracy>9.4</accuracy></extensions></trkpt>
<trkpt lat="37.8931622" lon="127.2181365"><time>2026-09-10T06:22:57Z</time><extensions><accuracy>6.9</accuracy></extensions></trkpt>
<trkpt lat="37.8931586" lon="127.2181422"><time>2026-09-10T06:22:58Z</time><extensions><accuracy>7.3</accuracy></extensions></trkpt>
<trkpt lat="37.8931379" lon="127.2181656"><time>2026-09-10T06:22:59Z</time><extensions><accuracy>8.5</accuracy></extensions></trkpt>
<trkpt lat="37.8931290" lon="127.2181545"><time>2026-09-10T06:23:00Z</time><extensions><accuracy>9.9</accuracy></extensions></trkpt>
<trkpt lat="37.8931105" lon="127.2181403"><time>2026-09-10T06:23:01Z</time><extensions><accuracy>9.0</accuracy></extensions></trkpt>
<trkpt lat="37.8931050" lon="127.2181215"><time>2026-09-10T06:23:02Z</time><extensions><accuracy>7.6</accuracy></extensions></trkpt>
<trkpt lat="37.8930982" lon="127.2181243"><time>2026-09-10T06:23:03Z</time><extensions><accuracy>6.2</accuracy></extensions></trkpt>
<trkpt lat="37.8930883" lon="127.2180833"><time>2026-09-10T06:23:04Z</time><extensions><accuracy>9.7</accuracy></extensions></trkpt>
<trkpt lat="37.8930732" lon="127.2181034"><time>2026-09-10T06:23:05Z</time><extensions><accuracy>7.2</accuracy></extensions></trkpt>
<trkpt lat="37.8930689" lon="127.2180878"><time>2026-09-10T06:23:06Z</time><extensions><accuracy>7.8</accuracy></extensions></trkpt>
<trkpt lat="37.8930521" lon="127.2180819"><time>2026-09-10T06:23:07Z</time><extensions><accuracy>7.2</accuracy></extensions></trkpt>
<trkpt lat="37.8930459" lon="127.2180682"><time>2026-09-10T06:23:08Z</time><extensions><accuracy>9.8</accuracy></extensions></trkpt>
<trkpt lat="37.8930265" lon="127.2180684"><time>2026-09-10T06:23:09Z</time><extensions><accuracy>6.5</accuracy></extensions></trkpt>
<trkpt lat="37.8930256" lon="127.2180742"><time>2026-09-10T06:23:10Z</time><extensions><accuracy>8.0</accuracy></extensions></trkpt>
<trkpt lat="37.8930119" lon="127.2180606"><time>2026-09-10T06:23:11Z</time><extensions><accuracy>8.0</accuracy></extensions></trkpt>
<trkpt lat="37.8929883" lon="127.2180556"><time>2026-09-10T06:23:12Z</time><extensions><accuracy>7.9</accuracy></extensions></trkpt>
<trkpt lat="37.8929620" lon="127.2180446"><time>2026-09-10T06:23:13Z</time><extensions><accuracy>6.4</accuracy></extensions></trkpt>
<trkpt lat="37.8929431" lon="127.2180300"><time>2026-09-10T06:23:14Z</time><extensions><accuracy>9.4</accuracy></extensions></trkpt>
<trkpt lat="37.8929210" lon="127.2180182"><time>2026-09-10T06:23:15Z</time><extensions><accuracy>8.2</accuracy></extensions></trkpt>
<trkpt lat="37.8929020" lon="127.2180152"><time>2026-09-10T06:23:16Z</time><extensions><accuracy>8.7</accuracy></extensions></trkpt>
<trkpt lat="37.8928682" lon="127.2180217"><time>2026-09-10T06:23:17Z</time><extensions><accuracy>8.4</accuracy></extensions></trkpt>
<trkpt lat="37.8928574" lon="127.2180085"><time>2026-09-10T06:23:18Z</time><extensions><accuracy>6.6</accuracy></extensions></trkpt>
<trkpt lat="37.8928445" lon="127.2179970"><time>2026-09-10T06:23:19Z</time><extensions><accuracy>9.2</accuracy></extensions></trkpt>
<trkpt lat="37.8928136" lon="127.2180042"><time>2026-09-10T06:23:20Z</time><extensions><accuracy>6.8</accuracy></extensions></trkpt>
<trkpt lat="37.8927882" lon="127.2180036"><time>2026-09-10T06:23:21Z</time><extensions><accuracy>9.9</accuracy></extensions></trkpt>
<trkpt lat="37.8927877" lon="127.2179769"><time>2026-09-10T06:23:22Z</time><extensions><accuracy>9.2</accuracy></extensions></trkpt>
<trkpt lat="37.8927645" lon="127.2179871"><time>2026-09-10T06:23:23Z</time><extensions><accuracy>9.5</accuracy></extensions></trkpt>
<trkpt lat="37.8927520" lon="127.2179559"><time>2026-09-10T06:23:24Z</time><extensions><accuracy>7.0</accuracy></extensions></trkpt>
<trkpt lat="37.8927303" lon="127.2179513"><time>2026-09-10T06:23:25Z</time><extensions><accuracy>7.5</accuracy></extensions></trkpt>
<trkpt lat="37.8927037" lon="127.2179423"><time>2026-09-10T06:23:26Z</time><extensions><accuracy>6.2</accuracy></extensions></trkpt>
<trkpt lat="37.8927058" lon="127.2179682"><time>2026-09-10T06:23:27Z</time><extensions><accuracy>7.5</accuracy></extensions></trkpt>
<trkpt lat="37.8926926" lon="127.2179544"><time>2026-09-10T06:23:28Z</time><extensions><accuracy>9.2</accuracy></extensions></trkpt>
<trkpt lat="37.8926890" lon="127.2179752"><time>2026-09-10T06:23:29Z</time><extensions><accuracy>6.5</accuracy></extensions></trkpt>
<trkpt lat="37.8926739" lon="127.2180012"><time>2026-09-10T06:23:30Z</time><extensions><accuracy>7.9</accuracy></extensions></trkpt>
<trkpt lat="37.8926601" lon="127.2180191"><time>2026-09-10T06:23:31Z</time><extensions><accuracy>9.5</accuracy></extensions></trkpt>
<trkpt lat="37.8926453" lon="127.2180178"><time>2026-09-10T06:23:32Z</time><extensions><accuracy>6.7</accuracy></extensions></trkpt>
<trkpt lat="37.8926139" lon="127.2180139"><time>2026-09-10T06:23:33Z</time><extensions><accuracy>8.7</accuracy></extensions></trkpt>
<trkpt lat="37.8925999" lon="127.2180295"><time>2026-09-10T06:23:34Z</time><extensions><accuracy>9.0</accuracy></extensions></trkpt>
<trkpt lat="37.8925788" lon="127.2180241"><time>2026-09-10T06:23:35Z</time><extensions><accuracy>8.9</accuracy></extensions></trkpt>
<trkpt lat="37.8925571" lon="127.2180196"><time>2026-09-10T06:23:36Z</time><extensions><accuracy>7.2</accuracy></extensions></trkpt>
<trkpt lat="37.8925372" lon="127.2180102"><time>2026-09-10T06:23:37Z</time><extensions><accuracy>6.1</accuracy></extensions></trkpt>
<trkpt lat="37.8925275" lon="127.2180032"><time>2026-09-10T06:23:38Z</time><extensions><accuracy>10.0</accuracy></extensions></trkpt>
<trkpt lat="37.8925130" lon="127.2179882"><time>2026-09-10T06:23:39Z</time><extensions><accuracy>8.3</accuracy></extensions></trkpt>
<trkpt lat="37.8925099" lon="127.2179781"><time>2026-09-10T06:23:40Z</time><extensions><accuracy>6.9</accuracy></extensions></trkpt>
<trkpt lat="37.8924892" lon="127.2179628"><time>2026-09-10T06:23:41Z</time><extensions><accuracy>6.5</accuracy></extensions></trkpt>
<trkpt lat="37.8924651" lon="127.2179444"><time>2026-09-10T06:23:42Z</time><extensions><accuracy>7.8</accuracy></extensions></trkpt>
<trkpt lat="37.8924507" lon="127.2179395"><time>2026-09-10T06:23:43Z</time><extensions><accuracy>9.4</accuracy></extensions></trkpt>
<trkpt lat="37.8924464" lon="127.2179309"><time>2026-09-10T06:23:44Z</time><extensions><accuracy>8.6</accuracy></extensions></trkpt>
<trkpt lat="37.8924199" lon="127.2179121"><time>2026-09-10T06:23:45Z</time><extensions><accuracy>8.6</accuracy></extensions></trkpt>
<trkpt lat="37.8923972" lon="127.2179004"><time>2026-09-10T06:23:46Z</time><extensions><accuracy>7.5</accuracy></extensions></trkpt>
<trkpt lat="37.8923668" lon="127.2178951"><time>2026-09-10T06:23:47Z</time><extensions><accuracy>9.9</accuracy></extensions></trkpt>
<trkpt lat="37.8923413" lon="127.2178648"><time>2026-09-10T06:23:48Z</time><extensions><accuracy>6.8</accuracy></extensions></trkpt>
<trkpt lat="37.8923140" lon="127.2178727"><time>2026-09-10T06:23:49Z</time><extensions><accuracy>7.3</accuracy></extensions></trkpt>
<trkpt lat="37.8922985" lon="127.2178652"><time>2026-09-10T06:23:50Z</time><extensions><accuracy>6.6</accuracy></extensions></trkpt>
<trkpt lat="37.8922893" lon="127.2178388"><time>2026-09-10T06:23:51Z</time><extensions><accuracy>8.8</accuracy></extensions></trkpt>
<trkpt lat="37.8922704" lon="127.2178353"><time>2026-09-10T06:23:52Z</time><extensions><accuracy>6.3</accuracy></extensions></trkpt>
<trkpt lat="37.8922351" lon="127.2178005"><time>2026-09-10T06:23:53Z</time><extensions><accuracy>9.2</accuracy></extensions></trkpt>
<trkpt lat="37.8922214" lon="127.2177855"><time>2026-09-10T06:23:54Z</time><extensions><accuracy>6.4</accuracy></extensions></trkpt>
<trkpt lat="37.8922119" lon="127.2177806"><time>2026-09-10T06:23:55Z</time><extensions><accuracy>8.6</accuracy></extensions></trkpt>
<trkpt lat="37.8921955" lon="127.2177802"><time>2026-09-10T06:23:56Z</time><extensions><accuracy>8.8</accuracy></extensions></trkpt>
<trkpt lat="37.8921890" lon="127.2177953"><time>2026-09-10T06:23:57Z</time><extensions><accuracy>7.6</accuracy></extensions></trkpt>
<trkpt lat="37.8921704" lon="127.2177981"><time>2026-09-10T06:23:58Z</time><extensions><accuracy>8.2</accuracy></extensions></trkpt>
<trkpt lat="37.8921601" lon="127.2177754"><time>2026-09-10T06:23:59Z</time><extensions><accuracy>7.9</accuracy></extensions></trkpt>
<trkpt lat="37.8921204" lon="127.2177792"><time>2026-09-10T06:24:00Z</time><extensions><accuracy>9.4</accuracy></extensions></trkpt>
<trkpt lat="37.8921133" lon="127.2177743"><time>2026-09-10T06:24:01Z</time><extensions><accuracy>7.2</accuracy></extensions></trkpt>
<trkpt lat="37.8920998" lon="127.2177517"><time>2026-09-10T06:24:02Z</time><extensions><accuracy>9.5</accuracy></extensions></trkpt>
<trkpt lat="37.8920820" lon="127.2177629"><time>2026-09-10T06:24:03Z</time><extensions><accuracy>7.5</accuracy></extensions></trkpt>
<trkpt lat="37.8920543" lon="127.2177407"><time>2026-09-10T06:24:04Z</time><extensions><accuracy>9.5</accuracy></extensions></trkpt>
<trkpt lat="37.8920292" lon="127.2177580"><time>2026-09-10T06:24:05Z</time><extensions><accuracy>7.5</accuracy></extensions></trkpt>
<trkpt lat="37.8920229" lon="127.2177635"><time>2026-09-10T06:24:06Z</time><extensions><accuracy>6.6</accuracy></extensions></trkpt>
<trkpt lat="37.8920110" lon="127.2177578"><time>2026-09-10T06:24:07Z</time><extensions><accuracy>9.7</accuracy></extensions></trkpt>
<trkpt lat="37.8919793" lon="127.2177705"><time>2026-09-10T06:24:08Z</time><extensions><accuracy>8.3</accuracy></extensions></trkpt>
<trkpt lat="37.8919585" lon="127.2177620"><time>2026-09-10T06:24:09Z</time><extensions><accuracy>8.2</accuracy></extensions></trkpt>
<trkpt lat="37.8919391" lon="127.2177712"><time>2026-09-10T06:24:10Z</time><extensions><accuracy>7.3</accuracy></extensions></trkpt>
<trkpt lat="37.8919434" lon="127.2177660"><time>2026-09-10T06:24:11Z</time><extensions><accuracy>6.9</accuracy></extensions></trkpt>
<trkpt lat="37.8919183" lon="127.2177643"><time>2026-09-10T06:24:12Z</time><extensions><accuracy>7.8</accuracy></extensions></trkpt>
<trkpt lat="37.8919015" lon="127.2177812"><time>2026-09-10T06:24:13Z</time><extensions><accuracy>6.3</accuracy></extensions></trkpt>
<trkpt lat="37.8918879" lon="127.2177430"><time>2026-09-10T06:24:14Z</time><extensions><accuracy>9.5</accuracy></extensions></trkpt>
<trkpt lat="37.8918596" lon="127.2177320"><time>2026-09-10T06:24:15Z</time><extensions><accuracy>9.7</accuracy></extensions></trkpt>
<trkpt lat="37.8918482" lon="127.2177124"><time>2026-09-10T06:24:16Z</time><extensions><accuracy>6.5</accuracy></extensions></trkpt>
<trkpt lat="37.8918327" lon="127.2177194"><time>2026-09-10T06:24:17Z</time><extensions><accuracy>8.5</accuracy></extensions></trkpt>
<trkpt lat="37.8918103" lon="127.2177154"><time>2026-09-10T06:24:18Z</time><extensions><accuracy>6.1</accuracy></extensions></trkpt>
<trkpt lat="37.8918095" lon="127.2177043"><time>2026-09-10T06:24:19Z</time><extensions><accuracy>7.9</accuracy></extensions></trkpt>
<trkpt lat="37.8917954" lon="127.2177003"><time>2026-09-10T06:24:20Z</time><extensions><accuracy>7.4</accuracy></extensions></trkpt>
<trkpt lat="37.8918154" lon="127.2176950"><time>2026-09-10T06:24:21Z</time><extensions><accuracy>8.6</accuracy></extensions></trkpt>
<trkpt lat="37.8917900" lon="127.2176797"><time>2026-09-10T06:24:22Z</time><extensions><accuracy>7.1</accuracy></extensions></trkpt>
<trkpt lat="37.8917662" lon="127.2176420"><time>2026-09-10T06:24:23Z</time><extensions><accuracy>8.9</accuracy></extensions></trkpt>
<trkpt lat="37.8917266" lon="127.2176323"><time>2026-09-10T06:24:24Z</time><extensions><accuracy>9.1</accuracy></extensions></trkpt>
<trkpt lat="37.8917120" lon="127.2176292"><time>2026-09-10T06:24:25Z</time><extensions><accuracy>7.5</accuracy></extensions></trkpt>
<trkpt lat="37.8916841" lon="127.2176327"><time>2026-09-10T06:24:26Z</time><extensions><accuracy>6.5</accuracy></extensions></trkpt>
<trkpt lat="37.8916731" lon="127.2175943"><time>2026-09-10T06:24:27Z</time><extensions><accuracy>9.6</accuracy></extensions></trkpt>
<trkpt lat="37.8916687" lon="127.2175945"><time>2026-09-10T06:24:28Z</time><extensions><accuracy>6.7</accuracy></extensions></trkpt>
<trkpt lat="37.8916350" lon="127.2175677"><time>2026-09-10T06:24:29Z</time><extensions><accuracy>7.7</accuracy></extensions></trkpt>
<trkpt lat="37.8916158" lon="127.2175595"><time>2026-09-10T06:24:30Z</time><extensions><accuracy>8.9</accuracy></extensions></trkpt>
<trkpt lat="37.8916197" lon="127.2175635"><time>2026-09-10T06:24:31Z</time><extensions><accuracy>9.0</accuracy></extensions></trkpt>
<trkpt lat="37.8915969" lon="127.2175710"><time>2026-09-10T06:24:32Z</time><extensions><accuracy>7.3</accuracy></extensions></trkpt>
<trkpt lat="37.8915724" lon="127.2175872"><time>2026-09-10T06:24:33Z</time><extensions><accuracy>9.8</accuracy></extensions></trkpt>
<trkpt lat="37.8915656" lon="127.2175896"><time>2026-09-10T06:24:34Z</time><extensions><accuracy>10.0</accuracy></extensions></trkpt>
<trkpt lat="37.8915537" lon="127.2175893"><time>2026-09-10T06:24:35Z</time><extensions><accuracy>6.3</accuracy></extensions></trkpt>
<trkpt lat="37.8915355" lon="127.2175798"><time>2026-09-10T06:24:36Z</time><extensions><accuracy>10.0</accuracy></extensions></trkpt>
<trkpt lat="37.8915157" lon="127.2175708"><time>2026-09-10T06:24:37Z</time><extensions><accuracy>9.7</accuracy></extensions></trkpt>
<trkpt lat="37.8914876" lon="127.2175765"><time>2026-09-10T06:24:38Z</time><extensions><accuracy>8.4</accuracy></extensions></trkpt>
<trkpt lat="37.8914766" lon="127.2175762"><time>2026-09-10T06:24:39Z</time><extensions><accuracy>9.9</accuracy></extensions></trkpt>
<trkpt lat="37.8914579" lon="127.2175573"><time>2026-09-10T06:24:40Z</time><extensions><accuracy>8.1</accuracy></extensions></trkpt>
<trkpt lat="37.8914389" lon="127.2175499"><time>2026-09-10T06:24:41Z</time><extensions><accuracy>9.5</accuracy></extensions></trkpt>
<trkpt lat="37.8914174" lon="127.2175469"><time>2026-09-10T06:24:42Z</time><extensions><accuracy>9.9</accuracy></extensions></trkpt>
<trkpt lat="37.8914010" lon="127.2175244"><time>2026-09-10T06:24:43Z</time><extensions><accuracy>8.4</accuracy></extensions></trkpt>
<trkpt lat="37.8913703" lon="127.2175014"><time>2026-09-10T06:24:44Z</time><extensions><accuracy>7.1</accuracy></extensions></trkpt>
<trkpt lat="37.8913450" lon="127.2174714"><time>2026-09-10T06:24:45Z</time><extensions><accuracy>8.2</accuracy></extensions></trkpt>
<trkpt lat="37.8913470" lon="127.2174554"><time>2026-09-10T06:24:46Z</time><extensions><accuracy>6.7</accuracy></extensions></trkpt>
<trkpt lat="37.8913388" lon="127.2174541"><time>2026-09-10T06:24:47Z</time><extensions><accuracy>8.1</accuracy></extensions></trkpt>
<trkpt lat="37.8913149" lon="127.2174418"><time>2026-09-10T06:24:48Z</time><extensions><accuracy>8.4</accuracy></extensions></trkpt>
<trkpt lat="37.8913221" lon="127.2174434"><time>2026-09-10T06:24:49Z</time><extensions><accuracy>9.0</accuracy></extensions></trkpt>
<trkpt lat="37.8913166" lon="127.2174256"><time>2026-09-10T06:24:50Z</time><extensions><accuracy>7.0</accuracy></extensions></trkpt>
<trkpt lat="37.8913007" lon="127.2174291"><time>2026-09-10T06:24:51Z</time><extensions><accuracy>6.7</accuracy></extensions></trkpt>
<trkpt lat="37.8912715" lon="127.2174317"><time>2026-09-10T06:24:52Z</time><extensions><accuracy>6.2</accuracy></extensions></trkpt>
<trkpt lat="37.8912443" lon="127.2174405"><time>2026-09-10T06:24:53Z</time><extensions><accuracy>6.4</accuracy></extensions></trkpt>
<trkpt lat="37.8912275" lon="127.2174264"><time>2026-09-10T06:24:54Z</time><extensions><accuracy>9.2</accuracy></extensions></trkpt>
<trkpt lat="37.8912057" lon="127.2174274"><time>2026-09-10T06:24:55Z</time><extensions><accuracy>7.5</accuracy></extensions></trkpt>
<trkpt lat="37.8911744" lon="127.2174084"><time>2026-09-10T06:24:56Z</time><extensions><accuracy>9.9</accuracy></extensions></trkpt>
<trkpt lat="37.8911442" lon="127.2174221"><time>2026-09-10T06:24:57Z</time><extensions><accuracy>7.0</accuracy></extensions></trkpt>
<trkpt lat="37.8911351" lon="127.2173949"><time>2026-09-10T06:24:58Z</time><extensions><accuracy>8.7</accuracy></extensions></trkpt>
<trkpt lat="37.8911254" lon="127.2173830"><time>2026-09-10T06:24:59Z</time><extensions><accuracy>6.2</accuracy></extensions></trkpt>
<trkpt lat="37.8910967" lon="127.2173855"><time>2026-09-10T06:25:00Z</time><extensions><accuracy>6.9</accuracy></extensions></trkpt>
<trkpt lat="37.8910638" lon="127.2173754"><time>2026-09-10T06:25:01Z</time><extensions><accuracy>8.4</accuracy></extensions></trkpt>
<trkpt lat="37.8910522" lon="127.2173770"><time>2026-09-10T06:25:02Z</time><extensions><accuracy>6.3</accuracy></extensions></trkpt>
<trkpt lat="37.8910294" lon="127.2173660"><time>2026-09-10T06:25:03Z</time><extensions><accuracy>9.0</accuracy></extensions></trkpt>
<trkpt lat="37.8910047" lon="127.2173774"><time>2026-09-10T06:25:04Z</time><extensions><accuracy>8.9</accuracy></extensions></trkpt>
<trkpt lat="37.8910101" lon="127.2173692"><time>2026-09-10T06:25:05Z</time><extensions><accuracy>6.7</accuracy></extensions></trkpt>
<trkpt lat="37.8910044" lon="127.2173422"><time>2026-09-10T06:25:06Z</time><extensions><accuracy>6.6</accuracy></extensions></trkpt>
<trkpt lat="37.8910071" lon="127.2173408"><time>2026-09-10T06:25:07Z</time><extensions><accuracy>7.8</accuracy></extensions></trkpt>
<trkpt lat="37.8909831" lon="127.2173206"><time>2026-09-10T06:25:08Z</time><extensions><accuracy>6.1</accuracy></extensions></trkpt>
<trkpt lat="37.8909789" lon="127.2173183"><time>2026-09-10T06:25:09Z</time><extensions><accuracy>8.5</accuracy></extensions></trkpt>
<trkpt lat="37.8909640" lon="127.2173077"><time>2026-09-10T06:25:10Z</time><extensions><accuracy>7.7</accuracy></extensions></trkpt>
<trkpt lat="37.8909447" lon="127.2172953"><time>2026-09-10T06:25:11Z</time><extensions><accuracy>6.9</accuracy></extensions></trkpt>
<trkpt lat="37.8909373" lon="127.2172991"><time>2026-09-10T06:25:12Z</time><extensions><accuracy>6.4</accuracy></extensions></trkpt>
<trkpt lat="37.8909256" lon="127.2173025"><time>2026-09-10T06:25:13Z</time><extensions><accuracy>9.8</accuracy></extensions></trkpt>
<trkpt lat="37.8909104" lon="127.2172983"><time>2026-09-10T06:25:14Z</time><extensions><accuracy>6.5</accuracy></extensions></trkpt>
<trkpt lat="37.8908691" lon="127.2172785"><time>2026-09-10T06:25:15Z</time><extensions><accuracy>8.6</accuracy></extensions></trkpt>
<trkpt lat="37.8908790" lon="127.2172804"><time>2026-09-10T06:25:16Z</time><extensions><accuracy>8.7</accuracy></extensions></trkpt>
<trkpt lat="37.8908758" lon="127.2172335"><time>2026-09-10T06:25:17Z</time><extensions><accuracy>7.5</accuracy></extensions></trkpt>
<trkpt lat="37.8908628" lon="127.2171982"><time>2026-09-10T06:25:18Z</time><extensions><accuracy>7.9</accuracy></extensions></trkpt>
<trkpt lat="37.8908312" lon="127.2171702"><time>2026-09-10T06:25:19Z</time><extensions><accuracy>6.2</accuracy></extensions></trkpt>
<trkpt lat="37.8908280" lon="127.2171637"><time>2026-09-10T06:25:20Z</time><extensions><accuracy>9.3</accuracy></extensions></trkpt>
<trkpt lat="37.8908147" lon="127.2171519"><time>2026-09-10T06:25:21Z</time><extensions><accuracy>7.7</accuracy></extensions></trkpt>
<trkpt lat="37.8907842" lon="127.2171493"><time>2026-09-10T06:25:22Z</time><extensions><accuracy>7.3</accuracy></extensions></trkpt>
<trkpt lat="37.8907735" lon="127.2171607"><time>2026-09-10T06:25:23Z</time><extensions><accuracy>7.0</accuracy></extensions></trkpt>
<trkpt lat="37.8907491" lon="127.2171662"><time>2026-09-10T06:25:24Z</time><extensions><accuracy>9.7</accuracy></extensions></trkpt>
<trkpt lat="37.8907419" lon="127.2171908"><time>2026-09-10T06:25:25Z</time><extensions><accuracy>7.6</accuracy></extensions></trkpt>
<trkpt lat="37.8907504" lon="127.2171770"><time>2026-09-10T06:25:26Z</time><extensions><accuracy>8.6</accuracy></extensions></trkpt>
<trkpt lat="37.8907270" lon="127.2171449"><time>2026-09-10T06:25:27Z</time><extensions><accuracy>8.0</accuracy></extensions></trkpt>
<trkpt lat="37.8907222" lon="127.2171377"><time>2026-09-10T06:25:28Z</time><extensions><accuracy>9.9</accuracy></extensions></trkpt>
<trkpt lat="37.8907012" lon="127.2171275"><time>2026-09-10T06:25:29Z</time><extensions><accuracy>9.5</accuracy></extensions></trkpt>
<trkpt lat="37.8906602" lon="127.2170949"><time>2026-09-10T06:25:30Z</time><extensions><accuracy>7.6</accuracy></extensions></trkpt>
<trkpt lat="37.8906448" lon="127.2170950"><time>2026-09-10T06:25:31Z</time><extensions><accuracy>6.7</accuracy></extensions></trkpt>
<trkpt lat="37.8906094" lon="127.2170976"><time>2026-09-10T06:25:32Z</time><extensions><accuracy>6.7</accuracy></extensions></trkpt>
<trkpt lat="37.8905874" lon="127.2171178"><time>2026-09-10T06:25:33Z</time><extensions><accuracy>8.0</accuracy></extensions></trkpt>
<trkpt lat="37.8905807" lon="127.2171254"><time>2026-09-10T06:25:34Z</time><extensions><accuracy>7.9</accuracy></extensions></trkpt>
<trkpt lat="37.8905629" lon="127.2171062"><time>2026-09-10T06:25:35Z</time><extensions><accuracy>6.6</accuracy></extensions></trkpt>
<trkpt lat="37.8905477" lon="127.2170799"><time>2026-09-10T06:25:36Z</time><extensions><accuracy>8.2</accuracy></extensions></trkpt>
<trkpt lat="37.8905295" lon="127.2170426"><time>2026-09-10T06:25:37Z</time><extensions><accuracy>7.4</accuracy></extensions></trkpt>
<trkpt lat="37.8904899" lon="127.2170434"><time>2026-09-10T06:25:38Z</time><extensions><accuracy>9.1</accuracy></extensions></trkpt>
<trkpt lat="37.8904709" lon="127.2170338"><time>2026-09-10T06:25:39Z</time><extensions><accuracy>8.1</accuracy></extensions></trkpt>
<trkpt lat="37.8904386" lon="127.2170277"><time>2026-09-10T06:25:40Z</time><extensions><accuracy>9.0</accuracy></extensions></trkpt>
<trkpt lat="37.8904213" lon="127.2170268"><time>2026-09-10T06:25:41Z</time><extensions><accuracy>9.8</accuracy></extensions></trkpt>
<trkpt lat="37.8904280" lon="127.2169918"><time>2026-09-10T06:25:42Z</time><extensions><accuracy>8.9</accuracy></extensions></trkpt>
<trkpt lat="37.8904145" lon="127.2169987"><time>2026-09-10T06:25:43Z</time><extensions><accuracy>7.5</accuracy></extensions></trkpt>
<trkpt lat="37.8904060" lon="127.2169760"><time>2026-09-10T06:25:44Z</time><extensions><accuracy>9.3</accuracy></extensions></trkpt>
<trkpt lat="37.8903836" lon="127.2169591"><time>2026-09-10T06:25:45Z</time><extensions><accuracy>7.7</accuracy></extensions></trkpt>
<trkpt lat="37.8903611" lon="127.2169438"><time>2026-09-10T06:25:46Z</time><extensions><accuracy>6.3</accuracy></extensions></trkpt>
<trkpt lat="37.8903425" lon="127.2169462"><time>2026-09-10T06:25:47Z</time><extensions><accuracy>8.3</accuracy></extensions></trkpt>
<trkpt lat="37.8903366" lon="127.2169394"><time>2026-09-10T06:25:48Z</time><extensions><accuracy>9.7</accuracy></extensions></trkpt>
<trkpt lat="37.8903082" lon="127.2169043"><time>2026-09-10T06:25:49Z</time><extensions><accuracy>6.1</accuracy></extensions></trkpt>
<trkpt lat="37.8903024" lon="127.2168897"><time>2026-09-10T06:25:50Z</time><extensions><accuracy>9.4</accuracy></extensions></trkpt>
<trkpt lat="37.8902774" lon="127.2168585"><time>2026-09-10T06:25:51Z</time><extensions><accuracy>6.5</accuracy></extensions></trkpt>
<trkpt lat="37.8902610" lon="127.2168384"><time>2026-09-10T06:25:52Z</time><extensions><accuracy>9.5</accuracy></extensions></trkpt>
<trkpt lat="37.8902303" lon="127.2168192"><time>2026-09-10T06:25:53Z</time><extensions><accuracy>7.7</accuracy></extensions></trkpt>
<trkpt lat="37.8902411" lon="127.2167933"><time>2026-09-10T06:25:54Z</time><extensions><accuracy>9.4</accuracy></extensions></trkpt>
<trkpt lat="37.8902208" lon="127.2167704"><time>2026-09-10T06:25:55Z</time><extensions><accuracy>8.6</accuracy></extensions></trkpt>
<trkpt lat="37.8901913" lon="127.2167821"><time>2026-09-10T06:25:56Z</time><extensions><accuracy>8.8</accuracy></extensions></trkpt>
<trkpt lat="37.8901688" lon="127.2167687"><time>2026-09-10T06:25:57Z</time><extensions><accuracy>7.2</accuracy></extensions></trkpt>
<trkpt lat="37.8901527" lon="127.2167478"><time>2026-09-10T06:25:58Z</time><extensions><accuracy>8.1</accuracy></extensions></trkpt>
<trkpt lat="37.8901247" lon="127.2167297"><time>2026-09-10T06:25:59Z</time><extensions><accuracy>7.8</accuracy></extensions></trkpt>
<trkpt lat="37.8901127" lon="127.2167123"><time>2026-09-10T06:26:00Z</time><extensions><accuracy>8.4</accuracy></extensions></trkpt>
<trkpt lat="37.8900795" lon="127.2167019"><time>2026-09-10T06:26:01Z</time><extensions><accuracy>7.8</accuracy></extensions></trkpt>
<trkpt lat="37.8900712" lon="127.2167019"><time>2026-09-10T06:26:02Z</time><extensions><accuracy>8.6</accuracy></extensions></trkpt>
<trkpt lat="37.8900633" lon="127.2167012"><time>2026-09-10T06:26:03Z</time><extensions><accuracy>6.5</accuracy></extensions></trkpt>
<trkpt lat="37.8900329" lon="127.2167054"><time>2026-09-10T06:26:04Z</time><extensions><accuracy>8.7</accuracy></extensions></trkpt>
<trkpt lat="37.8900277" lon="127.2166728"><time>2026-09-10T06:26:05Z</time><extensions><accuracy>8.0</accuracy></extensions></trkpt>
<trkpt lat="37.8900107" lon="127.2166708"><time>2026-09-10T06:26:06Z</time><extensions><accuracy>9.6</accuracy></extensions></trkpt>
<trkpt lat="37.8899928" lon="127.2166466"><time>2026-09-10T06:26:07Z</time><extensions><accuracy>9.4</accuracy></extensions></trkpt>
<trkpt lat="37.8899839" lon="127.2166443"><time>2026-09-10T06:26:08Z</time><extensions><accuracy>9.3</accuracy></extensions></trkpt>
<trkpt lat="37.8899770" lon="127.2166183"><time>2026-09-10T06:26:09Z</time><extensions><accuracy>8.3</accuracy></extensions></trkpt>
<trkpt lat="37.8899454" lon="127.2165914"><time>2026-09-10T06:26:10Z</time><extensions><accuracy>6.0</accuracy></extensions></trkpt>
<trkpt lat="37.8899454" lon="127.2165819"><time>2026-09-10T06:26:11Z</time><extensions><accuracy>8.4</accuracy></extensions></trkpt>
<trkpt lat="37.8899299" lon="127.2165917"><time>2026-09-10T06:26:12Z</time><extensions><accuracy>10.0</accuracy></extensions></trkpt>
<trkpt lat="37.8899108" lon="127.2165665"><time>2026-09-10T06:26:13Z</time><extensions><accuracy>6.6</accuracy></extensions></trkpt>
<trkpt lat="37.8899081" lon="127.2165545"><time>2026-09-10T06:26:14Z</time><extensions><accuracy>6.2</accuracy></extensions></trkpt>
<trkpt lat="37.8898956" lon="127.2165644"><time>2026-09-10T06:26:15Z</time><extensions><accuracy>8.0</accuracy></extensions></trkpt>
<trkpt lat="37.8899024" lon="127.2165684"><time>2026-09-10T06:26:16Z</time><extensions><accuracy>6.9</accuracy></extensions></trkpt>
<trkpt lat="37.8898966" lon="127.2165837"><time>2026-09-10T06:26:17Z</time><extensions><accuracy>9.9</accuracy></extensions></trkpt>
<trkpt lat="37.8898895" lon="127.2165667"><time>2026-09-10T06:26:18Z</time><extensions><accuracy>6.3</accuracy></extensions></trkpt>
<trkpt lat="37.8898746" lon="127.2165338"><time>2026-09-10T06:26:19Z</time><extensions><accuracy>6.7</accuracy></extensions></trkpt>
<trkpt lat="37.8898666" lon="127.2164836"><time>2026-09-10T06:26:20Z</time><extensions><accuracy>7.8</accuracy></extensions></trkpt>
<trkpt lat="37.8898589" lon="127.2164975"><time>2026-09-10T06:26:21Z</time><extensions><accuracy>9.2</accuracy></extensions></trkpt>
<trkpt lat="37.8898458" lon="127.2164639"><time>2026-09-10T06:26:22Z</time><extensions><accuracy>9.9</accuracy></extensions></trkpt>
<trkpt lat="37.8898092" lon="127.2164663"><time>2026-09-10T06:26:23Z</time><extensions><accuracy>10.0</accuracy></extensions></trkpt>
<trkpt lat="37.8897974" lon="127.2164371"><time>2026-09-10T06:26:24Z</time><extensions><accuracy>9.1</accuracy></extensions></trkpt>
<trkpt lat="37.8897899" lon="127.2164131"><time>2026-09-10T06:26:25Z</time><extensions><accuracy>7.3</accuracy></extensions></trkpt>
<trkpt lat="37.8897810" lon="127.2164236"><time>2026-09-10T06:26:26Z</time><extensions><accuracy>6.5</accuracy></extensions></trkpt>
<trkpt lat="37.8897831" lon="127.2164209"><time>2026-09-10T06:26:27Z</time><extensions><accuracy>6.2</accuracy></extensions></trkpt>
<trkpt lat="37.8897742" lon="127.2164101"><time>2026-09-10T06:26:28Z</time><extensions><accuracy>7.8</accuracy></extensions></trkpt>
<trkpt lat="37.8897624" lon="127.2163907"><time>2026-09-10T06:26:29Z</time><extensions><accuracy>7.8</accuracy></extensions></trkpt>
<trkpt lat="37.8897765" lon="127.2163774"><time>2026-09-10T06:26:30Z</time><extensions><accuracy>9.7</accuracy></extensions></trkpt>
<trkpt lat="37.8897494" lon="127.2163715"><time>2026-09-10T06:26:31Z</time><extensions><accuracy>7.2</accuracy></extensions></trkpt>
<trkpt lat="37.8897320" lon="127.2163729"><time>2026-09-10T06:26:32Z</time><extensions><accuracy>7.6</accuracy></extensions></trkpt>
<trkpt lat="37.8897073" lon="127.2163521"><time>2026-09-10T06:26:33Z</time><extensions><accuracy>8.0</accuracy></extensions></trkpt>
<trkpt lat="37.8896910" lon="127.2163353"><time>2026-09-10T06:26:34Z</time><extensions><accuracy>6.7</accuracy></extensions></trkpt>
<trkpt lat="37.8896700" lon="127.2163356"><time>2026-09-10T06:26:35Z</time><extensions><accuracy>6.5</accuracy></extensions></trkpt>
<trkpt lat="37.8896735" lon="127.2163133"><time>2026-09-10T06:26:36Z</time><extensions><accuracy>6.3</accuracy></extensions></trkpt>
<trkpt lat="37.8896500" lon="127.2162930"><time>2026-09-10T06:26:37Z</time><extensions><accuracy>7.9</accuracy></extensions></trkpt>
<trkpt lat="37.8896470" lon="127.2162686"><time>2026-09-10T06:26:38Z</time><extensions><accuracy>6.1</accuracy></extensions></trkpt>
<trkpt lat="37.8896271" lon="127.2162610"><time>2026-09-10T06:26:39Z</time><extensions><accuracy>9.6</accuracy></extensions></trkpt>
<trkpt lat="37.8896197" lon="127.2162456"><time>2026-09-10T06:26:40Z</time><extensions><accuracy>8.6</accuracy></extensions></trkpt>
<trkpt lat="37.8896196" lon="127.2162366"><time>2026-09-10T06:26:41Z</time><extensions><accuracy>8.2</accuracy></extensions></trkpt>
<trkpt lat="37.8895883" lon="127.2162453"><time>2026-09-10T06:26:42Z</time><extensions><accuracy>7.8</accuracy></extensions></trkpt>
<trkpt lat="37.8895569" lon="127.2162414"><time>2026-09-10T06:26:43Z</time><extensions><accuracy>7.9</accuracy></extensions></trkpt>
<trkpt lat="37.8895469" lon="127.2162318"><time>2026-09-10T06:26:44Z</time><extensions><accuracy>9.7</accuracy></extensions></trkpt>
<trkpt lat="37.8895279" lon="127.2161921"><time>2026-09-10T06:26:45Z</time><extensions><accuracy>9.9</accuracy></extensions></trkpt>
<trkpt lat="37.8895292" lon="127.2161709"><time>2026-09-10T06:26:46Z</time><extensions><accuracy>9.9</accuracy></extensions></trkpt>
<trkpt lat="37.8895116" lon="127.2161426"><time>2026-09-10T06:26:47Z</time><extensions><accuracy>6.8</accuracy></extensions></trkpt>
<trkpt lat="37.8894859" lon="127.2161320"><time>2026-09-10T06:26:48Z</time><extensions><accuracy>8.6</accuracy></extensions></trkpt>
<trkpt lat="37.8894716" lon="127.2161028"><time>2026-09-10T06:26:49Z</time><extensions><accuracy>8.2</accuracy></extensions></trkpt>
<trkpt lat="37.8894635" lon="127.2160896"><time>2026-09-10T06:26:50Z</time><extensions><accuracy>9.0</accuracy></extensions></trkpt>
<trkpt lat="37.8894446" lon="127.2161048"><time>2026-09-10T06:26:51Z</time><extensions><accuracy>8.6</accuracy></extensions></trkpt>
<trkpt lat="37.8894303" lon="127.2160784"><time>2026-09-10T06:26:52Z</time><extensions><accuracy>7.7</accuracy></extensions></trkpt>
<trkpt lat="37.8894104" lon="127.2160495"><time>2026-09-10T06:26:53Z</time><extensions><accuracy>8.8</accuracy></extensions></trkpt>
<trkpt lat="37.8894019" lon="127.2160511"><time>2026-09-10T06:26:54Z</time><extensions><accuracy>9.2</accuracy></extensions></trkpt>
<trkpt lat="37.8893786" lon="127.2159987"><time>2026-09-10T06:26:55Z</time><extensions><accuracy>7.0</accuracy></extensions></trkpt>
<trkpt lat="37.8893649" lon="127.2159855"><time>2026-09-10T06:26:56Z</time><extensions><accuracy>9.2</accuracy></extensions></trkpt>
<trkpt lat="37.8893581" lon="127.2159801"><time>2026-09-10T06:26:57Z</time><extensions><accuracy>6.9</accuracy></extensions></trkpt>
<trkpt lat="37.8893498" lon="127.2159495"><time>2026-09-10T06:26:58Z</time><extensions><accuracy>9.8</accuracy></extensions></trkpt>
<trkpt lat="37.8893395" lon="127.2159561"><time>2026-09-10T06:26:59Z</time><extensions><accuracy>6.4</accuracy></extensions></trkpt>
<trkpt lat="37.8893250" lon="127.2159231"><time>2026-09-10T06:27:00Z</time><extensions><accuracy>9.1</accuracy></extensions></trkpt>
<trkpt lat="37.8893080" lon="127.2159104"><time>2026-09-10T06:27:01Z</time><extensions><accuracy>9.7</accuracy></extensions></trkpt>
<trkpt lat="37.8892971" lon="127.2159267"><time>2026-09-10T06:27:02Z</time><extensions><accuracy>7.2</accuracy></extensions></trkpt>
<trkpt lat="37.8892798" lon="127.2159020"><time>2026-09-10T06:27:03Z</time><extensions><accuracy>9.3</accuracy></extensions></trkpt>
<trkpt lat="37.8892771" lon="127.2159144"><time>2026-09-10T06:27:04Z</time><extensions><accuracy>9.3</accuracy></extensions></trkpt>
<trkpt lat="37.8892624" lon="127.2159133"><time>2026-09-10T06:27:05Z</time><extensions><accuracy>7.5</accuracy></extensions></trkpt>
<trkpt lat="37.8892452" lon="127.2158684"><time>2026-09-10T06:27:06Z</time><extensions><accuracy>9.3</accuracy></extensions></trkpt>
<trkpt lat="37.8892441" lon="127.2158517"><time>2026-09-10T06:27:07Z</time><extensions><accuracy>6.1</accuracy></extensions></trkpt>
<trkpt lat="37.8892306" lon="127.2158200"><time>2026-09-10T06:27:08Z</time><extensions><accuracy>9.8</accuracy></extensions></trkpt>
<trkpt lat="37.8892345" lon="127.2157856"><time>2026-09-10T06:27:09Z</time><extensions><accuracy>7.9</accuracy></extensions></trkpt>
<trkpt lat="37.8892546" lon="127.2157578"><time>2026-09-10T06:27:10Z</time><extensions><accuracy>7.6</accuracy></extensions></trkpt>
<trkpt lat="37.8892451" lon="127.2157567"><time>2026-09-10T06:27:11Z</time><extensions><accuracy>8.6</accuracy></extensions></trkpt>
<trkpt lat="37.8892446" lon="127.2157441"><time>2026-09-10T06:27:12Z</time><extensions><accuracy>7.9</accuracy></extensions></trkpt>
<trkpt lat="37.8892366" lon="127.2157242"><time>2026-09-10T06:27:13Z</time><extensions><accuracy>7.2</accuracy></extensions></trkpt>
<trkpt lat="37.8892414" lon="127.2157099"><time>2026-09-10T06:27:14Z</time><extensions><accuracy>6.2</accuracy></extensions></trkpt>
<trkpt lat="37.8892120" lon="127.2157000"><time>2026-09-10T06:27:15Z</time><extensions><accuracy>8.6</accuracy></extensions></trkpt>
<trkpt lat="37.8891896" lon="127.2157164"><time>2026-09-10T06:27:16Z</time><extensions><accuracy>8.1</accuracy></extensions></trkpt>
<trkpt lat="37.8891713" lon="127.2156991"><time>2026-09-10T06:27:17Z</time><extensions><accuracy>6.6</accuracy></extensions></trkpt>
<trkpt lat="37.8891551" lon="127.2156934"><time>2026-09-10T06:27:18Z</time><extensions><accuracy>9.7</accuracy></extensions></trkpt>
<trkpt lat="37.8891482" lon="127.2156858"><time>2026-09-10T06:27:19Z</time><extensions><accuracy>9.1</accuracy></extensions></trkpt>
<trkpt lat="37.8891307" lon="127.2156758"><time>2026-09-10T06:27:20Z</time><extensions><accuracy>6.2</accuracy></extensions></trkpt>
<trkpt lat="37.8891180" lon="127.2156728"><time>2026-09-10T06:27:21Z</time><extensions><accuracy>9.3</accuracy></extensions></trkpt>
<trkpt lat="37.8891183" lon="127.2156652"><time>2026-09-10T06:27:22Z</time><extensions><accuracy>9.4</accuracy></extensions></trkpt>
<trkpt lat="37.8891073" lon="127.2156419"><time>2026-09-10T06:27:23Z</time><extensions><accuracy>6.1</accuracy></extensions></trkpt>
<trkpt lat="37.8890826" lon="127.2156441"><time>2026-09-10T06:27:24Z</time><extensions><accuracy>9.4</accuracy></extensions></trkpt>
<trkpt lat="37.8890612" lon="127.2156317"><time>2026-09-10T06:27:25Z</time><extensions><accuracy>8.9</accuracy></extensions></trkpt>
<trkpt lat="37.8890431" lon="127.2156108"><time>2026-09-10T06:27:26Z</time><extensions><accuracy>8.0</accuracy></extensions></trkpt>
<trkpt lat="37.8890295" lon="127.2155884"><time>2026-09-10T06:27:27Z</time><extensions><accuracy>6.3</accuracy></extensions></trkpt>
<trkpt lat="37.8890213" lon="127.2155934"><time>2026-09-10T06:27:28Z</time><extensions><accuracy>6.8</accuracy></extensions></trkpt>
<trkpt lat="37.8890045" lon="127.2155692"><time>2026-09-10T06:27:29Z</time><extensions><accuracy>6.1</accuracy></extensions></trkpt>
<trkpt lat="37.8889760" lon="127.2155587"><time>2026-09-10T06:27:30Z</time><extensions><accuracy>6.7</accuracy></extensions></trkpt>
<trkpt lat="37.8889633" lon="127.2155622"><time>2026-09-10T06:27:31Z</time><extensions><accuracy>8.0</accuracy></extensions></trkpt>
<trkpt lat="37.8889575" lon="127.2155422"><time>2026-09-10T06:27:32Z</time><extensions><accuracy>8.0</accuracy></extensions></trkpt>
<trkpt lat="37.8889435" lon="127.2154935"><time>2026-09-10T06:27:33Z</time><extensions><accuracy>7.9</accuracy></extensions></trkpt>
<trkpt lat="37.8889329" lon="127.2154654"><time>2026-09-10T06:27:34Z</time><extensions><accuracy>7.2</accuracy></extensions></trkpt>
<trkpt lat="37.8889039" lon="127.2154107"><time>2026-09-10T06:27:35Z</time><extensions><accuracy>6.8</accuracy></extensions></trkpt>
<trkpt lat="37.8889024" lon="127.2153994"><time>2026-09-10T06:27:36Z</time><extensions><accuracy>9.3</accuracy></extensions></trkpt>
<trkpt lat="37.8888921" lon="127.2153580"><time>2026-09-10T06:27:37Z</time><extensions><accuracy>9.1</accuracy></extensions></trkpt>
<trkpt lat="37.8888903" lon="127.2153524"><time>2026-09-10T06:27:38Z</time><extensions><accuracy>6.0</accuracy></extensions></trkpt>
<trkpt lat="37.8888647" lon="127.2153215"><time>2026-09-10T06:27:39Z</time><extensions><accuracy>7.0</accuracy></extensions></trkpt>
<trkpt lat="37.8888626" lon="127.2153088"><time>2026-09-10T06:27:40Z</time><extensions><accuracy>7.7</accuracy></extensions></trkpt>
<trkpt lat="37.8888424" lon="127.2152945"><time>2026-09-10T06:27:41Z</time><extensions><accuracy>8.3</accuracy></extensions></trkpt>
<trkpt lat="37.8888138" lon="127.2152758"><time>2026-09-10T06:27:42Z</time><extensions><accuracy>8.7</accuracy></extensions></trkpt>
<trkpt lat="37.8888012" lon="127.2152891"><time>2026-09-10T06:27:43Z</time><extensions><accuracy>8.2</accuracy></extensions></trkpt>
<trkpt lat="37.8887970" lon="127.2152776"><time>2026-09-10T06:27:44Z</time><extensions><accuracy>7.8</accuracy></extensions></trkpt>
<trkpt lat="37.8887680" lon="127.2152717"><time>2026-09-10T06:27:45Z</time><extensions><accuracy>9.3</accuracy></extensions></trkpt>
<trkpt lat="37.8887453" lon="127.2152581"><time>2026-09-10T06:27:46Z</time><extensions><accuracy>6.8</accuracy></extensions></trkpt>
<trkpt lat="37.8887285" lon="127.2152144"><time>2026-09-10T06:27:47Z</time><extensions><accuracy>8.0</accuracy></extensions></trkpt>
<trkpt lat="37.8887412" lon="127.2152036"><time>2026-09-10T06:27:48Z</time><extensions><accuracy>7.8</accuracy></extensions></trkpt>
<trkpt lat="37.8887296" lon="127.2151731"><time>2026-09-10T06:27:49Z</time><extensions><accuracy>9.7</accuracy></extensions></trkpt>
<trkpt lat="37.8887359" lon="127.2151349"><time>2026-09-10T06:27:50Z</time><extensions><accuracy>10.0</accuracy></extensions></trkpt>
<trkpt lat="37.8887174" lon="127.2151150"><time>2026-09-10T06:27:51Z</time><extensions><accuracy>7.6</accuracy></extensions></trkpt>
<trkpt lat="37.8886956" lon="127.2151042"><time>2026-09-10T06:27:52Z</time><extensions><accuracy>6.9</accuracy></extensions></trkpt>
<trkpt lat="37.8887062" lon="127.2150911"><time>2026-09-10T06:27:53Z</time><extensions><accuracy>6.5</accuracy></extensions></trkpt>
<trkpt lat="37.8886903" lon="127.2150820"><time>2026-09-10T06:27:54Z</time><extensions><accuracy>6.4</accuracy></extensions></trkpt>
<trkpt lat="37.8886761" lon="127.2150559"><time>2026-09-10T06:27:55Z</time><extensions><accuracy>7.6</accuracy></extensions></trkpt>
<trkpt lat="37.8886860" lon="127.2150502"><time>2026-09-10T06:27:56Z</time><extensions><accuracy>8.0</accuracy></extensions></trkpt>
<trkpt lat="37.8886648" lon="127.2150309"><time>2026-09-10T06:27:57Z</time><extensions><accuracy>9.9</accuracy></extensions></trkpt>
<trkpt lat="37.8886489" lon="127.2150170"><time>2026-09-10T06:27:58Z</time><extensions><accuracy>7.8</accuracy></extensions></trkpt>
<trkpt lat="37.8886503" lon="127.2150147"><time>2026-09-10T06:27:59Z</time><extensions><accuracy>6.4</accuracy></extensions></trkpt>
<trkpt lat="37.8886286" lon="127.2150070"><time>2026-09-10T06:28:00Z</time><extensions><accuracy>9.4</accuracy></extensions></trkpt>
<trkpt lat="37.8885987" lon="127.2149911"><time>2026-09-10T06:28:01Z</time><extensions><accuracy>6.4</accuracy></extensions></trkpt>
<trkpt lat="37.8886092" lon="127.2149537"><time>2026-09-10T06:28:02Z</time><extensions><accuracy>7.1</accuracy></extensions></trkpt>
<trkpt lat="37.8886090" lon="127.2149254"><time>2026-09-10T06:28:03Z</time><extensions><accuracy>7.0</accuracy></extensions></trkpt>
<trkpt lat="37.8885862" lon="127.2149161"><time>2026-09-10T06:28:04Z</time><extensions><accuracy>7.6</accuracy></extensions></trkpt>
<trkpt lat="37.8885651" lon="127.2148930"><time>2026-09-10T06:28:05Z</time><extensions><accuracy>6.1</accuracy></extensions></trkpt>
<trkpt lat="37.8885398" lon="127.2148738"><time>2026-09-10T06:28:06Z</time><extensions><accuracy>8.7</accuracy></extensions></trkpt>
<trkpt lat="37.8885337" lon="127.2148589"><time>2026-09-10T06:28:07Z</time><extensions><accuracy>8.5</accuracy></extensions></trkpt>
<trkpt lat="37.8885183" lon="127.2148366"><time>2026-09-10T06:28:08Z</time><extensions><accuracy>8.2</accuracy></extensions></trkpt>
<trkpt lat="37.8885001" lon="127.2148568"><time>2026-09-10T06:28:09Z</time><extensions><accuracy>8.1</accuracy></extensions></trkpt>
<trkpt lat="37.8884980" lon="127.2148177"><time>2026-09-10T06:28:10Z</time><extensions><accuracy>8.6</accuracy></extensions></trkpt>
<trkpt lat="37.8884923" lon="127.2147977"><time>2026-09-10T06:28:11Z</time><extensions><accuracy>9.2</accuracy></extensions></trkpt>
<trkpt lat="37.8884711" lon="127.2147852"><time>2026-09-10T06:28:12Z</time><extensions><accuracy>6.3</accuracy></extensions></trkpt>
<trkpt lat="37.8884774" lon="127.2147910"><time>2026-09-10T06:28:13Z</time><extensions><accuracy>7.2</accuracy></extensions></trkpt>
<trkpt lat="37.8884616" lon="127.2147703"><time>2026-09-10T06:28:14Z</time><extensions><accuracy>6.7</accuracy></extensions></trkpt>
<trkpt lat="37.8884590" lon="127.2147495"><time>2026-09-10T06:28:15Z</time><extensions><accuracy>6.0</accuracy></extensions></trkpt>
<trkpt lat="37.8884525" lon="127.2147405"><time>2026-09-10T06:28:16Z</time><extensions><accuracy>8.6</accuracy></extensions></trkpt>
<trkpt lat="37.8884445" lon="127.2147382"><time>2026-09-10T06:28:17Z</time><extensions><accuracy>9.5</accuracy></extensions></trkpt>
<trkpt lat="37.8884170" lon="127.2147170"><time>2026-09-10T06:28:18Z</time><extensions><accuracy>7.8</accuracy></extensions></trkpt>
<trkpt lat="37.8884123" lon="127.2146996"><time>2026-09-10T06:28:19Z</time><extensions><accuracy>7.1</accuracy></extensions></trkpt>
<trkpt lat="37.8884011" lon="127.2146750"><time>2026-09-10T06:28:20Z</time><extensions><accuracy>9.7</accuracy></extensions></trkpt>
<trkpt lat="37.8883858" lon="127.2146455"><time>2026-09-10T06:28:21Z</time><extensions><accuracy>9.1</accuracy></extensions></trkpt>
<trkpt lat="37.8883703" lon="127.2146565"><time>2026-09-10T06:28:22Z</time><extensions><accuracy>8.4</accuracy></extensions></trkpt>
<trkpt lat="37.8883675" lon="127.2146503"><time>2026-09-10T06:28:23Z</time><extensions><accuracy>6.1</accuracy></extensions></trkpt>
<trkpt lat="37.8883383" lon="127.2146247"><time>2026-09-10T06:28:24Z</time><extensions><accuracy>8.1</accuracy></extensions></trkpt>
<trkpt lat="37.8883184" lon="127.2146388"><time>2026-09-10T06:28:25Z</time><extensions><accuracy>7.8</accuracy></extensions></trkpt>
<trkpt lat="37.8882973" lon="127.2146279"><time>2026-09-10T06:28:26Z</time><extensions><accuracy>6.4</accuracy></extensions></trkpt>
<trkpt lat="37.8883164" lon="127.2146243"><time>2026-09-10T06:28:27Z</time><extensions><accuracy>9.4</accuracy></extensions></trkpt>
<trkpt lat="37.8883142" lon="127.2146045"><time>2026-09-10T06:28:28Z</time><extensions><accuracy>7.9</accuracy></extensions></trkpt>
<trkpt lat="37.8883060" lon="127.2145708"><time>2026-09-10T06:28:29Z</time><extensions><accuracy>8.0</accuracy></extensions></trkpt>
<trkpt lat="37.8882968" lon="127.2145661"><time>2026-09-10T06:28:30Z</time><extensions><accuracy>8.6</accuracy></extensions></trkpt>
<trkpt lat="37.8882885" lon="127.2145477"><time>2026-09-10T06:28:31Z</time><extensions><accuracy>7.9</accuracy></extensions></trkpt>
<trkpt lat="37.8882852" lon="127.2145365"><time>2026-09-10T06:28:32Z</time><extensions><accuracy>6.1</accuracy></extensions></trkpt>
<trkpt lat="37.8882668" lon="127.2144984"><time>2026-09-10T06:28:33Z</time><extensions><accuracy>9.9</accuracy></extensions></trkpt>
<trkpt lat="37.8882636" lon="127.2144487"><time>2026-09-10T06:28:34Z</time><extensions><accuracy>8.5</accuracy></extensions></trkpt>
<trkpt lat="37.8882511" lon="127.2144225"><time>2026-09-10T06:28:35Z</time><extensions><accuracy>6.1</accuracy></extensions></trkpt>
<trkpt lat="37.8882402" lon="127.2144241"><time>2026-09-10T06:28:36Z</time><extensions><accuracy>9.2</accuracy></extensions></trkpt>
<trkpt lat="37.8882398" lon="127.2143852"><time>2026-09-10T06:28:37Z</time><extensions><accuracy>9.1</accuracy></extensions></trkpt>
<trkpt lat="37.8882203" lon="127.2143458"><time>2026-09-10T06:28:38Z</time><extensions><accuracy>9.5</accuracy></extensions></trkpt>
<trkpt lat="37.8882091" lon="127.2143428"><time>2026-09-10T06:28:39Z</time><extensions><accuracy>7.4</accuracy></extensions></trkpt>
<trkpt lat="37.8882088" lon="127.2143355"><time>2026-09-10T06:28:40Z</time><extensions><accuracy>6.8</accuracy></extensions></trkpt>
<trkpt lat="37.8881976" lon="127.2143092"><time>2026-09-10T06:28:41Z</time><extensions><accuracy>6.9</accuracy></extensions></trkpt>
<trkpt lat="37.8881710" lon="127.2142640"><time>2026-09-10T06:28:42Z</time><extensions><accuracy>6.3</accuracy></extensions></trkpt>
<trkpt lat="37.8881642" lon="127.2142309"><time>2026-09-10T06:28:43Z</time><extensions><accuracy>6.3</accuracy></extensions></trkpt>
<trkpt lat="37.8881551" lon="127.2142086"><time>2026-09-10T06:28:44Z</time><extensions><accuracy>8.6</accuracy></extensions></trkpt>
<trkpt lat="37.8881490" lon="127.2141888"><time>2026-09-10T06:28:45Z</time><extensions><accuracy>6.2</accuracy></extensions></trkpt>
<trkpt lat="37.8881319" lon="127.2141779"><time>2026-09-10T06:28:46Z</time><extensions><accuracy>8.7</accuracy></extensions></trkpt>
<trkpt lat="37.8881107" lon="127.2141699"><time>2026-09-10T06:28:47Z</time><extensions><accuracy>6.4</accuracy></extensions></trkpt>
<trkpt lat="37.8880822" lon="127.2141476"><time>2026-09-10T06:28:48Z</time><extensions><accuracy>6.4</accuracy></extensions></trkpt>
<trkpt lat="37.8880661" lon="127.2141521"><time>2026-09-10T06:28:49Z</time><extensions><accuracy>6.0</accuracy></extensions></trkpt>
<trkpt lat="37.8880516" lon="127.2141196"><time>2026-09-10T06:28:50Z</time><extensions><accuracy>9.4</accuracy></extensions></trkpt>
<trkpt lat="37.8880377" lon="127.2141071"><time>2026-09-10T06:28:51Z</time><extensions><accuracy>7.9</accuracy></extensions></trkpt>
<trkpt lat="37.8880438" lon="127.2140844"><time>2026-09-10T06:28:52Z</time><extensions><accuracy>7.2</accuracy></extensions></trkpt>
<trkpt lat="37.8880286" lon="127.2140585"><time>2026-09-10T06:28:53Z</time><extensions><accuracy>9.7</accuracy></extensions></trkpt>
<trkpt lat="37.8880191" lon="127.2140444"><time>2026-09-10T06:28:54Z</time><extensions><accuracy>8.1</accuracy></extensions></trkpt>
<trkpt lat="37.8880186" lon="127.2140002"><time>2026-09-10T06:28:55Z</time><extensions><accuracy>8.3</accuracy></extensions></trkpt>
<trkpt lat="37.8880203" lon="127.2139928"><time>2026-09-10T06:28:56Z</time><extensions><accuracy>6.4</accuracy></extensions></trkpt>
<trkpt lat="37.8880110" lon="127.2139701"><time>2026-09-10T06:28:57Z</time><extensions><accuracy>7.7</accuracy></extensions></trkpt>
<trkpt lat="37.8880174" lon="127.2139404"><time>2026-09-10T06:28:58Z</time><extensions><accuracy>9.0</accuracy></extensions></trkpt>
<trkpt lat="37.8879985" lon="127.2139134"><time>2026-09-10T06:28:59Z</time><extensions><accuracy>7.3</accuracy></extensions></trkpt>
<trkpt lat="37.8879907" lon="127.2139094"><time>2026-09-10T06:29:00Z</time><extensions><accuracy>6.8</accuracy></extensions></trkpt>
<trkpt lat="37.8879692" lon="127.2138818"><time>2026-09-10T06:29:01Z</time><extensions><accuracy>7.1</accuracy></extensions></trkpt>
<trkpt lat="37.8879590" lon="127.2138647"><time>2026-09-10T06:29:02Z</time><extensions><accuracy>7.8</accuracy></extensions></trkpt>
<trkpt lat="37.8879740" lon="127.2138702"><time>2026-09-10T06:29:03Z</time><extensions><accuracy>8.5</accuracy></extensions></trkpt>
<trkpt lat="37.8879569" lon="127.2138521"><time>2026-09-10T06:29:04Z</time><extensions><accuracy>8.4</accuracy></extensions></trkpt>
<trkpt lat="37.8879564" lon="127.2138335"><time>2026-09-10T06:29:05Z</time><extensions><accuracy>8.7</accuracy></extensions></trkpt>
<trkpt lat="37.8879410" lon="127.2138183"><time>2026-09-10T06:29:06Z</time><extensions><accuracy>8.7</accuracy></extensions></trkpt>
<trkpt lat="37.8879220" lon="127.2138355"><time>2026-09-10T06:29:07Z</time><extensions><accuracy>7.6</accuracy></extensions></trkpt>
<trkpt lat="37.8879127" lon="127.2138296"><time>2026-09-10T06:29:08Z</time><extensions><accuracy>7.2</accuracy></extensions></trkpt>
<trkpt lat="37.8878864" lon="127.2138350"><time>2026-09-10T06:29:09Z</time><extensions><accuracy>9.1</accuracy></extensions></trkpt>
<trkpt lat="37.8878976" lon="127.2137811"><time>2026-09-10T06:29:10Z</time><extensions><accuracy>7.4</accuracy></extensions></trkpt>
<trkpt lat="37.8878763" lon="127.2137507"><time>2026-09-10T06:29:11Z</time><extensions><accuracy>6.6</accuracy></extensions></trkpt>
<trkpt lat="37.8878636" lon="127.2137311"><time>2026-09-10T06:29:12Z</time><extensions><accuracy>9.2</accuracy></extensions></trkpt>
<trkpt lat="37.8878443" lon="127.2136931"><time>2026-09-10T06:29:13Z</time><extensions><accuracy>9.0</accuracy></extensions></trkpt>
<trkpt lat="37.8878426" lon="127.2136732"><time>2026-09-10T06:29:14Z</time><extensions><accuracy>6.4</accuracy></extensions></trkpt>
<trkpt lat="37.8878206" lon="127.2136579"><time>2026-09-10T06:29:15Z</time><extensions><accuracy>7.1</accuracy></extensions></trkpt>
<trkpt lat="37.8878187" lon="127.2136275"><time>2026-09-10T06:29:16Z</time><extensions><accuracy>7.3</accuracy></extensions></trkpt>
<trkpt lat="37.8878156" lon="127.2135999"><time>2026-09-10T06:29:17Z</time><extensions><accuracy>9.2</accuracy></extensions></trkpt>
<trkpt lat="37.8878232" lon="127.2135818"><time>2026-09-10T06:29:18Z</time><extensions><accuracy>6.4</accuracy></extensions></trkpt>
<trkpt lat="37.8878134" lon="127.2135887"><time>2026-09-10T06:29:19Z</time><extensions><accuracy>7.9</accuracy></extensions></trkpt>
<trkpt lat="37.8878201" lon="127.2135959"><time>2026-09-10T06:29:20Z</time><extensions><accuracy>8.1</accuracy></extensions></trkpt>
<trkpt lat="37.8878193" lon="127.2135821"><time>2026-09-10T06:29:21Z</time><extensions><accuracy>9.5</accuracy></extensions></trkpt>
<trkpt lat="37.8878180" lon="127.2135336"><time>2026-09-10T06:29:22Z</time><extensions><accuracy>8.6</accuracy></extensions></trkpt>
<trkpt lat="37.8878256" lon="127.2135256"><time>2026-09-10T06:29:23Z</time><extensions><accuracy>7.6</accuracy></extensions></trkpt>
<trkpt lat="37.8878250" lon="127.2135099"><time>2026-09-10T06:29:24Z</time><extensions><accuracy>8.3</accuracy></extensions></trkpt>
<trkpt lat="37.8878023" lon="127.2134738"><time>2026-09-10T06:29:25Z</time><extensions><accuracy>9.1</accuracy></extensions></trkpt>
<trkpt lat="37.8877941" lon="127.2134272"><time>2026-09-10T06:29:26Z</time><extensions><accuracy>9.9</accuracy></extensions></trkpt>
<trkpt lat="37.8877799" lon="127.2133884"><time>2026-09-10T06:29:27Z</time><extensions><accuracy>7.8</accuracy></extensions></trkpt>
<trkpt lat="37.8877845" lon="127.2133532"><time>2026-09-10T06:29:28Z</time><extensions><accuracy>9.8</accuracy></extensions></trkpt>
<trkpt lat="37.8877712" lon="127.2133521"><time>2026-09-10T06:29:29Z</time><extensions><accuracy>6.9</accuracy></extensions></trkpt>
<trkpt lat="37.8877575" lon="127.2133185"><time>2026-09-10T06:29:30Z</time><extensions><accuracy>8.8</accuracy></extensions></trkpt>
<trkpt lat="37.8877626" lon="127.2132977"><time>2026-09-10T06:29:31Z</time><extensions><accuracy>6.5</accuracy></extensions></trkpt>
<trkpt lat="37.8877410" lon="127.2132991"><time>2026-09-10T06:29:32Z</time><extensions><accuracy>9.8</accuracy></extensions></trkpt>
<trkpt lat="37.8877329" lon="127.2132765"><time>2026-09-10T06:29:33Z</time><extensions><accuracy>7.2</accuracy></extensions></trkpt>
<trkpt lat="37.8877440" lon="127.2132607"><time>2026-09-10T06:29:34Z</time><extensions><accuracy>6.6</accuracy></extensions></trkpt>
<trkpt lat="37.8876931" lon="127.2132257"><time>2026-09-10T06:29:35Z</time><extensions><accuracy>9.8</accuracy></extensions></trkpt>
<trkpt lat="37.8876717" lon="127.2132202"><time>2026-09-10T06:29:36Z</time><extensions><accuracy>9.6</accuracy></extensions></trkpt>
<trkpt lat="37.8876640" lon="127.2131746"><time>2026-09-10T06:29:37Z</time><extensions><accuracy>7.3</accuracy></extensions></trkpt>
<trkpt lat="37.8876405" lon="127.2131591"><time>2026-09-10T06:29:38Z</time><extensions><accuracy>7.8</accuracy></extensions></trkpt>
<trkpt lat="37.8876193" lon="127.2131483"><time>2026-09-10T06:29:39Z</time><extensions><accuracy>8.2</accuracy></extensions></trkpt>
<trkpt lat="37.8876061" lon="127.2131358"><time>2026-09-10T06:29:40Z</time><extensions><accuracy>7.5</accuracy></extensions></trkpt>
<trkpt lat="37.8875852" lon="127.2131300"><time>2026-09-10T06:29:41Z</time><extensions><accuracy>9.8</accuracy></extensions></trkpt>
<trkpt lat="37.8875865" lon="127.2131431"><time>2026-09-10T06:29:42Z</time><extensions><accuracy>7.5</accuracy></extensions></trkpt>
<trkpt lat="37.8875870" lon="127.2131072"><time>2026-09-10T06:29:43Z</time><extensions><accuracy>8.6</accuracy></extensions></trkpt>
<trkpt lat="37.8875984" lon="127.2131031"><time>2026-09-10T06:29:44Z</time><extensions><accuracy>6.9</accuracy></extensions></trkpt>
<trkpt lat="37.8875961" lon="127.2130683"><time>2026-09-10T06:29:45Z</time><extensions><accuracy>6.6</accuracy></extensions></trkpt>
<trkpt lat="37.8875697" lon="127.2130654"><time>2026-09-10T06:29:46Z</time><extensions><accuracy>7.4</accuracy></extensions></trkpt>
<trkpt lat="37.8875544" lon="127.2130635"><time>2026-09-10T06:29:47Z</time><extensions><accuracy>9.7</accuracy></extensions></trkpt>
<trkpt lat="37.8875398" lon="127.2130348"><time>2026-09-10T06:29:48Z</time><extensions><accuracy>7.4</accuracy></extensions></trkpt>
<trkpt lat="37.8875455" lon="127.2130188"><time>2026-09-10T06:29:49Z</time><extensions><accuracy>9.5</accuracy></extensions></trkpt>
<trkpt lat="37.8875380" lon="127.2129912"><time>2026-09-10T06:29:50Z</time><extensions><accuracy>7.5</accuracy></extensions></trkpt>
<trkpt lat="37.8875154" lon="127.2129810"><time>2026-09-10T06:29:51Z</time><extensions><accuracy>6.4</accuracy></extensions></trkpt>
<trkpt lat="37.8874991" lon="127.2129548"><time>2026-09-10T06:29:52Z</time><extensions><accuracy>6.4</accuracy></extensions></trkpt>
<trkpt lat="37.8874986" lon="127.2129327"><time>2026-09-10T06:29:53Z</time><extensions><accuracy>9.0</accuracy></extensions></trkpt>
<trkpt lat="37.8874751" lon="127.2129068"><time>2026-09-10T06:29:54Z</time><extensions><accuracy>9.6</accuracy></extensions></trkpt>
<trkpt lat="37.8874725" lon="127.2129152"><time>2026-09-10T06:29:55Z</time><extensions><accuracy>6.9</accuracy></extensions></trkpt>
<trkpt lat="37.8874799" lon="127.2128848"><time>2026-09-10T06:29:56Z</time><extensions><accuracy>8.9</accuracy></extensions></trkpt>
<trkpt lat="37.8874876" lon="127.2128531"><time>2026-09-10T06:29:57Z</time><extensions><accuracy>9.5</accuracy></extensions></trkpt>
<trkpt lat="37.8874692" lon="127.2128224"><time>2026-09-10T06:29:58Z</time><extensions><accuracy>7.4</accuracy></extensions></trkpt>
<trkpt lat="37.8874664" lon="127.2128153"><time>2026-09-10T06:29:59Z</time><extensions><accuracy>8.0</accuracy></extensions></trkpt>
<trkpt lat="37.8874612" lon="127.2128240"><time>2026-09-10T06:30:00Z</time><extensions><accuracy>9.5</accuracy></extensions></trkpt>
<trkpt lat="37.8874621" lon="127.2128168"><time>2026-09-10T06:30:01Z</time><extensions><accuracy>8.9</accuracy></extensions></trkpt>
<trkpt lat="37.8874337" lon="127.2127769"><time>2026-09-10T06:30:02Z</time><extensions><accuracy>7.8</accuracy></extensions></trkpt>
<trkpt lat="37.8874636" lon="127.2127468"><time>2026-09-10T06:30:03Z</time><extensions><accuracy>6.6</accuracy></extensions></trkpt>
<trkpt lat="37.8874652" lon="127.2127223"><time>2026-09-10T06:30:04Z</time><extensions><accuracy>9.6</accuracy></extensions></trkpt>
<trkpt lat="37.8874450" lon="127.2127019"><time>2026-09-10T06:30:05Z</time><extensions><accuracy>7.0</accuracy></extensions></trkpt>
<trkpt lat="37.8874329" lon="127.2126604"><time>2026-09-10T06:30:06Z</time><extensions><accuracy>9.9</accuracy></extensions></trkpt>
<trkpt lat="37.8874368" lon="127.2126346"><time>2026-09-10T06:30:07Z</time><extensions><accuracy>9.6</accuracy></extensions></trkpt>
<trkpt lat="37.8874216" lon="127.2126189"><time>2026-09-10T06:30:08Z</time><extensions><accuracy>7.4</accuracy></extensions></trkpt>
<trkpt lat="37.8874198" lon="127.2125997"><time>2026-09-10T06:30:09Z</time><extensions><accuracy>8.8</accuracy></extensions></trkpt>
<trkpt lat="37.8874038" lon="127.2125627"><time>2026-09-10T06:30:10Z</time><extensions><accuracy>9.8</accuracy></extensions></trkpt>
<trkpt lat="37.8873977" lon="127.2125535"><time>2026-09-10T06:30:11Z</time><extensions><accuracy>9.8</accuracy></extensions></trkpt>
<trkpt lat="37.8873847" lon="127.2125449"><time>2026-09-10T06:30:12Z</time><extensions><accuracy>7.6</accuracy></extensions></trkpt>
<trkpt lat="37.8873759" lon="127.2125250"><time>2026-09-10T06:30:13Z</time><extensions><accuracy>8.5</accuracy></extensions></trkpt>
<trkpt lat="37.8873622" lon="127.2124961"><time>2026-09-10T06:30:14Z</time><extensions><accuracy>8.8</accuracy></extensions></trkpt>
<trkpt lat="37.8873544" lon="127.2124764"><time>2026-09-10T06:30:15Z</time><extensions><accuracy>8.4</accuracy></extensions></trkpt>
<trkpt lat="37.8873584" lon="127.2124533"><time>2026-09-10T06:30:16Z</time><extensions><accuracy>6.9</accuracy></extensions></trkpt>
<trkpt lat="37.8873720" lon="127.2124265"><time>2026-09-10T06:30:17Z</time><extensions><accuracy>6.4</accuracy></extensions></trkpt>
<trkpt lat="37.8873719" lon="127.2124080"><time>2026-09-10T06:30:18Z</time><extensions><accuracy>6.9</accuracy></extensions></trkpt>
<trkpt lat="37.8873740" lon="127.2123847"><time>2026-09-10T06:30:19Z</time><extensions><accuracy>8.8</accuracy></extensions></trkpt>
<trkpt lat="37.8873698" lon="127.2123944"><time>2026-09-10T06:30:20Z</time><extensions><accuracy>6.2</accuracy></extensions></trkpt>
<trkpt lat="37.8873797" lon="127.2124069"><time>2026-09-10T06:30:21Z</time><extensions><accuracy>6.5</accuracy></extensions></trkpt>
<trkpt lat="37.8873810" lon="127.2123996"><time>2026-09-10T06:30:22Z</time><extensions><accuracy>7.6</accuracy></extensions></trkpt>
<trkpt lat="37.8873886" lon="127.2124013"><time>2026-09-10T06:30:23Z</time><extensions><accuracy>9.9</accuracy></extensions></trkpt>
<trkpt lat="37.8873784" lon="127.2123728"><time>2026-09-10T06:30:24Z</time><extensions><accuracy>9.1</accuracy></extensions></trkpt>
<trkpt lat="37.8873695" lon="127.2123207"><time>2026-09-10T06:30:25Z</time><extensions><accuracy>7.7</accuracy></extensions></trkpt>
<trkpt lat="37.8873778" lon="127.2123107"><time>2026-09-10T06:30:26Z</time><extensions><accuracy>7.0</accuracy></extensions></trkpt>
<trkpt lat="37.8873624" lon="127.2122616"><time>2026-09-10T06:30:27Z</time><extensions><accuracy>7.0</accuracy></extensions></trkpt>
<trkpt lat="37.8873608" lon="127.2122419"><time>2026-09-10T06:30:28Z</time><extensions><accuracy>8.6</accuracy></extensions></trkpt>
<trkpt lat="37.8873306" lon="127.2122327"><time>2026-09-10T06:30:29Z</time><extensions><accuracy>6.8</accuracy></extensions></trkpt>
<trkpt lat="37.8873567" lon="127.2122134"><time>2026-09-10T06:30:30Z</time><extensions><accuracy>7.2</accuracy></extensions></trkpt>
<trkpt lat="37.8873440" lon="127.2122130"><time>2026-09-10T06:30:31Z</time><extensions><accuracy>8.5</accuracy></extensions></trkpt>
<trkpt lat="37.8873485" lon="127.2121687"><time>2026-09-10T06:30:32Z</time><extensions><accuracy>7.4</accuracy></extensions></trkpt>
<trkpt lat="37.8873385" lon="127.2121725"><time>2026-09-10T06:30:33Z</time><extensions><accuracy>8.8</accuracy></extensions></trkpt>
<trkpt lat="37.8873176" lon="127.2121480"><time>2026-09-10T06:30:34Z</time><extensions><accuracy>8.9</accuracy></extensions></trkpt>
<trkpt lat="37.8872988" lon="127.2121168"><time>2026-09-10T06:30:35Z</time><extensions><accuracy>9.5</accuracy></extensions></trkpt>
<trkpt lat="37.8872952" lon="127.2121164"><time>2026-09-10T06:30:36Z</time><extensions><accuracy>8.8</accuracy></extensions></trkpt>
<trkpt lat="37.8872685" lon="127.2120900"><time>2026-09-10T06:30:37Z</time><extensions><accuracy>7.9</accuracy></extensions></trkpt>
<trkpt lat="37.8872645" lon="127.2120461"><time>2026-09-10T06:30:38Z</time><extensions><accuracy>8.4</accuracy></extensions></trkpt>
<trkpt lat="37.8872503" lon="127.2120381"><time>2026-09-10T06:30:39Z</time><extensions><accuracy>9.1</accuracy></extensions></trkpt>
<trkpt lat="37.8872291" lon="127.2120439"><time>2026-09-10T06:30:40Z</time><extensions><accuracy>6.0</accuracy></extensions></trkpt>
<trkpt lat="37.8872225" lon="127.2120201"><time>2026-09-10T06:30:41Z</time><extensions><accuracy>6.3</accuracy></extensions></trkpt>
<trkpt lat="37.8872098" lon="127.2119802"><time>2026-09-10T06:30:42Z</time><extensions><accuracy>9.0</accuracy></extensions></trkpt>
<trkpt lat="37.8872197" lon="127.2119482"><time>2026-09-10T06:30:43Z</time><extensions><accuracy>7.9</accuracy></extensions></trkpt>
<trkpt lat="37.8872273" lon="127.2119055"><time>2026-09-10T06:30:44Z</time><extensions><accuracy>7.3</accuracy></extensions></trkpt>
<trkpt lat="37.8872100" lon="127.2118979"><time>2026-09-10T06:30:45Z</time><extensions><accuracy>7.9</accuracy></extensions></trkpt>
<trkpt lat="37.8871957" lon="127.2118840"><time>2026-09-10T06:30:46Z</time><extensions><accuracy>8.3</accuracy></extensions></trkpt>
<trkpt lat="37.8871838" lon="127.2118792"><time>2026-09-10T06:30:47Z</time><extensions><accuracy>6.6</accuracy></extensions></trkpt>
<trkpt lat="37.8871932" lon="127.2118776"><time>2026-09-10T06:30:48Z</time><extensions><accuracy>9.5</accuracy></extensions></trkpt>
<trkpt lat="37.8871839" lon="127.2118341"><time>2026-09-10T06:30:49Z</time><extensions><accuracy>6.5</accuracy></extensions></trkpt>
<trkpt lat="37.8871803" lon="127.2118166"><time>2026-09-10T06:30:50Z</time><extensions><accuracy>8.4</accuracy></extensions></trkpt>
<trkpt lat="37.8871814" lon="127.2117967"><time>2026-09-10T06:30:51Z</time><extensions><accuracy>9.0</accuracy></extensions></trkpt>
<trkpt lat="37.8871698" lon="127.2117777"><time>2026-09-10T06:30:52Z</time><extensions><accuracy>6.6</accuracy></extensions></trkpt>
<trkpt lat="37.8871590" lon="127.2117422"><time>2026-09-10T06:30:53Z</time><extensions><accuracy>6.7</accuracy></extensions></trkpt>
<trkpt lat="37.8871636" lon="127.2117058"><time>2026-09-10T06:30:54Z</time><extensions><accuracy>7.2</accuracy></extensions></trkpt>
<trkpt lat="37.8871662" lon="127.2116987"><time>2026-09-10T06:30:55Z</time><extensions><accuracy>9.8</accuracy></extensions></trkpt>
<trkpt lat="37.8871660" lon="127.2116750"><time>2026-09-10T06:30:56Z</time><extensions><accuracy>7.3</accuracy></extensions></trkpt>
<trkpt lat="37.8871562" lon="127.2116482"><time>2026-09-10T06:30:57Z</time><extensions><accuracy>6.0</accuracy></extensions></trkpt>
<trkpt lat="37.8871607" lon="127.2116368"><time>2026-09-10T06:30:58Z</time><extensions><accuracy>9.9</accuracy></extensions></trkpt>
<trkpt lat="37.8871580" lon="127.2116095"><time>2026-09-10T06:30:59Z</time><extensions><accuracy>7.5</accuracy></extensions></trkpt>
<trkpt lat="37.8871600" lon="127.2115902"><time>2026-09-10T06:31:00Z</time><extensions><accuracy>8.1</accuracy></extensions></trkpt>
<trkpt lat="37.8871698" lon="127.2115531"><time>2026-09-10T06:31:01Z</time><extensions><accuracy>7.4</accuracy></extensions></trkpt>
<trkpt lat="37.8871795" lon="127.2115185"><time>2026-09-10T06:31:02Z</time><extensions><accuracy>9.1</accuracy></extensions></trkpt>
<trkpt lat="37.8871903" lon="127.2115208"><time>2026-09-10T06:31:03Z</time><extensions><accuracy>7.8</accuracy></extensions></trkpt>
<trkpt lat="37.8871817" lon="127.2114945"><time>2026-09-10T06:31:04Z</time><extensions><accuracy>6.1</accuracy></extensions></trkpt>
<trkpt lat="37.8871704" lon="127.2114740"><time>2026-09-10T06:31:05Z</time><extensions><accuracy>6.9</accuracy></extensions></trkpt>
<trkpt lat="37.8871580" lon="127.2114602"><time>2026-09-10T06:31:06Z</time><extensions><accuracy>8.2</accuracy></extensions></trkpt>
<trkpt lat="37.8871633" lon="127.2114177"><time>2026-09-10T06:31:07Z</time><extensions><accuracy>9.7</accuracy></extensions></trkpt>
<trkpt lat="37.8871376" lon="127.2113926"><time>2026-09-10T06:31:08Z</time><extensions><accuracy>7.3</accuracy></extensions></trkpt>
<trkpt lat="37.8871251" lon="127.2113669"><time>2026-09-10T06:31:09Z</time><extensions><accuracy>9.7</accuracy></extensions></trkpt>
<trkpt lat="37.8871229" lon="127.2113513"><time>2026-09-10T06:31:10Z</time><extensions><accuracy>9.2</accuracy></extensions></trkpt>
<trkpt lat="37.8871242" lon="127.2113450"><time>2026-09-10T06:31:11Z</time><extensions><accuracy>8.3</accuracy></extensions></trkpt>
<trkpt lat="37.8871257" lon="127.2113153"><time>2026-09-10T06:31:12Z</time><extensions><accuracy>7.6</accuracy></extensions></trkpt>
<trkpt lat="37.8871399" lon="127.2112804"><time>2026-09-10T06:31:13Z</time><extensions><accuracy>6.6</accuracy></extensions></trkpt>
<trkpt lat="37.8871213" lon="127.2112631"><time>2026-09-10T06:31:14Z</time><extensions><accuracy>7.4</accuracy></extensions></trkpt>
<trkpt lat="37.8871092" lon="127.2112515"><time>2026-09-10T06:31:15Z</time><extensions><accuracy>8.3</accuracy></extensions></trkpt>
<trkpt lat="37.8871038" lon="127.2112120"><time>2026-09-10T06:31:16Z</time><extensions><accuracy>8.5</accuracy></extensions></trkpt>
<trkpt lat="37.8870778" lon="127.2111863"><time>2026-09-10T06:31:17Z</time><extensions><accuracy>6.5</accuracy></extensions></trkpt>
<trkpt lat="37.8870595" lon="127.2111356"><time>2026-09-10T06:31:18Z</time><extensions><accuracy>6.5</accuracy></extensions></trkpt>
<trkpt lat="37.8870501" lon="127.2111252"><time>2026-09-10T06:31:19Z</time><extensions><accuracy>6.8</accuracy></extensions></trkpt>
<trkpt lat="37.8870591" lon="127.2111244"><time>2026-09-10T06:31:20Z</time><extensions><accuracy>8.2</accuracy></extensions></trkpt>
<trkpt lat="37.8870540" lon="127.2110825"><time>2026-09-10T06:31:21Z</time><extensions><accuracy>7.4</accuracy></extensions></trkpt>
<trkpt lat="37.8870572" lon="127.2110573"><time>2026-09-10T06:31:22Z</time><extensions><accuracy>9.2</accuracy></extensions></trkpt>
<trkpt lat="37.8870671" lon="127.2110229"><time>2026-09-10T06:31:23Z</time><extensions><accuracy>7.7</accuracy></extensions></trkpt>
<trkpt lat="37.8870521" lon="127.2110112"><time>2026-09-10T06:31:24Z</time><extensions><accuracy>8.5</accuracy></extensions></trkpt>
<trkpt lat="37.8870188" lon="127.2110081"><time>2026-09-10T06:31:25Z</time><extensions><accuracy>6.0</accuracy></extensions></trkpt>
<trkpt lat="37.8870299" lon="127.2109721"><time>2026-09-10T06:31:26Z</time><extensions><accuracy>9.1</accuracy></extensions></trkpt>
<trkpt lat="37.8870512" lon="127.2109436"><time>2026-09-10T06:31:27Z</time><extensions><accuracy>10.0</accuracy></extensions></trkpt>
<trkpt lat="37.8870398" lon="127.2109367"><time>2026-09-10T06:31:28Z</time><extensions><accuracy>6.2</accuracy></extensions></trkpt>
<trkpt lat="37.8870366" lon="127.2109126"><time>2026-09-10T06:31:29Z</time><extensions><accuracy>7.5</accuracy></extensions></trkpt>
<trkpt lat="37.8870454" lon="127.2109072"><time>2026-09-10T06:31:30Z</time><extensions><accuracy>6.5</accuracy></extensions></trkpt>
<trkpt lat="37.8870533" lon="127.2108929"><time>2026-09-10T06:31:31Z</time><extensions><accuracy>9.8</accuracy></extensions></trkpt>
<trkpt lat="37.8870687" lon="127.2108556"><time>2026-09-10T06:31:32Z</time><extensions><accuracy>6.6</accuracy></extensions></trkpt>
<trkpt lat="37.8870793" lon="127.2108241"><time>2026-09-10T06:31:33Z</time><extensions><accuracy>8.7</accuracy></extensions></trkpt>
<trkpt lat="37.8870656" lon="127.2108037"><time>2026-09-10T06:31:34Z</time><extensions><accuracy>8.8</accuracy></extensions></trkpt>
<trkpt lat="37.8870582" lon="127.2107764"><time>2026-09-10T06:31:35Z</time><extensions><accuracy>6.8</accuracy></extensions></trkpt>
<trkpt lat="37.8870500" lon="127.2107861"><time>2026-09-10T06:31:36Z</time><extensions><accuracy>8.3</accuracy></extensions></trkpt>
<trkpt lat="37.8870442" lon="127.2107606"><time>2026-09-10T06:31:37Z</time><extensions><accuracy>8.2</accuracy></extensions></trkpt>
<trkpt lat="37.8870649" lon="127.2107444"><time>2026-09-10T06:31:38Z</time><extensions><accuracy>6.2</accuracy></extensions></trkpt>
<trkpt lat="37.8870671" lon="127.2107087"><time>2026-09-10T06:31:39Z</time><extensions><accuracy>9.6</accuracy></extensions></trkpt>
<trkpt lat="37.8870634" lon="127.2106853"><time>2026-09-10T06:31:40Z</time><extensions><accuracy>6.2</accuracy></extensions></trkpt>
<trkpt lat="37.8870651" lon="127.2106584"><time>2026-09-10T06:31:41Z</time><extensions><accuracy>7.7</accuracy></extensions></trkpt>
<trkpt lat="37.8870642" lon="127.2106304"><time>2026-09-10T06:31:42Z</time><extensions><accuracy>6.1</accuracy></extensions></trkpt>
<trkpt lat="37.8870488" lon="127.2106185"><time>2026-09-10T06:31:43Z</time><extensions><accuracy>8.5</accuracy></extensions></trkpt>
<trkpt lat="37.8870373" lon="127.2105778"><time>2026-09-10T06:31:44Z</time><extensions><accuracy>9.2</accuracy></extensions></trkpt>
<trkpt lat="37.8870173" lon="127.2105575"><time>2026-09-10T06:31:45Z</time><extensions><accuracy>9.6</accuracy></extensions></trkpt>
<trkpt lat="37.8870154" lon="127.2105195"><time>2026-09-10T06:31:46Z</time><extensions><accuracy>8.2</accuracy></extensions></trkpt>
<trkpt lat="37.8870032" lon="127.2104919"><time>2026-09-10T06:31:47Z</time><extensions><accuracy>7.9</accuracy></extensions></trkpt>
<trkpt lat="37.8869994" lon="127.2104813"><time>2026-09-10T06:31:48Z</time><extensions><accuracy>9.7</accuracy></extensions></trkpt>
<trkpt lat="37.8869766" lon="127.2104563"><time>2026-09-10T06:31:49Z</time><extensions><accuracy>8.8</accuracy></extensions></trkpt>
<trkpt lat="37.8869466" lon="127.2104266"><time>2026-09-10T06:31:50Z</time><extensions><accuracy>6.7</accuracy></extensions></trkpt>
<trkpt lat="37.8869369" lon="127.2103842"><time>2026-09-10T06:31:51Z</time><extensions><accuracy>7.0</accuracy></extensions></trkpt>
<trkpt lat="37.8869408" lon="127.2103513"><time>2026-09-10T06:31:52Z</time><extensions><accuracy>8.7</accuracy></extensions></trkpt>
<trkpt lat="37.8869222" lon="127.2103208"><time>2026-09-10T06:31:53Z</time><extensions><accuracy>8.7</accuracy></extensions></trkpt>
<trkpt lat="37.8869138" lon="127.2103177"><time>2026-09-10T06:31:54Z</time><extensions><accuracy>9.4</accuracy></extensions></trkpt>
<trkpt lat="37.8869101" lon="127.2103151"><time>2026-09-10T06:31:55Z</time><extensions><accuracy>9.0</accuracy></extensions></trkpt>
<trkpt lat="37.8868875" lon="127.2102881"><time>2026-09-10T06:31:56Z</time><extensions><accuracy>9.3</accuracy></extensions></trkpt>
<trkpt lat="37.8868829" lon="127.2102481"><time>2026-09-10T06:31:57Z</time><extensions><accuracy>8.2</accuracy></extensions></trkpt>
<trkpt lat="37.8868748" lon="127.2102214"><time>2026-09-10T06:31:58Z</time><extensions><accuracy>9.6</accuracy></extensions></trkpt>
<trkpt lat="37.8868697" lon="127.2101995"><time>2026-09-10T06:31:59Z</time><extensions><accuracy>6.9</accuracy></extensions></trkpt>
<trkpt lat="37.8868829" lon="127.2101747"><time>2026-09-10T06:32:00Z</time><extensions><accuracy>6.6</accuracy></extensions></trkpt>
<trkpt lat="37.8868907" lon="127.2101340"><time>2026-09-10T06:32:01Z</time><extensions><accuracy>9.4</accuracy></extensions></trkpt>
<trkpt lat="37.8868791" lon="127.2101214"><time>2026-09-10T06:32:02Z</time><extensions><accuracy>7.8</accuracy></extensions></trkpt>
<trkpt lat="37.8868847" lon="127.2101070"><time>2026-09-10T06:32:03Z</time><extensions><accuracy>6.8</accuracy></extensions></trkpt>
<trkpt lat="37.8868801" lon="127.2100899"><time>2026-09-10T06:32:04Z</time><extensions><accuracy>9.5</accuracy></extensions></trkpt>
<trkpt lat="37.8868873" lon="127.2100670"><time>2026-09-10T06:32:05Z</time><extensions><accuracy>7.9</accuracy></extensions></trkpt>
<trkpt lat="37.8868857" lon="127.2100436"><time>2026-09-10T06:32:06Z</time><extensions><accuracy>8.4</accuracy></extensions></trkpt>
<trkpt lat="37.8868817" lon="127.2100195"><time>2026-09-10T06:32:07Z</time><extensions><accuracy>9.4</accuracy></extensions></trkpt>
<trkpt lat="37.8868766" lon="127.2099725"><time>2026-09-10T06:32:08Z</time><extensions><accuracy>7.4</accuracy></extensions></trkpt>
<trkpt lat="37.8868768" lon="127.2099560"><time>2026-09-10T06:32:09Z</time><extensions><accuracy>8.3</accuracy></extensions></trkpt>
<trkpt lat="37.8868762" lon="127.2099241"><time>2026-09-10T06:32:10Z</time><extensions><accuracy>7.6</accuracy></extensions></trkpt>
<trkpt lat="37.8868702" lon="127.2098832"><time>2026-09-10T06:32:11Z</time><extensions><accuracy>8.9</accuracy></extensions></trkpt>
<trkpt lat="37.8868625" lon="127.2098544"><time>2026-09-10T06:32:12Z</time><extensions><accuracy>6.3</accuracy></extensions></trkpt>
<trkpt lat="37.8868445" lon="127.2098620"><time>2026-09-10T06:32:13Z</time><extensions><accuracy>9.5</accuracy></extensions></trkpt>
<trkpt lat="37.8868390" lon="127.2098531"><time>2026-09-10T06:32:14Z</time><extensions><accuracy>7.8</accuracy></extensions></trkpt>
<trkpt lat="37.8868459" lon="127.2098107"><time>2026-09-10T06:32:15Z</time><extensions><accuracy>6.4</accuracy></extensions></trkpt>
<trkpt lat="37.8868411" lon="127.2098152"><time>2026-09-10T06:32:16Z</time><extensions><accuracy>8.4</accuracy></extensions></trkpt>
<trkpt lat="37.8868455" lon="127.2097954"><time>2026-09-10T06:32:17Z</time><extensions><accuracy>8.7</accuracy></extensions></trkpt>
<trkpt lat="37.8868389" lon="127.2097654"><time>2026-09-10T06:32:18Z</time><extensions><accuracy>7.7</accuracy></extensions></trkpt>
<trkpt lat="37.8868231" lon="127.2097645"><time>2026-09-10T06:32:19Z</time><extensions><accuracy>6.3</accuracy></extensions></trkpt>
<trkpt lat="37.8868428" lon="127.2097270"><time>2026-09-10T06:32:20Z</time><extensions><accuracy>8.4</accuracy></extensions></trkpt>
<trkpt lat="37.8868380" lon="127.2097123"><time>2026-09-10T06:32:21Z</time><extensions><accuracy>7.7</accuracy></extensions></trkpt>
<trkpt lat="37.8868504" lon="127.2097230"><time>2026-09-10T06:32:22Z</time><extensions><accuracy>6.0</accuracy></extensions></trkpt>
<trkpt lat="37.8868547" lon="127.2097047"><time>2026-09-10T06:32:23Z</time><extensions><accuracy>9.5</accuracy></extensions></trkpt>
<trkpt lat="37.8868531" lon="127.2096670"><time>2026-09-10T06:32:24Z</time><extensions><accuracy>6.9</accuracy></extensions></trkpt>
<trkpt lat="37.8868564" lon="127.2096549"><time>2026-09-10T06:32:25Z</time><extensions><accuracy>6.9</accuracy></extensions></trkpt>
<trkpt lat="37.8868528" lon="127.2096278"><time>2026-09-10T06:32:26Z</time><extensions><accuracy>8.2</accuracy></extensions></trkpt>
<trkpt lat="37.8868364" lon="127.2096054"><time>2026-09-10T06:32:27Z</time><extensions><accuracy>9.9</accuracy></extensions></trkpt>
<trkpt lat="37.8868362" lon="127.2095891"><time>2026-09-10T06:32:28Z</time><extensions><accuracy>6.9</accuracy></extensions></trkpt>
<trkpt lat="37.8868310" lon="127.2095693"><time>2026-09-10T06:32:29Z</time><extensions><accuracy>6.1</accuracy></extensions></trkpt>
<trkpt lat="37.8868451" lon="127.2095380"><time>2026-09-10T06:32:30Z</time><extensions><accuracy>8.2</accuracy></extensions></trkpt>
<trkpt lat="37.8868333" lon="127.2095084"><time>2026-09-10T06:32:31Z</time><extensions><accuracy>10.0</accuracy></extensions></trkpt>
<trkpt lat="37.8868509" lon="127.2095066"><time>2026-09-10T06:32:32Z</time><extensions><accuracy>6.5</accuracy></extensions></trkpt>
<trkpt lat="37.8868531" lon="127.2094687"><time>2026-09-10T06:32:33Z</time><extensions><accuracy>8.8</accuracy></extensions></trkpt>
<trkpt lat="37.8868492" lon="127.2094432"><time>2026-09-10T06:32:34Z</time><extensions><accuracy>8.2</accuracy></extensions></trkpt>
<trkpt lat="37.8868624" lon="127.2094274"><time>2026-09-10T06:32:35Z</time><extensions><accuracy>8.2</accuracy></extensions></trkpt>
<trkpt lat="37.8868662" lon="127.2093687"><time>2026-09-10T06:32:36Z</time><extensions><accuracy>8.4</accuracy></extensions></trkpt>
<trkpt lat="37.8868899" lon="127.2093493"><time>2026-09-10T06:32:37Z</time><extensions><accuracy>8.0</accuracy></extensions></trkpt>
<trkpt lat="37.8868812" lon="127.2093376"><time>2026-09-10T06:32:38Z</time><extensions><accuracy>7.3</accuracy></extensions></trkpt>
<trkpt lat="37.8868662" lon="127.2093240"><time>2026-09-10T06:32:39Z</time><extensions><accuracy>6.1</accuracy></extensions></trkpt>
<trkpt lat="37.8868861" lon="127.2092926"><time>2026-09-10T06:32:40Z</time><extensions><accuracy>8.8</accuracy></extensions></trkpt>
<trkpt lat="37.8868595" lon="127.2092813"><time>2026-09-10T06:32:41Z</time><extensions><accuracy>8.4</accuracy></extensions></trkpt>
<trkpt lat="37.8868645" lon="127.2092686"><time>2026-09-10T06:32:42Z</time><extensions><accuracy>7.5</accuracy></extensions></trkpt>
<trkpt lat="37.8868617" lon="127.2092594"><time>2026-09-10T06:32:43Z</time><extensions><accuracy>6.9</accuracy></extensions></trkpt>
<trkpt lat="37.8868494" lon="127.2092332"><time>2026-09-10T06:32:44Z</time><extensions><accuracy>7.0</accuracy></extensions></trkpt>
<trkpt lat="37.8868501" lon="127.2092424"><time>2026-09-10T06:32:45Z</time><extensions><accuracy>7.8</accuracy></extensions></trkpt>
<trkpt lat="37.8868393" lon="127.2092143"><time>2026-09-10T06:32:46Z</time><extensions><accuracy>9.3</accuracy></extensions></trkpt>
<trkpt lat="37.8868162" lon="127.2092111"><time>2026-09-10T06:32:47Z</time><extensions><accuracy>7.8</accuracy></extensions></trkpt>
<trkpt lat="37.8868089" lon="127.2091702"><time>2026-09-10T06:32:48Z</time><extensions><accuracy>8.8</accuracy></extensions></trkpt>
<trkpt lat="37.8868238" lon="127.2091530"><time>2026-09-10T06:32:49Z</time><extensions><accuracy>8.5</accuracy></extensions></trkpt>
<trkpt lat="37.8868135" lon="127.2091264"><time>2026-09-10T06:32:50Z</time><extensions><accuracy>9.0</accuracy></extensions></trkpt>
<trkpt lat="37.8868171" lon="127.2091242"><time>2026-09-10T06:32:51Z</time><extensions><accuracy>8.7</accuracy></extensions></trkpt>
<trkpt lat="37.8867994" lon="127.2090888"><time>2026-09-10T06:32:52Z</time><extensions><accuracy>7.7</accuracy></extensions></trkpt>
<trkpt lat="37.8868154" lon="127.2090566"><time>2026-09-10T06:32:53Z</time><extensions><accuracy>8.6</accuracy></extensions></trkpt>
<trkpt lat="37.8868143" lon="127.2090365"><time>2026-09-10T06:32:54Z</time><extensions><accuracy>7.1</accuracy></extensions></trkpt>
<trkpt lat="37.8868054" lon="127.2090182"><time>2026-09-10T06:32:55Z</time><extensions><accuracy>7.6</accuracy></extensions></trkpt>
<trkpt lat="37.8867985" lon="127.2089986"><time>2026-09-10T06:32:56Z</time><extensions><accuracy>9.8</accuracy></extensions></trkpt>
<trkpt lat="37.8868058" lon="127.2089638"><time>2026-09-10T06:32:57Z</time><extensions><accuracy>9.1</accuracy></extensions></trkpt>
<trkpt lat="37.8868021" lon="127.2089222"><time>2026-09-10T06:32:58Z</time><extensions><accuracy>9.2</accuracy></extensions></trkpt>
<trkpt lat="37.8868043" lon="127.2089098"><time>2026-09-10T06:32:59Z</time><extensions><accuracy>6.6</accuracy></extensions></trkpt>
<trkpt lat="37.8867986" lon="127.2088769"><time>2026-09-10T06:33:00Z</time><extensions><accuracy>8.7</accuracy></extensions></trkpt>
<trkpt lat="37.8868000" lon="127.2088508"><time>2026-09-10T06:33:01Z</time><extensions><accuracy>8.3</accuracy></extensions></trkpt>
<trkpt lat="37.8868117" lon="127.2088304"><time>2026-09-10T06:33:02Z</time><extensions><accuracy>6.8</accuracy></extensions></trkpt>
<trkpt lat="37.8867939" lon="127.2088357"><time>2026-09-10T06:33:03Z</time><extensions><accuracy>7.2</accuracy></extensions></trkpt>
<trkpt lat="37.8867956" lon="127.2088020"><time>2026-09-10T06:33:04Z</time><extensions><accuracy>7.9</accuracy></extensions></trkpt>
<trkpt lat="37.8867970" lon="127.2087735"><time>2026-09-10T06:33:05Z</time><extensions><accuracy>8.2</accuracy></extensions></trkpt>
<trkpt lat="37.8867986" lon="127.2087592"><time>2026-09-10T06:33:06Z</time><extensions><accuracy>7.2</accuracy></extensions></trkpt>
<trkpt lat="37.8867864" lon="127.2087282"><time>2026-09-10T06:33:07Z</time><extensions><accuracy>8.4</accuracy></extensions></trkpt>
<trkpt lat="37.8867910" lon="127.2087256"><time>2026-09-10T06:33:08Z</time><extensions><accuracy>6.5</accuracy></extensions></trkpt>
<trkpt lat="37.8867944" lon="127.2087135"><time>2026-09-10T06:33:09Z</time><extensions><accuracy>6.2</accuracy></extensions></trkpt>
<trkpt lat="37.8868136" lon="127.2087059"><time>2026-09-10T06:33:10Z</time><extensions><accuracy>6.4</accuracy></extensions></trkpt>
<trkpt lat="37.8868107" lon="127.2086577"><time>2026-09-10T06:33:11Z</time><extensions><accuracy>7.1</accuracy></extensions></trkpt>
<trkpt lat="37.8868353" lon="127.2086270"><time>2026-09-10T06:33:12Z</time><extensions><accuracy>6.6</accuracy></extensions></trkpt>
<trkpt lat="37.8868303" lon="127.2086150"><time>2026-09-10T06:33:13Z</time><extensions><accuracy>8.5</accuracy></extensions></trkpt>
<trkpt lat="37.8868436" lon="127.2085617"><time>2026-09-10T06:33:14Z</time><extensions><accuracy>7.7</accuracy></extensions></trkpt>
<trkpt lat="37.8868591" lon="127.2085488"><time>2026-09-10T06:33:15Z</time><extensions><accuracy>6.5</accuracy></extensions></trkpt>
<trkpt lat="37.8868480" lon="127.2085346"><time>2026-09-10T06:33:16Z</time><extensions><accuracy>9.0</accuracy></extensions></trkpt>
<trkpt lat="37.8868431" lon="127.2085034"><time>2026-09-10T06:33:17Z</time><extensions><accuracy>6.8</accuracy></extensions></trkpt>
<trkpt lat="37.8868450" lon="127.2084834"><time>2026-09-10T06:33:18Z</time><extensions><accuracy>9.7</accuracy></extensions></trkpt>
<trkpt lat="37.8868377" lon="127.2084589"><time>2026-09-10T06:33:19Z</time><extensions><accuracy>9.7</accuracy></extensions></trkpt>
<trkpt lat="37.8868337" lon="127.2084296"><time>2026-09-10T06:33:20Z</time><extensions><accuracy>8.0</accuracy></extensions></trkpt>
<trkpt lat="37.8868439" lon="127.2084086"><time>2026-09-10T06:33:21Z</time><extensions><accuracy>9.9</accuracy></extensions></trkpt>
<trkpt lat="37.8868459" lon="127.2083694"><time>2026-09-10T06:33:22Z</time><extensions><accuracy>6.5</accuracy></extensions></trkpt>
<trkpt lat="37.8868323" lon="127.2083492"><time>2026-09-10T06:33:23Z</time><extensions><accuracy>6.7</accuracy></extensions></trkpt>
<trkpt lat="37.8868343" lon="127.2083452"><time>2026-09-10T06:33:24Z</time><extensions><accuracy>6.5</accuracy></extensions></trkpt>
<trkpt lat="37.8868222" lon="127.2083445"><time>2026-09-10T06:33:25Z</time><extensions><accuracy>6.5</accuracy></extensions></trkpt>
<trkpt lat="37.8868283" lon="127.2083203"><time>2026-09-10T06:33:26Z</time><extensions><accuracy>6.3</accuracy></extensions></trkpt>
<trkpt lat="37.8868275" lon="127.2082832"><time>2026-09-10T06:33:27Z</time><extensions><accuracy>9.6</accuracy></extensions></trkpt>
<trkpt lat="37.8868295" lon="127.2082823"><time>2026-09-10T06:33:28Z</time><extensions><accuracy>6.2</accuracy></extensions></trkpt>
<trkpt lat="37.8868413" lon="127.2082577"><time>2026-09-10T06:33:29Z</time><extensions><accuracy>8.4</accuracy></extensions></trkpt>
<trkpt lat="37.8868493" lon="127.2082201"><time>2026-09-10T06:33:30Z</time><extensions><accuracy>8.0</accuracy></extensions></trkpt>
<trkpt lat="37.8868616" lon="127.2081999"><time>2026-09-10T06:33:31Z</time><extensions><accuracy>6.8</accuracy></extensions></trkpt>
<trkpt lat="37.8868697" lon="127.2081882"><time>2026-09-10T06:33:32Z</time><extensions><accuracy>9.1</accuracy></extensions></trkpt>
<trkpt lat="37.8868868" lon="127.2081820"><time>2026-09-10T06:33:33Z</time><extensions><accuracy>8.3</accuracy></extensions></trkpt>
<trkpt lat="37.8868909" lon="127.2081562"><time>2026-09-10T06:33:34Z</time><extensions><accuracy>6.9</accuracy></extensions></trkpt>
<trkpt lat="37.8868773" lon="127.2081379"><time>2026-09-10T06:33:35Z</time><extensions><accuracy>6.9</accuracy></extensions></trkpt>
<trkpt lat="37.8868899" lon="127.2081177"><time>2026-09-10T06:33:36Z</time><extensions><accuracy>7.1</accuracy></extensions></trkpt>
<trkpt lat="37.8869033" lon="127.2080935"><time>2026-09-10T06:33:37Z</time><extensions><accuracy>9.5</accuracy></extensions></trkpt>
<trkpt lat="37.8869028" lon="127.2080741"><time>2026-09-10T06:33:38Z</time><extensions><accuracy>6.0</accuracy></extensions></trkpt>
<trkpt lat="37.8868876" lon="127.2080476"><time>2026-09-10T06:33:39Z</time><extensions><accuracy>6.0</accuracy></extensions></trkpt>
<trkpt lat="37.8868958" lon="127.2080245"><time>2026-09-10T06:33:40Z</time><extensions><accuracy>9.9</accuracy></extensions></trkpt>
<trkpt lat="37.8869184" lon="127.2080013"><time>2026-09-10T06:33:41Z</time><extensions><accuracy>9.9</accuracy></extensions></trkpt>
<trkpt lat="37.8869108" lon="127.2079497"><time>2026-09-10T06:33:42Z</time><extensions><accuracy>9.9</accuracy></extensions></trkpt>
<trkpt lat="37.8869101" lon="127.2079247"><time>2026-09-10T06:33:43Z</time><extensions><accuracy>7.4</accuracy></extensions></trkpt>
<trkpt lat="37.8869127" lon="127.2078891"><time>2026-09-10T06:33:44Z</time><extensions><accuracy>6.0</accuracy></extensions></trkpt>
<trkpt lat="37.8869126" lon="127.2078671"><time>2026-09-10T06:33:45Z</time><extensions><accuracy>6.5</accuracy></extensions></trkpt>
<trkpt lat="37.8869346" lon="127.2078467"><time>2026-09-10T06:33:46Z</time><extensions><accuracy>9.7</accuracy></extensions></trkpt>
<trkpt lat="37.8869394" lon="127.2078328"><time>2026-09-10T06:33:47Z</time><extensions><accuracy>7.5</accuracy></extensions></trkpt>
<trkpt lat="37.8869421" lon="127.2078055"><time>2026-09-10T06:33:48Z</time><extensions><accuracy>8.5</accuracy></extensions></trkpt>
<trkpt lat="37.8869377" lon="127.2078072"><time>2026-09-10T06:33:49Z</time><extensions><accuracy>9.9</accuracy></extensions></trkpt>
<trkpt lat="37.8869431" lon="127.2077774"><time>2026-09-10T06:33:50Z</time><extensions><accuracy>6.4</accuracy></extensions></trkpt>
<trkpt lat="37.8869500" lon="127.2077554"><time>2026-09-10T06:33:51Z</time><extensions><accuracy>9.7</accuracy></extensions></trkpt>
<trkpt lat="37.8869305" lon="127.2077392"><time>2026-09-10T06:33:52Z</time><extensions><accuracy>6.8</accuracy></extensions></trkpt>
<trkpt lat="37.8869330" lon="127.2077213"><time>2026-09-10T06:33:53Z</time><extensions><accuracy>7.7</accuracy></extensions></trkpt>
<trkpt lat="37.8869511" lon="127.2076851"><time>2026-09-10T06:33:54Z</time><extensions><accuracy>9.5</accuracy></extensions></trkpt>
<trkpt lat="37.8869431" lon="127.2076695"><time>2026-09-10T06:33:55Z</time><extensions><accuracy>7.8</accuracy></extensions></trkpt>
<trkpt lat="37.8869301" lon="127.2076446"><time>2026-09-10T06:33:56Z</time><extensions><accuracy>6.9</accuracy></extensions></trkpt>
<trkpt lat="37.8869313" lon="127.2076095"><time>2026-09-10T06:33:57Z</time><extensions><accuracy>7.8</accuracy></extensions></trkpt>
<trkpt lat="37.8869206" lon="127.2075799"><time>2026-09-10T06:33:58Z</time><extensions><accuracy>6.5</accuracy></extensions></trkpt>
<trkpt lat="37.8869111" lon="127.2075663"><time>2026-09-10T06:33:59Z</time><extensions><accuracy>8.2</accuracy></extensions></trkpt>
<trkpt lat="37.8869101" lon="127.2075415"><time>2026-09-10T06:34:00Z</time><extensions><accuracy>8.5</accuracy></extensions></trkpt>
<trkpt lat="37.8869154" lon="127.2075153"><time>2026-09-10T06:34:01Z</time><extensions><accuracy>9.8</accuracy></extensions></trkpt>
<trkpt lat="37.8869197" lon="127.2074881"><time>2026-09-10T06:34:02Z</time><extensions><accuracy>7.3</accuracy></extensions></trkpt>
<trkpt lat="37.8869103" lon="127.2074492"><time>2026-09-10T06:34:03Z</time><extensions><accuracy>9.7</accuracy></extensions></trkpt>
<trkpt lat="37.8869276" lon="127.2074419"><time>2026-09-10T06:34:04Z</time><extensions><accuracy>6.8</accuracy></extensions></trkpt>
<trkpt lat="37.8869539" lon="127.2074305"><time>2026-09-10T06:34:05Z</time><extensions><accuracy>9.1</accuracy></extensions></trkpt>
<trkpt lat="37.8869583" lon="127.2074209"><time>2026-09-10T06:34:06Z</time><extensions><accuracy>9.3</accuracy></extensions></trkpt>
<trkpt lat="37.8869600" lon="127.2074123"><time>2026-09-10T06:34:07Z</time><extensions><accuracy>9.6</accuracy></extensions></trkpt>
<trkpt lat="37.8869832" lon="127.2073923"><time>2026-09-10T06:34:08Z</time><extensions><accuracy>9.9</accuracy></extensions></trkpt>
<trkpt lat="37.8869887" lon="127.2073846"><time>2026-09-10T06:34:09Z</time><extensions><accuracy>7.0</accuracy></extensions></trkpt>
<trkpt lat="37.8870015" lon="127.2073406"><time>2026-09-10T06:34:10Z</time><extensions><accuracy>9.8</accuracy></extensions></trkpt>
<trkpt lat="37.8870020" lon="127.2073164"><time>2026-09-10T06:34:11Z</time><extensions><accuracy>8.5</accuracy></extensions></trkpt>
<trkpt lat="37.8870025" lon="127.2072832"><time>2026-09-10T06:34:12Z</time><extensions><accuracy>6.6</accuracy></extensions></trkpt>
<trkpt lat="37.8870124" lon="127.2072806"><time>2026-09-10T06:34:13Z</time><extensions><accuracy>8.9</accuracy></extensions></trkpt>
<trkpt lat="37.8870009" lon="127.2072634"><time>2026-09-10T06:34:14Z</time><extensions><accuracy>6.5</accuracy></extensions></trkpt>
<trkpt lat="37.8869847" lon="127.2072412"><time>2026-09-10T06:34:15Z</time><extensions><accuracy>9.3</accuracy></extensions></trkpt>
<trkpt lat="37.8869919" lon="127.2072076"><time>2026-09-10T06:34:16Z</time><extensions><accuracy>7.4</accuracy></extensions></trkpt>
<trkpt lat="37.8869662" lon="127.2072128"><time>2026-09-10T06:34:17Z</time><extensions><accuracy>7.5</accuracy></extensions></trkpt>
<trkpt lat="37.8869457" lon="127.2071645"><time>2026-09-10T06:34:18Z</time><extensions><accuracy>6.0</accuracy></extensions></trkpt>
<trkpt lat="37.8869631" lon="127.2071472"><time>2026-09-10T06:34:19Z</time><extensions><accuracy>9.3</accuracy></extensions></trkpt>
<trkpt lat="37.8869598" lon="127.2071246"><time>2026-09-10T06:34:20Z</time><extensions><accuracy>6.8</accuracy></extensions></trkpt>
<trkpt lat="37.8869471" lon="127.2071202"><time>2026-09-10T06:34:21Z</time><extensions><accuracy>9.2</accuracy></extensions></trkpt>
<trkpt lat="37.8869401" lon="127.2071151"><time>2026-09-10T06:34:22Z</time><extensions><accuracy>6.8</accuracy></extensions></trkpt>
<trkpt lat="37.8869492" lon="127.2070798"><time>2026-09-10T06:34:23Z</time><extensions><accuracy>9.2</accuracy></extensions></trkpt>
<trkpt lat="37.8869500" lon="127.2070619"><time>2026-09-10T06:34:24Z</time><extensions><accuracy>7.0</accuracy></extensions></trkpt>
<trkpt lat="37.8869656" lon="127.2070553"><time>2026-09-10T06:34:25Z</time><extensions><accuracy>9.8</accuracy></extensions></trkpt>
<trkpt lat="37.8869829" lon="127.2070336"><time>2026-09-10T06:34:26Z</time><extensions><accuracy>7.2</accuracy></extensions></trkpt>
<trkpt lat="37.8869788" lon="127.2069854"><time>2026-09-10T06:34:27Z</time><extensions><accuracy>8.8</accuracy></extensions></trkpt>
<trkpt lat="37.8869960" lon="127.2069690"><time>2026-09-10T06:34:28Z</time><extensions><accuracy>8.6</accuracy></extensions></trkpt>
<trkpt lat="37.8869884" lon="127.2069415"><time>2026-09-10T06:34:29Z</time><extensions><accuracy>8.1</accuracy></extensions></trkpt>
<trkpt lat="37.8869917" lon="127.2069318"><time>2026-09-10T06:34:30Z</time><extensions><accuracy>7.2</accuracy></extensions></trkpt>
<trkpt lat="37.8869996" lon="127.2069143"><time>2026-09-10T06:34:31Z</time><extensions><accuracy>6.8</accuracy></extensions></trkpt>
<trkpt lat="37.8870067" lon="127.2068914"><time>2026-09-10T06:34:32Z</time><extensions><accuracy>9.9</accuracy></extensions></trkpt>
<trkpt lat="37.8870129" lon="127.2068908"><time>2026-09-10T06:34:33Z</time><extensions><accuracy>7.0</accuracy></extensions></trkpt>
<trkpt lat="37.8869971" lon="127.2068772"><time>2026-09-10T06:34:34Z</time><extensions><accuracy>7.2</accuracy></extensions></trkpt>
<trkpt lat="37.8870171" lon="127.2068705"><time>2026-09-10T06:34:35Z</time><extensions><accuracy>8.1</accuracy></extensions></trkpt>
<trkpt lat="37.8869906" lon="127.2068347"><time>2026-09-10T06:34:36Z</time><extensions><accuracy>8.5</accuracy></extensions></trkpt>
<trkpt lat="37.8870051" lon="127.2068231"><time>2026-09-10T06:34:37Z</time><extensions><accuracy>6.6</accuracy></extensions></trkpt>
<trkpt lat="37.8870056" lon="127.2068164"><time>2026-09-10T06:34:38Z</time><extensions><accuracy>7.9</accuracy></extensions></trkpt>
<trkpt lat="37.8870133" lon="127.2067839"><time>2026-09-10T06:34:39Z</time><extensions><accuracy>8.1</accuracy></extensions></trkpt>
<trkpt lat="37.8870307" lon="127.2067561"><time>2026-09-10T06:34:40Z</time><extensions><accuracy>8.1</accuracy></extensions></trkpt>
<trkpt lat="37.8870456" lon="127.2067420"><time>2026-09-10T06:34:41Z</time><extensions><accuracy>6.1</accuracy></extensions></trkpt>
<trkpt lat="37.8870463" lon="127.2066944"><time>2026-09-10T06:34:42Z</time><extensions><accuracy>9.7</accuracy></extensions></trkpt>
<trkpt lat="37.8870507" lon="127.2066543"><time>2026-09-10T06:34:43Z</time><extensions><accuracy>6.2</accuracy></extensions></trkpt>
<trkpt lat="37.8870608" lon="127.2066389"><time>2026-09-10T06:34:44Z</time><extensions><accuracy>9.7</accuracy></extensions></trkpt>
<trkpt lat="37.8870637" lon="127.2066338"><time>2026-09-10T06:34:45Z</time><extensions><accuracy>6.2</accuracy></extensions></trkpt>
<trkpt lat="37.8870774" lon="127.2066095"><time>2026-09-10T06:34:46Z</time><extensions><accuracy>7.5</accuracy></extensions></trkpt>
<trkpt lat="37.8871030" lon="127.2065886"><time>2026-09-10T06:34:47Z</time><extensions><accuracy>6.5</accuracy></extensions></trkpt>
<trkpt lat="37.8871009" lon="127.2065801"><time>2026-09-10T06:34:48Z</time><extensions><accuracy>7.8</accuracy></extensions></trkpt>
<trkpt lat="37.8870965" lon="127.2065404"><time>2026-09-10T06:34:49Z</time><extensions><accuracy>6.3</accuracy></extensions></trkpt>
<trkpt lat="37.8871079" lon="127.2065149"><time>2026-09-10T06:34:50Z</time><extensions><accuracy>9.9</accuracy></extensions></trkpt>
<trkpt lat="37.8871070" lon="127.2065032"><time>2026-09-10T06:34:51Z</time><extensions><accuracy>9.6</accuracy></extensions></trkpt>
<trkpt lat="37.8870902" lon="127.2064674"><time>2026-09-10T06:34:52Z</time><extensions><accuracy>6.3</accuracy></extensions></trkpt>
<trkpt lat="37.8870833" lon="127.2064362"><time>2026-09-10T06:34:53Z</time><extensions><accuracy>6.5</accuracy></extensions></trkpt>
<trkpt lat="37.8870998" lon="127.2064188"><time>2026-09-10T06:34:54Z</time><extensions><accuracy>8.7</accuracy></extensions></trkpt>
<trkpt lat="37.8870988" lon="127.2064041"><time>2026-09-10T06:34:55Z</time><extensions><accuracy>8.6</accuracy></extensions></trkpt>
<trkpt lat="37.8870928" lon="127.2063975"><time>2026-09-10T06:34:56Z</time><extensions><accuracy>7.7</accuracy></extensions></trkpt>
<trkpt lat="37.8870952" lon="127.2063696"><time>2026-09-10T06:34:57Z</time><extensions><accuracy>7.5</accuracy></extensions></trkpt>
<trkpt lat="37.8871066" lon="127.2063656"><time>2026-09-10T06:34:58Z</time><extensions><accuracy>8.1</accuracy></extensions></trkpt>
<trkpt lat="37.8871167" lon="127.2063342"><time>2026-09-10T06:34:59Z</time><extensions><accuracy>9.1</accuracy></extensions></trkpt>
<trkpt lat="37.8871131" lon="127.2062791"><time>2026-09-10T06:35:00Z</time><extensions><accuracy>43.3</accuracy></extensions></trkpt>
<trkpt lat="37.8871882" lon="127.2062423"><time>2026-09-10T06:35:01Z</time><extensions><accuracy>45.9</accuracy></extensions></trkpt>
<trkpt lat="37.8872247" lon="127.2062313"><time>2026-09-10T06:35:02Z</time><extensions><accuracy>44.1</accuracy></extensions></trkpt>
<trkpt lat="37.8871937" lon="127.2062734"><time>2026-09-10T06:35:03Z</time><extensions><accuracy>52.6</accuracy></extensions></trkpt>
<trkpt lat="37.8872414" lon="127.2061993"><time>2026-09-10T06:35:04Z</time><extensions><accuracy>47.9</accuracy></extensions></trkpt>
<trkpt lat="37.8872723" lon="127.2061852"><time>2026-09-10T06:35:05Z</time><extensions><accuracy>47.7</accuracy></extensions></trkpt>
<trkpt lat="37.8872721" lon="127.2061375"><time>2026-09-10T06:35:06Z</time><extensions><accuracy>52.3</accuracy></extensions></trkpt>
<trkpt lat="37.8873144" lon="127.2060785"><time>2026-09-10T06:35:07Z</time><extensions><accuracy>53.6</accuracy></extensions></trkpt>
<trkpt lat="37.8872374" lon="127.2060375"><time>2026-09-10T06:35:08Z</time><extensions><accuracy>44.2</accuracy></extensions></trkpt>
<trkpt lat="37.8872999" lon="127.2059716"><time>2026-09-10T06:35:09Z</time><extensions><accuracy>42.3</accuracy></extensions></trkpt>
<trkpt lat="37.8871944" lon="127.2059436"><time>2026-09-10T06:35:10Z</time><extensions><accuracy>56.4</accuracy></extensions></trkpt>
<trkpt lat="37.8871880" lon="127.2060338"><time>2026-09-10T06:35:11Z</time><extensions><accuracy>45.6</accuracy></extensions></trkpt>
<trkpt lat="37.8871893" lon="127.2059978"><time>2026-09-10T06:35:12Z</time><extensions><accuracy>50.0</accuracy></extensions></trkpt>
<trkpt lat="37.8871870" lon="127.2060833"><time>2026-09-10T06:35:13Z</time><extensions><accuracy>53.4</accuracy></extensions></trkpt>
<trkpt lat="37.8872221" lon="127.2060180"><time>2026-09-10T06:35:14Z</time><extensions><accuracy>53.4</accuracy></extensions></trkpt>
<trkpt lat="37.8873359" lon="127.2059174"><time>2026-09-10T06:35:15Z</time><extensions><accuracy>40.5</accuracy></extensions></trkpt>
<trkpt lat="37.8873432" lon="127.2060032"><time>2026-09-10T06:35:16Z</time><extensions><accuracy>59.2</accuracy></extensions></trkpt>
<trkpt lat="37.8873318" lon="127.2059601"><time>2026-09-10T06:35:17Z</time><extensions><accuracy>54.8</accuracy></extensions></trkpt>
<trkpt lat="37.8873184" lon="127.2059965"><time>2026-09-10T06:35:18Z</time><extensions><accuracy>41.8</accuracy></extensions></trkpt>
<trkpt lat="37.8873258" lon="127.2059132"><time>2026-09-10T06:35:19Z</time><extensions><accuracy>41.7</accuracy></extensions></trkpt>
<trkpt lat="37.8873742" lon="127.2058831"><time>2026-09-10T06:35:20Z</time><extensions><accuracy>49.9</accuracy></extensions></trkpt>
<trkpt lat="37.8874439" lon="127.2058989"><time>2026-09-10T06:35:21Z</time><extensions><accuracy>39.2</accuracy></extensions></trkpt>
<trkpt lat="37.8874547" lon="127.2058480"><time>2026-09-10T06:35:22Z</time><extensions><accuracy>43.1</accuracy></extensions></trkpt>
<trkpt lat="37.8874758" lon="127.2058592"><time>2026-09-10T06:35:23Z</time><extensions><accuracy>45.2</accuracy></extensions></trkpt>
<trkpt lat="37.8874637" lon="127.2058887"><time>2026-09-10T06:35:24Z</time><extensions><accuracy>36.9</accuracy></extensions></trkpt>
<trkpt lat="37.8874891" lon="127.2059231"><time>2026-09-10T06:35:25Z</time><extensions><accuracy>46.4</accuracy></extensions></trkpt>
<trkpt lat="37.8875319" lon="127.2059578"><time>2026-09-10T06:35:26Z</time><extensions><accuracy>36.3</accuracy></extensions></trkpt>
<trkpt lat="37.8875439" lon="127.2059204"><time>2026-09-10T06:35:27Z</time><extensions><accuracy>36.5</accuracy></extensions></trkpt>
<trkpt lat="37.8874841" lon="127.2058734"><time>2026-09-10T06:35:28Z</time><extensions><accuracy>59.0</accuracy></extensions></trkpt>
<trkpt lat="37.8874071" lon="127.2057862"><time>2026-09-10T06:35:29Z</time><extensions><accuracy>51.4</accuracy></extensions></trkpt>
<trkpt lat="37.8873964" lon="127.2057900"><time>2026-09-10T06:35:30Z</time><extensions><accuracy>7.4</accuracy></extensions></trkpt>
<trkpt lat="37.8873939" lon="127.2057718"><time>2026-09-10T06:35:31Z</time><extensions><accuracy>9.9</accuracy></extensions></trkpt>
<trkpt lat="37.8874135" lon="127.2057528"><time>2026-09-10T06:35:32Z</time><extensions><accuracy>6.2</accuracy></extensions></trkpt>
<trkpt lat="37.8874258" lon="127.2057346"><time>2026-09-10T06:35:33Z</time><extensions><accuracy>6.5</accuracy></extensions></trkpt>
<trkpt lat="37.8874236" lon="127.2057230"><time>2026-09-10T06:35:34Z</time><extensions><accuracy>6.2</accuracy></extensions></trkpt>
<trkpt lat="37.8874220" lon="127.2057405"><time>2026-09-10T06:35:35Z</time><extensions><accuracy>7.7</accuracy></extensions></trkpt>
<trkpt lat="37.8874346" lon="127.2056921"><time>2026-09-10T06:35:36Z</time><extensions><accuracy>7.4</accuracy></extensions></trkpt>
<trkpt lat="37.8874470" lon="127.2056769"><time>2026-09-10T06:35:37Z</time><extensions><accuracy>7.1</accuracy></extensions></trkpt>
<trkpt lat="37.8874360" lon="127.2056514"><time>2026-09-10T06:35:38Z</time><extensions><accuracy>7.3</accuracy></extensions></trkpt>
<trkpt lat="37.8874354" lon="127.2056101"><time>2026-09-10T06:35:39Z</time><extensions><accuracy>7.3</accuracy></extensions></trkpt>
<trkpt lat="37.8874209" lon="127.2055739"><time>2026-09-10T06:35:40Z</time><extensions><accuracy>8.5</accuracy></extensions></trkpt>
<trkpt lat="37.8874234" lon="127.2055702"><time>2026-09-10T06:35:41Z</time><extensions><accuracy>8.5</accuracy></extensions></trkpt>
<trkpt lat="37.8874261" lon="127.2055565"><time>2026-09-10T06:35:42Z</time><extensions><accuracy>7.5</accuracy></extensions></trkpt>
<trkpt lat="37.8874301" lon="127.2055397"><time>2026-09-10T06:35:43Z</time><extensions><accuracy>6.0</accuracy></extensions></trkpt>
<trkpt lat="37.8874348" lon="127.2055322"><time>2026-09-10T06:35:44Z</time><extensions><accuracy>9.6</accuracy></extensions></trkpt>
<trkpt lat="37.8874473" lon="127.2055314"><time>2026-09-10T06:35:45Z</time><extensions><accuracy>6.4</accuracy></extensions></trkpt>
<trkpt lat="37.8874819" lon="127.2055135"><time>2026-09-10T06:35:46Z</time><extensions><accuracy>6.9</accuracy></extensions></trkpt>
<trkpt lat="37.8875013" lon="127.2054543"><time>2026-09-10T06:35:47Z</time><extensions><accuracy>8.5</accuracy></extensions></trkpt>
<trkpt lat="37.8874996" lon="127.2054077"><time>2026-09-10T06:35:48Z</time><extensions><accuracy>8.7</accuracy></extensions></trkpt>
<trkpt lat="37.8874851" lon="127.2053866"><time>2026-09-10T06:35:49Z</time><extensions><accuracy>6.6</accuracy></extensions></trkpt>
<trkpt lat="37.8874907" lon="127.2053771"><time>2026-09-10T06:35:50Z</time><extensions><accuracy>6.5</accuracy></extensions></trkpt>
<trkpt lat="37.8875068" lon="127.2053477"><time>2026-09-10T06:35:51Z</time><extensions><accuracy>8.4</accuracy></extensions></trkpt>
<trkpt lat="37.8875304" lon="127.2053272"><time>2026-09-10T06:35:52Z</time><extensions><accuracy>7.7</accuracy></extensions></trkpt>
<trkpt lat="37.8875156" lon="127.2052966"><time>2026-09-10T06:35:53Z</time><extensions><accuracy>6.4</accuracy></extensions></trkpt>
<trkpt lat="37.8875123" lon="127.2052598"><time>2026-09-10T06:35:54Z</time><extensions><accuracy>6.5</accuracy></extensions></trkpt>
<trkpt lat="37.8875240" lon="127.2052170"><time>2026-09-10T06:35:55Z</time><extensions><accuracy>7.7</accuracy></extensions></trkpt>
<trkpt lat="37.8875499" lon="127.2051862"><time>2026-09-10T06:35:56Z</time><extensions><accuracy>7.8</accuracy></extensions></trkpt>
<trkpt lat="37.8875605" lon="127.2051667"><time>2026-09-10T06:35:57Z</time><extensions><accuracy>7.6</accuracy></extensions></trkpt>
<trkpt lat="37.8875782" lon="127.2051286"><time>2026-09-10T06:35:58Z</time><extensions><accuracy>8.4</accuracy></extensions></trkpt>
<trkpt lat="37.8875901" lon="127.2050955"><time>2026-09-10T06:35:59Z</time><extensions><accuracy>8.9</accuracy></extensions></trkpt>
<trkpt lat="37.8875915" lon="127.2050905"><time>2026-09-10T06:36:00Z</time><extensions><accuracy>9.2</accuracy></extensions></trkpt>
<trkpt lat="37.8875889" lon="127.2050409"><time>2026-09-10T06:36:01Z</time><extensions><accuracy>8.6</accuracy></extensions></trkpt>
<trkpt lat="37.8876059" lon="127.2050065"><time>2026-09-10T06:36:02Z</time><extensions><accuracy>8.8</accuracy></extensions></trkpt>
<trkpt lat="37.8876221" lon="127.2049904"><time>2026-09-10T06:36:03Z</time><extensions><accuracy>10.0</accuracy></extensions></trkpt>
<trkpt lat="37.8876365" lon="127.2049600"><time>2026-09-10T06:36:04Z</time><extensions><accuracy>9.6</accuracy></extensions></trkpt>
<trkpt lat="37.8876726" lon="127.2049747"><time>2026-09-10T06:36:05Z</time><extensions><accuracy>6.9</accuracy></extensions></trkpt>
<trkpt lat="37.8876780" lon="127.2049674"><time>2026-09-10T06:36:06Z</time><extensions><accuracy>7.2</accuracy></extensions></trkpt>
<trkpt lat="37.8877198" lon="127.2049430"><time>2026-09-10T06:36:07Z</time><extensions><accuracy>8.1</accuracy></extensions></trkpt>
<trkpt lat="37.8877089" lon="127.2049110"><time>2026-09-10T06:36:08Z</time><extensions><accuracy>8.4</accuracy></extensions></trkpt>
<trkpt lat="37.8877023" lon="127.2048926"><time>2026-09-10T06:36:09Z</time><extensions><accuracy>7.3</accuracy></extensions></trkpt>
<trkpt lat="37.8877046" lon="127.2048739"><time>2026-09-10T06:36:10Z</time><extensions><accuracy>9.8</accuracy></extensions></trkpt>
<trkpt lat="37.8877232" lon="127.2049044"><time>2026-09-10T06:36:11Z</time><extensions><accuracy>7.7</accuracy></extensions></trkpt>
<trkpt lat="37.8877066" lon="127.2048737"><time>2026-09-10T06:36:12Z</time><extensions><accuracy>9.4</accuracy></extensions></trkpt>
<trkpt lat="37.8877176" lon="127.2048639"><time>2026-09-10T06:36:13Z</time><extensions><accuracy>7.5</accuracy></extensions></trkpt>
<trkpt lat="37.8876919" lon="127.2048226"><time>2026-09-10T06:36:14Z</time><extensions><accuracy>9.5</accuracy></extensions></trkpt>
<trkpt lat="37.8877089" lon="127.2048236"><time>2026-09-10T06:36:15Z</time><extensions><accuracy>9.6</accuracy></extensions></trkpt>
<trkpt lat="37.8877097" lon="127.2047883"><time>2026-09-10T06:36:16Z</time><extensions><accuracy>9.1</accuracy></extensions></trkpt>
<trkpt lat="37.8877210" lon="127.2047528"><time>2026-09-10T06:36:17Z</time><extensions><accuracy>6.7</accuracy></extensions></trkpt>
<trkpt lat="37.8877323" lon="127.2047443"><time>2026-09-10T06:36:18Z</time><extensions><accuracy>8.8</accuracy></extensions></trkpt>
<trkpt lat="37.8877421" lon="127.2047226"><time>2026-09-10T06:36:19Z</time><extensions><accuracy>7.9</accuracy></extensions></trkpt>
<trkpt lat="37.8877433" lon="127.2047052"><time>2026-09-10T06:36:20Z</time><extensions><accuracy>8.0</accuracy></extensions></trkpt>
<trkpt lat="37.8877582" lon="127.2046712"><time>2026-09-10T06:36:21Z</time><extensions><accuracy>7.3</accuracy></extensions></trkpt>
<trkpt lat="37.8877565" lon="127.2046845"><time>2026-09-10T06:36:22Z</time><extensions><accuracy>8.7</accuracy></extensions></trkpt>
<trkpt lat="37.8877537" lon="127.2046440"><time>2026-09-10T06:36:23Z</time><extensions><accuracy>6.4</accuracy></extensions></trkpt>
<trkpt lat="37.8877564" lon="127.2046335"><time>2026-09-10T06:36:24Z</time><extensions><accuracy>9.7</accuracy></extensions></trkpt>
<trkpt lat="37.8877811" lon="127.2046162"><time>2026-09-10T06:36:25Z</time><extensions><accuracy>6.4</accuracy></extensions></trkpt>
<trkpt lat="37.8877909" lon="127.2045638"><time>2026-09-10T06:36:26Z</time><extensions><accuracy>9.4</accuracy></extensions></trkpt>
<trkpt lat="37.8877947" lon="127.2045557"><time>2026-09-10T06:36:27Z</time><extensions><accuracy>9.6</accuracy></extensions></trkpt>
<trkpt lat="37.8878099" lon="127.2045193"><time>2026-09-10T06:36:28Z</time><extensions><accuracy>7.9</accuracy></extensions></trkpt>
<trkpt lat="37.8878232" lon="127.2044788"><time>2026-09-10T06:36:29Z</time><extensions><accuracy>6.1</accuracy></extensions></trkpt>
<trkpt lat="37.8878334" lon="127.2044574"><time>2026-09-10T06:36:30Z</time><extensions><accuracy>8.5</accuracy></extensions></trkpt>
<trkpt lat="37.8878301" lon="127.2044555"><time>2026-09-10T06:36:31Z</time><extensions><accuracy>7.8</accuracy></extensions></trkpt>
<trkpt lat="37.8878535" lon="127.2044248"><time>2026-09-10T06:36:32Z</time><extensions><accuracy>8.8</accuracy></extensions></trkpt>
<trkpt lat="37.8878742" lon="127.2044200"><time>2026-09-10T06:36:33Z</time><extensions><accuracy>6.8</accuracy></extensions></trkpt>
<trkpt lat="37.8878821" lon="127.2043966"><time>2026-09-10T06:36:34Z</time><extensions><accuracy>7.9</accuracy></extensions></trkpt>
<trkpt lat="37.8879049" lon="127.2043586"><time>2026-09-10T06:36:35Z</time><extensions><accuracy>8.3</accuracy></extensions></trkpt>
<trkpt lat="37.8879015" lon="127.2043250"><time>2026-09-10T06:36:36Z</time><extensions><accuracy>9.5</accuracy></extensions></trkpt>
<trkpt lat="37.8879224" lon="127.2043134"><time>2026-09-10T06:36:37Z</time><extensions><accuracy>6.3</accuracy></extensions></trkpt>
<trkpt lat="37.8879378" lon="127.2042908"><time>2026-09-10T06:36:38Z</time><extensions><accuracy>8.3</accuracy></extensions></trkpt>
<trkpt lat="37.8879441" lon="127.2042564"><time>2026-09-10T06:36:39Z</time><extensions><accuracy>8.0</accuracy></extensions></trkpt>
<trkpt lat="37.8879812" lon="127.2042383"><time>2026-09-10T06:36:40Z</time><extensions><accuracy>8.1</accuracy></extensions></trkpt>
<trkpt lat="37.8880014" lon="127.2042217"><time>2026-09-10T06:36:41Z</time><extensions><accuracy>6.3</accuracy></extensions></trkpt>
<trkpt lat="37.8880033" lon="127.2042275"><time>2026-09-10T06:36:42Z</time><extensions><accuracy>7.9</accuracy></extensions></trkpt>
<trkpt lat="37.8880054" lon="127.2042137"><time>2026-09-10T06:36:43Z</time><extensions><accuracy>9.6</accuracy></extensions></trkpt>
<trkpt lat="37.8879929" lon="127.2042013"><time>2026-09-10T06:36:44Z</time><extensions><accuracy>7.3</accuracy></extensions></trkpt>
<trkpt lat="37.8879902" lon="127.2041547"><time>2026-09-10T06:36:45Z</time><extensions><accuracy>8.5</accuracy></extensions></trkpt>
<trkpt lat="37.8879925" lon="127.2041124"><time>2026-09-10T06:36:46Z</time><extensions><accuracy>7.0</accuracy></extensions></trkpt>
<trkpt lat="37.8880012" lon="127.2041009"><time>2026-09-10T06:36:47Z</time><extensions><accuracy>6.6</accuracy></extensions></trkpt>
<trkpt lat="37.8880087" lon="127.2040817"><time>2026-09-10T06:36:48Z</time><extensions><accuracy>9.0</accuracy></extensions></trkpt>
<trkpt lat="37.8880151" lon="127.2040784"><time>2026-09-10T06:36:49Z</time><extensions><accuracy>9.9</accuracy></extensions></trkpt>
<trkpt lat="37.8880289" lon="127.2040532"><time>2026-09-10T06:36:50Z</time><extensions><accuracy>9.5</accuracy></extensions></trkpt>
<trkpt lat="37.8880365" lon="127.2040479"><time>2026-09-10T06:36:51Z</time><extensions><accuracy>6.3</accuracy></extensions></trkpt>
<trkpt lat="37.8880529" lon="127.2040399"><time>2026-09-10T06:36:52Z</time><extensions><accuracy>7.7</accuracy></extensions></trkpt>
<trkpt lat="37.8880763" lon="127.2040523"><time>2026-09-10T06:36:53Z</time><extensions><accuracy>7.2</accuracy></extensions></trkpt>
<trkpt lat="37.8880951" lon="127.2040231"><time>2026-09-10T06:36:54Z</time><extensions><accuracy>8.7</accuracy></extensions></trkpt>
<trkpt lat="37.8880991" lon="127.2040132"><time>2026-09-10T06:36:55Z</time><extensions><accuracy>7.2</accuracy></extensions></trkpt>
<trkpt lat="37.8881116" lon="127.2039858"><time>2026-09-10T06:36:56Z</time><extensions><accuracy>9.0</accuracy></extensions></trkpt>
<trkpt lat="37.8880986" lon="127.2039659"><time>2026-09-10T06:36:57Z</time><extensions><accuracy>6.6</accuracy></extensions></trkpt>
<trkpt lat="37.8881210" lon="127.2039295"><time>2026-09-10T06:36:58Z</time><extensions><accuracy>6.2</accuracy></extensions></trkpt>
<trkpt lat="37.8881490" lon="127.2039019"><time>2026-09-10T06:36:59Z</time><extensions><accuracy>8.0</accuracy></extensions></trkpt>
<trkpt lat="37.8881435" lon="127.2039021"><time>2026-09-10T06:37:00Z</time><extensions><accuracy>8.4</accuracy></extensions></trkpt>
<trkpt lat="37.8881614" lon="127.2038863"><time>2026-09-10T06:37:01Z</time><extensions><accuracy>8.8</accuracy></extensions></trkpt>
<trkpt lat="37.8881629" lon="127.2038874"><time>2026-09-10T06:37:02Z</time><extensions><accuracy>7.4</accuracy></extensions></trkpt>
<trkpt lat="37.8881826" lon="127.2038662"><time>2026-09-10T06:37:03Z</time><extensions><accuracy>9.6</accuracy></extensions></trkpt>
<trkpt lat="37.8881994" lon="127.2038518"><time>2026-09-10T06:37:04Z</time><extensions><accuracy>7.0</accuracy></extensions></trkpt>
<trkpt lat="37.8881846" lon="127.2038266"><time>2026-09-10T06:37:05Z</time><extensions><accuracy>8.3</accuracy></extensions></trkpt>
<trkpt lat="37.8881922" lon="127.2038093"><time>2026-09-10T06:37:06Z</time><extensions><accuracy>8.5</accuracy></extensions></trkpt>
<trkpt lat="37.8881987" lon="127.2038179"><time>2026-09-10T06:37:07Z</time><extensions><accuracy>7.7</accuracy></extensions></trkpt>
<trkpt lat="37.8881986" lon="127.2038132"><time>2026-09-10T06:37:08Z</time><extensions><accuracy>9.0</accuracy></extensions></trkpt>
<trkpt lat="37.8882078" lon="127.2037632"><time>2026-09-10T06:37:09Z</time><extensions><accuracy>6.1</accuracy></extensions></trkpt>
<trkpt lat="37.8882237" lon="127.2037399"><time>2026-09-10T06:37:10Z</time><extensions><accuracy>9.6</accuracy></extensions></trkpt>
<trkpt lat="37.8882315" lon="127.2037202"><time>2026-09-10T06:37:11Z</time><extensions><accuracy>9.4</accuracy></extensions></trkpt>
<trkpt lat="37.8882412" lon="127.2036880"><time>2026-09-10T06:37:12Z</time><extensions><accuracy>7.0</accuracy></extensions></trkpt>
<trkpt lat="37.8882452" lon="127.2036833"><time>2026-09-10T06:37:13Z</time><extensions><accuracy>7.1</accuracy></extensions></trkpt>
<trkpt lat="37.8882333" lon="127.2036758"><time>2026-09-10T06:37:14Z</time><extensions><accuracy>9.1</accuracy></extensions></trkpt>
<trkpt lat="37.8882083" lon="127.2036650"><time>2026-09-10T06:37:15Z</time><extensions><accuracy>8.9</accuracy></extensions></trkpt>
<trkpt lat="37.8882226" lon="127.2036305"><time>2026-09-10T06:37:16Z</time><extensions><accuracy>7.1</accuracy></extensions></trkpt>
<trkpt lat="37.8882452" lon="127.2036186"><time>2026-09-10T06:37:17Z</time><extensions><accuracy>7.4</accuracy></extensions></trkpt>
<trkpt lat="37.8882650" lon="127.2036117"><time>2026-09-10T06:37:18Z</time><extensions><accuracy>9.9</accuracy></extensions></trkpt>
<trkpt lat="37.8882733" lon="127.2035969"><time>2026-09-10T06:37:19Z</time><extensions><accuracy>8.2</accuracy></extensions></trkpt>
<trkpt lat="37.8882691" lon="127.2035733"><time>2026-09-10T06:37:20Z</time><extensions><accuracy>7.3</accuracy></extensions></trkpt>
<trkpt lat="37.8882968" lon="127.2035613"><time>2026-09-10T06:37:21Z</time><extensions><accuracy>8.5</accuracy></extensions></trkpt>
<trkpt lat="37.8883225" lon="127.2035374"><time>2026-09-10T06:37:22Z</time><extensions><accuracy>6.9</accuracy></extensions></trkpt>
<trkpt lat="37.8883222" lon="127.2035207"><time>2026-09-10T06:37:23Z</time><extensions><accuracy>6.3</accuracy></extensions></trkpt>
<trkpt lat="37.8883119" lon="127.2034981"><time>2026-09-10T06:37:24Z</time><extensions><accuracy>7.4</accuracy></extensions></trkpt>
<trkpt lat="37.8883201" lon="127.2034707"><time>2026-09-10T06:37:25Z</time><extensions><accuracy>8.5</accuracy></extensions></trkpt>
<trkpt lat="37.8883328" lon="127.2034427"><time>2026-09-10T06:37:26Z</time><extensions><accuracy>8.3</accuracy></extensions></trkpt>
<trkpt lat="37.8883497" lon="127.2034134"><time>2026-09-10T06:37:27Z</time><extensions><accuracy>9.5</accuracy></extensions></trkpt>
<trkpt lat="37.8883752" lon="127.2034080"><time>2026-09-10T06:37:28Z</time><extensions><accuracy>7.0</accuracy></extensions></trkpt>
<trkpt lat="37.8883823" lon="127.2033850"><time>2026-09-10T06:37:29Z</time><extensions><accuracy>9.5</accuracy></extensions></trkpt>
<trkpt lat="37.8883815" lon="127.2033729"><time>2026-09-10T06:37:30Z</time><extensions><accuracy>6.6</accuracy></extensions></trkpt>
<trkpt lat="37.8883997" lon="127.2033709"><time>2026-09-10T06:37:31Z</time><extensions><accuracy>9.5</accuracy></extensions></trkpt>
<trkpt lat="37.8884159" lon="127.2033600"><time>2026-09-10T06:37:32Z</time><extensions><accuracy>9.1</accuracy></extensions></trkpt>
<trkpt lat="37.8884385" lon="127.2033502"><time>2026-09-10T06:37:33Z</time><extensions><accuracy>9.0</accuracy></extensions></trkpt>
<trkpt lat="37.8884513" lon="127.2033557"><time>2026-09-10T06:37:34Z</time><extensions><accuracy>8.7</accuracy></extensions></trkpt>
<trkpt lat="37.8884572" lon="127.2033348"><time>2026-09-10T06:37:35Z</time><extensions><accuracy>9.9</accuracy></extensions></trkpt>
<trkpt lat="37.8884529" lon="127.2033037"><time>2026-09-10T06:37:36Z</time><extensions><accuracy>8.6</accuracy></extensions></trkpt>
<trkpt lat="37.8884633" lon="127.2032640"><time>2026-09-10T06:37:37Z</time><extensions><accuracy>8.7</accuracy></extensions></trkpt>
<trkpt lat="37.8884767" lon="127.2032430"><time>2026-09-10T06:37:38Z</time><extensions><accuracy>8.1</accuracy></extensions></trkpt>
<trkpt lat="37.8885037" lon="127.2032261"><time>2026-09-10T06:37:39Z</time><extensions><accuracy>9.1</accuracy></extensions></trkpt>
<trkpt lat="37.8885032" lon="127.2032127"><time>2026-09-10T06:37:40Z</time><extensions><accuracy>9.0</accuracy></extensions></trkpt>
<trkpt lat="37.8885173" lon="127.2032178"><time>2026-09-10T06:37:41Z</time><extensions><accuracy>7.0</accuracy></extensions></trkpt>
<trkpt lat="37.8885122" lon="127.2031975"><time>2026-09-10T06:37:42Z</time><extensions><accuracy>9.6</accuracy></extensions></trkpt>
<trkpt lat="37.8885402" lon="127.2031995"><time>2026-09-10T06:37:43Z</time><extensions><accuracy>6.8</accuracy></extensions></trkpt>
<trkpt lat="37.8885551" lon="127.2031840"><time>2026-09-10T06:37:44Z</time><extensions><accuracy>7.2</accuracy></extensions></trkpt>
<trkpt lat="37.8885710" lon="127.2031614"><time>2026-09-10T06:37:45Z</time><extensions><accuracy>9.0</accuracy></extensions></trkpt>
<trkpt lat="37.8885598" lon="127.2031489"><time>2026-09-10T06:37:46Z</time><extensions><accuracy>7.8</accuracy></extensions></trkpt>
<trkpt lat="37.8885888" lon="127.2031088"><time>2026-09-10T06:37:47Z</time><extensions><accuracy>6.5</accuracy></extensions></trkpt>
<trkpt lat="37.8886102" lon="127.2030892"><time>2026-09-10T06:37:48Z</time><extensions><accuracy>6.7</accuracy></extensions></trkpt>
<trkpt lat="37.8886278" lon="127.2030479"><time>2026-09-10T06:37:49Z</time><extensions><accuracy>8.3</accuracy></extensions></trkpt>
<trkpt lat="37.8886413" lon="127.2030257"><time>2026-09-10T06:37:50Z</time><extensions><accuracy>8.5</accuracy></extensions></trkpt>
<trkpt lat="37.8886379" lon="127.2030132"><time>2026-09-10T06:37:51Z</time><extensions><accuracy>9.7</accuracy></extensions></trkpt>
<trkpt lat="37.8886402" lon="127.2029821"><time>2026-09-10T06:37:52Z</time><extensions><accuracy>8.4</accuracy></extensions></trkpt>
<trkpt lat="37.8886633" lon="127.2029663"><time>2026-09-10T06:37:53Z</time><extensions><accuracy>9.7</accuracy></extensions></trkpt>
<trkpt lat="37.8886882" lon="127.2029422"><time>2026-09-10T06:37:54Z</time><extensions><accuracy>6.6</accuracy></extensions></trkpt>
<trkpt lat="37.8886997" lon="127.2029342"><time>2026-09-10T06:37:55Z</time><extensions><accuracy>8.7</accuracy></extensions></trkpt>
<trkpt lat="37.8887330" lon="127.2029383"><time>2026-09-10T06:37:56Z</time><extensions><accuracy>7.0</accuracy></extensions></trkpt>
<trkpt lat="37.8887537" lon="127.2029107"><time>2026-09-10T06:37:57Z</time><extensions><accuracy>9.0</accuracy></extensions></trkpt>
<trkpt lat="37.8887543" lon="127.2028799"><time>2026-09-10T06:37:58Z</time><extensions><accuracy>8.9</accuracy></extensions></trkpt>
<trkpt lat="37.8887742" lon="127.2028747"><time>2026-09-10T06:37:59Z</time><extensions><accuracy>6.5</accuracy></extensions></trkpt>
<trkpt lat="37.8887840" lon="127.2028815"><time>2026-09-10T06:38:00Z</time><extensions><accuracy>6.3</accuracy></extensions></trkpt>
<trkpt lat="37.8887884" lon="127.2028445"><time>2026-09-10T06:38:01Z</time><extensions><accuracy>6.4</accuracy></extensions></trkpt>
<trkpt lat="37.8888191" lon="127.2028336"><time>2026-09-10T06:38:02Z</time><extensions><accuracy>8.3</accuracy></extensions></trkpt>
<trkpt lat="37.8888122" lon="127.2028243"><time>2026-09-10T06:38:03Z</time><extensions><accuracy>6.5</accuracy></extensions></trkpt>
<trkpt lat="37.8888249" lon="127.2027969"><time>2026-09-10T06:38:04Z</time><extensions><accuracy>6.2</accuracy></extensions></trkpt>
<trkpt lat="37.8888611" lon="127.2027995"><time>2026-09-10T06:38:05Z</time><extensions><accuracy>6.2</accuracy></extensions></trkpt>
<trkpt lat="37.8888593" lon="127.2028010"><time>2026-09-10T06:38:06Z</time><extensions><accuracy>8.1</accuracy></extensions></trkpt>
<trkpt lat="37.8888481" lon="127.2027831"><time>2026-09-10T06:38:07Z</time><extensions><accuracy>9.1</accuracy></extensions></trkpt>
<trkpt lat="37.8888730" lon="127.2027556"><time>2026-09-10T06:38:08Z</time><extensions><accuracy>9.3</accuracy></extensions></trkpt>
<trkpt lat="37.8888989" lon="127.2027521"><time>2026-09-10T06:38:09Z</time><extensions><accuracy>6.7</accuracy></extensions></trkpt>
<trkpt lat="37.8889245" lon="127.2027106"><time>2026-09-10T06:38:10Z</time><extensions><accuracy>8.9</accuracy></extensions></trkpt>
<trkpt lat="37.8889408" lon="127.2027047"><time>2026-09-10T06:38:11Z</time><extensions><accuracy>7.2</accuracy></extensions></trkpt>
<trkpt lat="37.8889417" lon="127.2026623"><time>2026-09-10T06:38:12Z</time><extensions><accuracy>6.7</accuracy></extensions></trkpt>
<trkpt lat="37.8889632" lon="127.2026489"><time>2026-09-10T06:38:13Z</time><extensions><accuracy>9.9</accuracy></extensions></trkpt>
<trkpt lat="37.8889747" lon="127.2026428"><time>2026-09-10T06:38:14Z</time><extensions><accuracy>9.0</accuracy></extensions></trkpt>
<trkpt lat="37.8889809" lon="127.2026419"><time>2026-09-10T06:38:15Z</time><extensions><accuracy>6.3</accuracy></extensions></trkpt>
<trkpt lat="37.8889769" lon="127.2026448"><time>2026-09-10T06:38:16Z</time><extensions><accuracy>6.0</accuracy></extensions></trkpt>
<trkpt lat="37.8889861" lon="127.2026322"><time>2026-09-10T06:38:17Z</time><extensions><accuracy>6.0</accuracy></extensions></trkpt>
<trkpt lat="37.8889795" lon="127.2026093"><time>2026-09-10T06:38:18Z</time><extensions><accuracy>8.0</accuracy></extensions></trkpt>
<trkpt lat="37.8889976" lon="127.2025937"><time>2026-09-10T06:38:19Z</time><extensions><accuracy>9.5</accuracy></extensions></trkpt>
<trkpt lat="37.8890005" lon="127.2025687"><time>2026-09-10T06:38:20Z</time><extensions><accuracy>9.0</accuracy></extensions></trkpt>
<trkpt lat="37.8890069" lon="127.2025751"><time>2026-09-10T06:38:21Z</time><extensions><accuracy>8.7</accuracy></extensions></trkpt>
<trkpt lat="37.8890161" lon="127.2025496"><time>2026-09-10T06:38:22Z</time><extensions><accuracy>7.9</accuracy></extensions></trkpt>
<trkpt lat="37.8890215" lon="127.2025325"><time>2026-09-10T06:38:23Z</time><extensions><accuracy>9.0</accuracy></extensions></trkpt>
<trkpt lat="37.8890377" lon="127.2025107"><time>2026-09-10T06:38:24Z</time><extensions><accuracy>9.1</accuracy></extensions></trkpt>
<trkpt lat="37.8890493" lon="127.2025021"><time>2026-09-10T06:38:25Z</time><extensions><accuracy>9.9</accuracy></extensions></trkpt>
<trkpt lat="37.8890496" lon="127.2025077"><time>2026-09-10T06:38:26Z</time><extensions><accuracy>7.8</accuracy></extensions></trkpt>
<trkpt lat="37.8890730" lon="127.2024732"><time>2026-09-10T06:38:27Z</time><extensions><accuracy>6.2</accuracy></extensions></trkpt>
<trkpt lat="37.8890748" lon="127.2024602"><time>2026-09-10T06:38:28Z</time><extensions><accuracy>7.5</accuracy></extensions></trkpt>
<trkpt lat="37.8891059" lon="127.2024730"><time>2026-09-10T06:38:29Z</time><extensions><accuracy>6.3</accuracy></extensions></trkpt>
<trkpt lat="37.8891124" lon="127.2024552"><time>2026-09-10T06:38:30Z</time><extensions><accuracy>8.1</accuracy></extensions></trkpt>
<trkpt lat="37.8891421" lon="127.2024748"><time>2026-09-10T06:38:31Z</time><extensions><accuracy>7.7</accuracy></extensions></trkpt>
<trkpt lat="37.8891544" lon="127.2024657"><time>2026-09-10T06:38:32Z</time><extensions><accuracy>9.9</accuracy></extensions></trkpt>
<trkpt lat="37.8891778" lon="127.2024434"><time>2026-09-10T06:38:33Z</time><extensions><accuracy>7.5</accuracy></extensions></trkpt>
<trkpt lat="37.8891860" lon="127.2024049"><time>2026-09-10T06:38:34Z</time><extensions><accuracy>7.5</accuracy></extensions></trkpt>
<trkpt lat="37.8891967" lon="127.2024041"><time>2026-09-10T06:38:35Z</time><extensions><accuracy>6.1</accuracy></extensions></trkpt>
<trkpt lat="37.8892070" lon="127.2023879"><time>2026-09-10T06:38:36Z</time><extensions><accuracy>7.2</accuracy></extensions></trkpt>
<trkpt lat="37.8892257" lon="127.2023738"><time>2026-09-10T06:38:37Z</time><extensions><accuracy>6.0</accuracy></extensions></trkpt>
<trkpt lat="37.8892399" lon="127.2023601"><time>2026-09-10T06:38:38Z</time><extensions><accuracy>8.2</accuracy></extensions></trkpt>
<trkpt lat="37.8892509" lon="127.2023399"><time>2026-09-10T06:38:39Z</time><extensions><accuracy>9.6</accuracy></extensions></trkpt>
<trkpt lat="37.8892593" lon="127.2023281"><time>2026-09-10T06:38:40Z</time><extensions><accuracy>9.2</accuracy></extensions></trkpt>
<trkpt lat="37.8892934" lon="127.2022824"><time>2026-09-10T06:38:41Z</time><extensions><accuracy>7.5</accuracy></extensions></trkpt>
<trkpt lat="37.8892979" lon="127.2022661"><time>2026-09-10T06:38:42Z</time><extensions><accuracy>9.0</accuracy></extensions></trkpt>
<trkpt lat="37.8893030" lon="127.2022519"><time>2026-09-10T06:38:43Z</time><extensions><accuracy>10.0</accuracy></extensions></trkpt>
<trkpt lat="37.8893200" lon="127.2022512"><time>2026-09-10T06:38:44Z</time><extensions><accuracy>6.7</accuracy></extensions></trkpt>
<trkpt lat="37.8893294" lon="127.2022351"><time>2026-09-10T06:38:45Z</time><extensions><accuracy>9.3</accuracy></extensions></trkpt>
<trkpt lat="37.8893492" lon="127.2022116"><time>2026-09-10T06:38:46Z</time><extensions><accuracy>7.6</accuracy></extensions></trkpt>
<trkpt lat="37.8893477" lon="127.2021798"><time>2026-09-10T06:38:47Z</time><extensions><accuracy>6.0</accuracy></extensions></trkpt>
<trkpt lat="37.8893585" lon="127.2021757"><time>2026-09-10T06:38:48Z</time><extensions><accuracy>7.7</accuracy></extensions></trkpt>
<trkpt lat="37.8893677" lon="127.2021410"><time>2026-09-10T06:38:49Z</time><extensions><accuracy>6.3</accuracy></extensions></trkpt>
<trkpt lat="37.8893741" lon="127.2021022"><time>2026-09-10T06:38:50Z</time><extensions><accuracy>7.5</accuracy></extensions></trkpt>
<trkpt lat="37.8893816" lon="127.2020995"><time>2026-09-10T06:38:51Z</time><extensions><accuracy>7.4</accuracy></extensions></trkpt>
<trkpt lat="37.8894056" lon="127.2020741"><time>2026-09-10T06:38:52Z</time><extensions><accuracy>7.1</accuracy></extensions></trkpt>
<trkpt lat="37.8894151" lon="127.2020415"><time>2026-09-10T06:38:53Z</time><extensions><accuracy>6.4</accuracy></extensions></trkpt>
<trkpt lat="37.8894268" lon="127.2020036"><time>2026-09-10T06:38:54Z</time><extensions><accuracy>8.7</accuracy></extensions></trkpt>
<trkpt lat="37.8894581" lon="127.2020018"><time>2026-09-10T06:38:55Z</time><extensions><accuracy>6.8</accuracy></extensions></trkpt>
<trkpt lat="37.8894814" lon="127.2020004"><time>2026-09-10T06:38:56Z</time><extensions><accuracy>9.0</accuracy></extensions></trkpt>
<trkpt lat="37.8894850" lon="127.2019953"><time>2026-09-10T06:38:57Z</time><extensions><accuracy>7.5</accuracy></extensions></trkpt>
<trkpt lat="37.8894874" lon="127.2019699"><time>2026-09-10T06:38:58Z</time><extensions><accuracy>8.1</accuracy></extensions></trkpt>
<trkpt lat="37.8894964" lon="127.2019532"><time>2026-09-10T06:38:59Z</time><extensions><accuracy>8.2</accuracy></extensions></trkpt>
<trkpt lat="37.8895218" lon="127.2019389"><time>2026-09-10T06:39:00Z</time><extensions><accuracy>9.4</accuracy></extensions></trkpt>
<trkpt lat="37.8895393" lon="127.2019314"><time>2026-09-10T06:39:01Z</time><extensions><accuracy>6.7</accuracy></extensions></trkpt>
<trkpt lat="37.8895717" lon="127.2019367"><time>2026-09-10T06:39:02Z</time><extensions><accuracy>8.7</accuracy></extensions></trkpt>
<trkpt lat="37.8895976" lon="127.2019120"><time>2026-09-10T06:39:03Z</time><extensions><accuracy>6.2</accuracy></extensions></trkpt>
<trkpt lat="37.8896019" lon="127.2019253"><time>2026-09-10T06:39:04Z</time><extensions><accuracy>9.3</accuracy></extensions></trkpt>
<trkpt lat="37.8896432" lon="127.2018956"><time>2026-09-10T06:39:05Z</time><extensions><accuracy>8.1</accuracy></extensions></trkpt>
<trkpt lat="37.8896239" lon="127.2018816"><time>2026-09-10T06:39:06Z</time><extensions><accuracy>7.6</accuracy></extensions></trkpt>
<trkpt lat="37.8896432" lon="127.2018615"><time>2026-09-10T06:39:07Z</time><extensions><accuracy>9.7</accuracy></extensions></trkpt>
<trkpt lat="37.8896459" lon="127.2018394"><time>2026-09-10T06:39:08Z</time><extensions><accuracy>6.7</accuracy></extensions></trkpt>
<trkpt lat="37.8896626" lon="127.2018242"><time>2026-09-10T06:39:09Z</time><extensions><accuracy>6.4</accuracy></extensions></trkpt>
<trkpt lat="37.8896707" lon="127.2018018"><time>2026-09-10T06:39:10Z</time><extensions><accuracy>7.4</accuracy></extensions></trkpt>
<trkpt lat="37.8896789" lon="127.2018092"><time>2026-09-10T06:39:11Z</time><extensions><accuracy>6.2</accuracy></extensions></trkpt>
<trkpt lat="37.8896823" lon="127.2017961"><time>2026-09-10T06:39:12Z</time><extensions><accuracy>6.7</accuracy></extensions></trkpt>
<trkpt lat="37.8896952" lon="127.2017731"><time>2026-09-10T06:39:13Z</time><extensions><accuracy>9.7</accuracy></extensions></trkpt>
<trkpt lat="37.8896952" lon="127.2017517"><time>2026-09-10T06:39:14Z</time><extensions><accuracy>6.2</accuracy></extensions></trkpt>
<trkpt lat="37.8897091" lon="127.2017553"><time>2026-09-10T06:39:15Z</time><extensions><accuracy>7.0</accuracy></extensions></trkpt>
<trkpt lat="37.8897083" lon="127.2017677"><time>2026-09-10T06:39:16Z</time><extensions><accuracy>7.8</accuracy></extensions></trkpt>
<trkpt lat="37.8897247" lon="127.2017597"><time>2026-09-10T06:39:17Z</time><extensions><accuracy>7.4</accuracy></extensions></trkpt>
<trkpt lat="37.8897585" lon="127.2017410"><time>2026-09-10T06:39:18Z</time><extensions><accuracy>9.9</accuracy></extensions></trkpt>
<trkpt lat="37.8897761" lon="127.2016876"><time>2026-09-10T06:39:19Z</time><extensions><accuracy>8.8</accuracy></extensions></trkpt>
<trkpt lat="37.8897924" lon="127.2016792"><time>2026-09-10T06:39:20Z</time><extensions><accuracy>8.9</accuracy></extensions></trkpt>
<trkpt lat="37.8898125" lon="127.2016510"><time>2026-09-10T06:39:21Z</time><extensions><accuracy>9.4</accuracy></extensions></trkpt>
<trkpt lat="37.8898405" lon="127.2016477"><time>2026-09-10T06:39:22Z</time><extensions><accuracy>8.3</accuracy></extensions></trkpt>
<trkpt lat="37.8898228" lon="127.2016288"><time>2026-09-10T06:39:23Z</time><extensions><accuracy>8.8</accuracy></extensions></trkpt>
<trkpt lat="37.8898344" lon="127.2016323"><time>2026-09-10T06:39:24Z</time><extensions><accuracy>8.5</accuracy></extensions></trkpt>
<trkpt lat="37.8898597" lon="127.2016293"><time>2026-09-10T06:39:25Z</time><extensions><accuracy>8.9</accuracy></extensions></trkpt>
<trkpt lat="37.8898699" lon="127.2016138"><time>2026-09-10T06:39:26Z</time><extensions><accuracy>9.6</accuracy></extensions></trkpt>
<trkpt lat="37.8898805" lon="127.2016001"><time>2026-09-10T06:39:27Z</time><extensions><accuracy>8.2</accuracy></extensions></trkpt>
<trkpt lat="37.8899197" lon="127.2015736"><time>2026-09-10T06:39:28Z</time><extensions><accuracy>7.3</accuracy></extensions></trkpt>
<trkpt lat="37.8899472" lon="127.2015637"><time>2026-09-10T06:39:29Z</time><extensions><accuracy>6.8</accuracy></extensions></trkpt>
<trkpt lat="37.8899522" lon="127.2015492"><time>2026-09-10T06:39:30Z</time><extensions><accuracy>6.6</accuracy></extensions></trkpt>
<trkpt lat="37.8899665" lon="127.2015283"><time>2026-09-10T06:39:31Z</time><extensions><accuracy>9.4</accuracy></extensions></trkpt>
<trkpt lat="37.8899821" lon="127.2015246"><time>2026-09-10T06:39:32Z</time><extensions><accuracy>7.4</accuracy></extensions></trkpt>
<trkpt lat="37.8900011" lon="127.2015187"><time>2026-09-10T06:39:33Z</time><extensions><accuracy>9.6</accuracy></extensions></trkpt>
<trkpt lat="37.8900098" lon="127.2015043"><time>2026-09-10T06:39:34Z</time><extensions><accuracy>8.5</accuracy></extensions></trkpt>
<trkpt lat="37.8900003" lon="127.2014832"><time>2026-09-10T06:39:35Z</time><extensions><accuracy>7.4</accuracy></extensions></trkpt>
<trkpt lat="37.8900288" lon="127.2014780"><time>2026-09-10T06:39:36Z</time><extensions><accuracy>6.3</accuracy></extensions></trkpt>
<trkpt lat="37.8900367" lon="127.2014453"><time>2026-09-10T06:39:37Z</time><extensions><accuracy>9.8</accuracy></extensions></trkpt>
<trkpt lat="37.8900618" lon="127.2014307"><time>2026-09-10T06:39:38Z</time><extensions><accuracy>8.0</accuracy></extensions></trkpt>
<trkpt lat="37.8900995" lon="127.2014268"><time>2026-09-10T06:39:39Z</time><extensions><accuracy>6.7</accuracy></extensions></trkpt>
<trkpt lat="37.8901264" lon="127.2013879"><time>2026-09-10T06:39:40Z</time><extensions><accuracy>9.8</accuracy></extensions></trkpt>
<trkpt lat="37.8901294" lon="127.2013888"><time>2026-09-10T06:39:41Z</time><extensions><accuracy>10.0</accuracy></extensions></trkpt>
<trkpt lat="37.8901523" lon="127.2013851"><time>2026-09-10T06:39:42Z</time><extensions><accuracy>6.8</accuracy></extensions></trkpt>
<trkpt lat="37.8901590" lon="127.2013783"><time>2026-09-10T06:39:43Z</time><extensions><accuracy>7.4</accuracy></extensions></trkpt>
<trkpt lat="37.8901791" lon="127.2013712"><time>2026-09-10T06:39:44Z</time><extensions><accuracy>7.7</accuracy></extensions></trkpt>
<trkpt lat="37.8901917" lon="127.2013731"><time>2026-09-10T06:39:45Z</time><extensions><accuracy>6.1</accuracy></extensions></trkpt>
<trkpt lat="37.8902049" lon="127.2013542"><time>2026-09-10T06:39:46Z</time><extensions><accuracy>7.9</accuracy></extensions></trkpt>
<trkpt lat="37.8902267" lon="127.2013386"><time>2026-09-10T06:39:47Z</time><extensions><accuracy>6.7</accuracy></extensions></trkpt>
<trkpt lat="37.8902388" lon="127.2013170"><time>2026-09-10T06:39:48Z</time><extensions><accuracy>9.5</accuracy></extensions></trkpt>
<trkpt lat="37.8902574" lon="127.2013066"><time>2026-09-10T06:39:49Z</time><extensions><accuracy>8.7</accuracy></extensions></trkpt>
<trkpt lat="37.8902727" lon="127.2012643"><time>2026-09-10T06:39:50Z</time><extensions><accuracy>7.1</accuracy></extensions></trkpt>
<trkpt lat="37.8902834" lon="127.2012552"><time>2026-09-10T06:39:51Z</time><extensions><accuracy>8.6</accuracy></extensions></trkpt>
<trkpt lat="37.8902908" lon="127.2012250"><time>2026-09-10T06:39:52Z</time><extensions><accuracy>7.7</accuracy></extensions></trkpt>
<trkpt lat="37.8903246" lon="127.2012267"><time>2026-09-10T06:39:53Z</time><extensions><accuracy>7.3</accuracy></extensions></trkpt>
<trkpt lat="37.8903451" lon="127.2012108"><time>2026-09-10T06:39:54Z</time><extensions><accuracy>6.1</accuracy></extensions></trkpt>
<trkpt lat="37.8903452" lon="127.2011833"><time>2026-09-10T06:39:55Z</time><extensions><accuracy>9.6</accuracy></extensions></trkpt>
<trkpt lat="37.8903477" lon="127.2011745"><time>2026-09-10T06:39:56Z</time><extensions><accuracy>8.8</accuracy></extensions></trkpt>
<trkpt lat="37.8903559" lon="127.2011747"><time>2026-09-10T06:39:57Z</time><extensions><accuracy>7.6</accuracy></extensions></trkpt>
<trkpt lat="37.8903628" lon="127.2011740"><time>2026-09-10T06:39:58Z</time><extensions><accuracy>9.5</accuracy></extensions></trkpt>
<trkpt lat="37.8903743" lon="127.2011575"><time>2026-09-10T06:39:59Z</time><extensions><accuracy>7.5</accuracy></extensions></trkpt>
<trkpt lat="37.8904010" lon="127.2011389"><time>2026-09-10T06:40:00Z</time><extensions><accuracy>8.0</accuracy></extensions></trkpt>
<trkpt lat="37.8904202" lon="127.2011317"><time>2026-09-10T06:40:01Z</time><extensions><accuracy>9.2</accuracy></extensions></trkpt>
<trkpt lat="37.8904329" lon="127.2011283"><time>2026-09-10T06:40:02Z</time><extensions><accuracy>8.0</accuracy></extensions></trkpt>
<trkpt lat="37.8904476" lon="127.2011100"><time>2026-09-10T06:40:03Z</time><extensions><accuracy>6.6</accuracy></extensions></trkpt>
<trkpt lat="37.8904629" lon="127.2011107"><time>2026-09-10T06:40:04Z</time><extensions><accuracy>7.5</accuracy></extensions></trkpt>
<trkpt lat="37.8904886" lon="127.2011109"><time>2026-09-10T06:40:05Z</time><extensions><accuracy>7.6</accuracy></extensions></trkpt>
<trkpt lat="37.8904932" lon="127.2010909"><time>2026-09-10T06:40:06Z</time><extensions><accuracy>9.4</accuracy></extensions></trkpt>
<trkpt lat="37.8905003" lon="127.2010992"><time>2026-09-10T06:40:07Z</time><extensions><accuracy>9.8</accuracy></extensions></trkpt>
<trkpt lat="37.8905083" lon="127.2010861"><time>2026-09-10T06:40:08Z</time><extensions><accuracy>9.1</accuracy></extensions></trkpt>
<trkpt lat="37.8905348" lon="127.2010560"><time>2026-09-10T06:40:09Z</time><extensions><accuracy>9.6</accuracy></extensions></trkpt>
<trkpt lat="37.8905472" lon="127.2010373"><time>2026-09-10T06:40:10Z</time><extensions><accuracy>6.9</accuracy></extensions></trkpt>
<trkpt lat="37.8905532" lon="127.2010173"><time>2026-09-10T06:40:11Z</time><extensions><accuracy>8.5</accuracy></extensions></trkpt>
<trkpt lat="37.8905636" lon="127.2010160"><time>2026-09-10T06:40:12Z</time><extensions><accuracy>8.7</accuracy></extensions></trkpt>
<trkpt lat="37.8905735" lon="127.2009901"><time>2026-09-10T06:40:13Z</time><extensions><accuracy>9.7</accuracy></extensions></trkpt>
<trkpt lat="37.8905981" lon="127.2009711"><time>2026-09-10T06:40:14Z</time><extensions><accuracy>9.6</accuracy></extensions></trkpt>
<trkpt lat="37.8906059" lon="127.2009768"><time>2026-09-10T06:40:15Z</time><extensions><accuracy>6.5</accuracy></extensions></trkpt>
<trkpt lat="37.8906048" lon="127.2009707"><time>2026-09-10T06:40:16Z</time><extensions><accuracy>9.0</accuracy></extensions></trkpt>
<trkpt lat="37.8906291" lon="127.2009496"><time>2026-09-10T06:40:17Z</time><extensions><accuracy>7.9</accuracy></extensions></trkpt>
<trkpt lat="37.8906655" lon="127.2009493"><time>2026-09-10T06:40:18Z</time><extensions><accuracy>8.6</accuracy></extensions></trkpt>
<trkpt lat="37.8906832" lon="127.2009702"><time>2026-09-10T06:40:19Z</time><extensions><accuracy>6.2</accuracy></extensions></trkpt>
<trkpt lat="37.8907047" lon="127.2009803"><time>2026-09-10T06:40:20Z</time><extensions><accuracy>9.6</accuracy></extensions></trkpt>
<trkpt lat="37.8907181" lon="127.2009969"><time>2026-09-10T06:40:21Z</time><extensions><accuracy>8.4</accuracy></extensions></trkpt>
<trkpt lat="37.8907404" lon="127.2009850"><time>2026-09-10T06:40:22Z</time><extensions><accuracy>7.4</accuracy></extensions></trkpt>
<trkpt lat="37.8907559" lon="127.2009673"><time>2026-09-10T06:40:23Z</time><extensions><accuracy>9.4</accuracy></extensions></trkpt>
<trkpt lat="37.8907770" lon="127.2009675"><time>2026-09-10T06:40:24Z</time><extensions><accuracy>6.3</accuracy></extensions></trkpt>
<trkpt lat="37.8907752" lon="127.2009378"><time>2026-09-10T06:40:25Z</time><extensions><accuracy>9.4</accuracy></extensions></trkpt>
<trkpt lat="37.8907952" lon="127.2009294"><time>2026-09-10T06:40:26Z</time><extensions><accuracy>7.0</accuracy></extensions></trkpt>
<trkpt lat="37.8908020" lon="127.2009475"><time>2026-09-10T06:40:27Z</time><extensions><accuracy>6.6</accuracy></extensions></trkpt>
<trkpt lat="37.8908215" lon="127.2009423"><time>2026-09-10T06:40:28Z</time><extensions><accuracy>6.8</accuracy></extensions></trkpt>
<trkpt lat="37.8908355" lon="127.2009481"><time>2026-09-10T06:40:29Z</time><extensions><accuracy>7.4</accuracy></extensions></trkpt>
<trkpt lat="37.8908390" lon="127.2009413"><time>2026-09-10T06:40:30Z</time><extensions><accuracy>7.1</accuracy></extensions></trkpt>
<trkpt lat="37.8908600" lon="127.2009490"><time>2026-09-10T06:40:31Z</time><extensions><accuracy>6.3</accuracy></extensions></trkpt>
<trkpt lat="37.8908703" lon="127.2009513"><time>2026-09-10T06:40:32Z</time><extensions><accuracy>9.3</accuracy></extensions></trkpt>
<trkpt lat="37.8908905" lon="127.2009208"><time>2026-09-10T06:40:33Z</time><extensions><accuracy>8.3</accuracy></extensions></trkpt>
<trkpt lat="37.8908995" lon="127.2009059"><time>2026-09-10T06:40:34Z</time><extensions><accuracy>8.7</accuracy></extensions></trkpt>
<trkpt lat="37.8909307" lon="127.2008797"><time>2026-09-10T06:40:35Z</time><extensions><accuracy>6.9</accuracy></extensions></trkpt>
<trkpt lat="37.8909558" lon="127.2008958"><time>2026-09-10T06:40:36Z</time><extensions><accuracy>8.2</accuracy></extensions></trkpt>
<trkpt lat="37.8909530" lon="127.2008934"><time>2026-09-10T06:40:37Z</time><extensions><accuracy>6.8</accuracy></extensions></trkpt>
<trkpt lat="37.8909716" lon="127.2008799"><time>2026-09-10T06:40:38Z</time><extensions><accuracy>7.3</accuracy></extensions></trkpt>
<trkpt lat="37.8909963" lon="127.2008775"><time>2026-09-10T06:40:39Z</time><extensions><accuracy>6.2</accuracy></extensions></trkpt>
<trkpt lat="37.8910004" lon="127.2008631"><time>2026-09-10T06:40:40Z</time><extensions><accuracy>7.7</accuracy></extensions></trkpt>
<trkpt lat="37.8910316" lon="127.2008528"><time>2026-09-10T06:40:41Z</time><extensions><accuracy>9.4</accuracy></extensions></trkpt>
<trkpt lat="37.8910269" lon="127.2008427"><time>2026-09-10T06:40:42Z</time><extensions><accuracy>7.5</accuracy></extensions></trkpt>
<trkpt lat="37.8910790" lon="127.2008303"><time>2026-09-10T06:40:43Z</time><extensions><accuracy>9.1</accuracy></extensions></trkpt>
<trkpt lat="37.8911053" lon="127.2008137"><time>2026-09-10T06:40:44Z</time><extensions><accuracy>7.6</accuracy></extensions></trkpt>
<trkpt lat="37.8911321" lon="127.2008052"><time>2026-09-10T06:40:45Z</time><extensions><accuracy>6.2</accuracy></extensions></trkpt>
<trkpt lat="37.8911357" lon="127.2008142"><time>2026-09-10T06:40:46Z</time><extensions><accuracy>9.7</accuracy></extensions></trkpt>
<trkpt lat="37.8911457" lon="127.2008072"><time>2026-09-10T06:40:47Z</time><extensions><accuracy>8.6</accuracy></extensions></trkpt>
<trkpt lat="37.8911739" lon="127.2007841"><time>2026-09-10T06:40:48Z</time><extensions><accuracy>6.5</accuracy></extensions></trkpt>
<trkpt lat="37.8911864" lon="127.2007871"><time>2026-09-10T06:40:49Z</time><extensions><accuracy>7.0</accuracy></extensions></trkpt>
<trkpt lat="37.8911887" lon="127.2007731"><time>2026-09-10T06:40:50Z</time><extensions><accuracy>6.1</accuracy></extensions></trkpt>
<trkpt lat="37.8911994" lon="127.2007709"><time>2026-09-10T06:40:51Z</time><extensions><accuracy>6.5</accuracy></extensions></trkpt>
<trkpt lat="37.8911956" lon="127.2007644"><time>2026-09-10T06:40:52Z</time><extensions><accuracy>8.8</accuracy></extensions></trkpt>
<trkpt lat="37.8911980" lon="127.2007874"><time>2026-09-10T06:40:53Z</time><extensions><accuracy>6.7</accuracy></extensions></trkpt>
<trkpt lat="37.8912105" lon="127.2007836"><time>2026-09-10T06:40:54Z</time><extensions><accuracy>9.9</accuracy></extensions></trkpt>
<trkpt lat="37.8912357" lon="127.2007619"><time>2026-09-10T06:40:55Z</time><extensions><accuracy>9.7</accuracy></extensions></trkpt>
<trkpt lat="37.8912611" lon="127.2007497"><time>2026-09-10T06:40:56Z</time><extensions><accuracy>9.8</accuracy></extensions></trkpt>
<trkpt lat="37.8912850" lon="127.2007223"><time>2026-09-10T06:40:57Z</time><extensions><accuracy>6.9</accuracy></extensions></trkpt>
<trkpt lat="37.8912987" lon="127.2006958"><time>2026-09-10T06:40:58Z</time><extensions><accuracy>9.1</accuracy></extensions></trkpt>
<trkpt lat="37.8913224" lon="127.2006877"><time>2026-09-10T06:40:59Z</time><extensions><accuracy>9.5</accuracy></extensions></trkpt>
<trkpt lat="37.8913464" lon="127.2006833"><time>2026-09-10T06:41:00Z</time><extensions><accuracy>9.9</accuracy></extensions></trkpt>
<trkpt lat="37.8913548" lon="127.2006760"><time>2026-09-10T06:41:01Z</time><extensions><accuracy>6.3</accuracy></extensions></trkpt>
<trkpt lat="37.8913873" lon="127.2006744"><time>2026-09-10T06:41:02Z</time><extensions><accuracy>9.2</accuracy></extensions></trkpt>
<trkpt lat="37.8913997" lon="127.2006778"><time>2026-09-10T06:41:03Z</time><extensions><accuracy>9.8</accuracy></extensions></trkpt>
<trkpt lat="37.8914229" lon="127.2006429"><time>2026-09-10T06:41:04Z</time><extensions><accuracy>10.0</accuracy></extensions></trkpt>
<trkpt lat="37.8914278" lon="127.2006246"><time>2026-09-10T06:41:05Z</time><extensions><accuracy>9.6</accuracy></extensions></trkpt>
<trkpt lat="37.8914375" lon="127.2006271"><time>2026-09-10T06:41:06Z</time><extensions><accuracy>6.2</accuracy></extensions></trkpt>
<trkpt lat="37.8914216" lon="127.2006169"><time>2026-09-10T06:41:07Z</time><extensions><accuracy>9.4</accuracy></extensions></trkpt>
<trkpt lat="37.8914537" lon="127.2006051"><time>2026-09-10T06:41:08Z</time><extensions><accuracy>8.7</accuracy></extensions></trkpt>
<trkpt lat="37.8914725" lon="127.2005781"><time>2026-09-10T06:41:09Z</time><extensions><accuracy>9.0</accuracy></extensions></trkpt>
<trkpt lat="37.8915112" lon="127.2005958"><time>2026-09-10T06:41:10Z</time><extensions><accuracy>8.4</accuracy></extensions></trkpt>
<trkpt lat="37.8915379" lon="127.2005931"><time>2026-09-10T06:41:11Z</time><extensions><accuracy>7.9</accuracy></extensions></trkpt>
<trkpt lat="37.8915607" lon="127.2005779"><time>2026-09-10T06:41:12Z</time><extensions><accuracy>9.1</accuracy></extensions></trkpt>
<trkpt lat="37.8915651" lon="127.2005743"><time>2026-09-10T06:41:13Z</time><extensions><accuracy>8.1</accuracy></extensions></trkpt>
<trkpt lat="37.8915849" lon="127.2005820"><time>2026-09-10T06:41:14Z</time><extensions><accuracy>6.6</accuracy></extensions></trkpt>
<trkpt lat="37.8915891" lon="127.2005575"><time>2026-09-10T06:41:15Z</time><extensions><accuracy>7.5</accuracy></extensions></trkpt>
<trkpt lat="37.8915936" lon="127.2005605"><time>2026-09-10T06:41:16Z</time><extensions><accuracy>7.9</accuracy></extensions></trkpt>
<trkpt lat="37.8916099" lon="127.2005601"><time>2026-09-10T06:41:17Z</time><extensions><accuracy>8.0</accuracy></extensions></trkpt>
<trkpt lat="37.8916189" lon="127.2005300"><time>2026-09-10T06:41:18Z</time><extensions><accuracy>6.4</accuracy></extensions></trkpt>
<trkpt lat="37.8916267" lon="127.2005238"><time>2026-09-10T06:41:19Z</time><extensions><accuracy>7.9</accuracy></extensions></trkpt>
<trkpt lat="37.8916516" lon="127.2005283"><time>2026-09-10T06:41:20Z</time><extensions><accuracy>9.9</accuracy></extensions></trkpt>
<trkpt lat="37.8916517" lon="127.2004958"><time>2026-09-10T06:41:21Z</time><extensions><accuracy>8.4</accuracy></extensions></trkpt>
<trkpt lat="37.8916707" lon="127.2004784"><time>2026-09-10T06:41:22Z</time><extensions><accuracy>8.2</accuracy></extensions></trkpt>
<trkpt lat="37.8916976" lon="127.2004739"><time>2026-09-10T06:41:23Z</time><extensions><accuracy>9.4</accuracy></extensions></trkpt>
<trkpt lat="37.8917194" lon="127.2004877"><time>2026-09-10T06:41:24Z</time><extensions><accuracy>9.0</accuracy></extensions></trkpt>
<trkpt lat="37.8917472" lon="127.2004616"><time>2026-09-10T06:41:25Z</time><extensions><accuracy>9.2</accuracy></extensions></trkpt>
<trkpt lat="37.8917651" lon="127.2004543"><time>2026-09-10T06:41:26Z</time><extensions><accuracy>7.0</accuracy></extensions></trkpt>
<trkpt lat="37.8917758" lon="127.2004460"><time>2026-09-10T06:41:27Z</time><extensions><accuracy>8.4</accuracy></extensions></trkpt>
<trkpt lat="37.8917785" lon="127.2004331"><time>2026-09-10T06:41:28Z</time><extensions><accuracy>8.2</accuracy></extensions></trkpt>
<trkpt lat="37.8918093" lon="127.2004441"><time>2026-09-10T06:41:29Z</time><extensions><accuracy>8.8</accuracy></extensions></trkpt>
<trkpt lat="37.8918246" lon="127.2004466"><time>2026-09-10T06:41:30Z</time><extensions><accuracy>8.9</accuracy></extensions></trkpt>
<trkpt lat="37.8918329" lon="127.2004303"><time>2026-09-10T06:41:31Z</time><extensions><accuracy>8.7</accuracy></extensions></trkpt>
<trkpt lat="37.8918616" lon="127.2004296"><time>2026-09-10T06:41:32Z</time><extensions><accuracy>8.4</accuracy></extensions></trkpt>
<trkpt lat="37.8918953" lon="127.2004422"><time>2026-09-10T06:41:33Z</time><extensions><accuracy>9.6</accuracy></extensions></trkpt>
<trkpt lat="37.8918915" lon="127.2004447"><time>2026-09-10T06:41:34Z</time><extensions><accuracy>6.5</accuracy></extensions></trkpt>
<trkpt lat="37.8919053" lon="127.2004318"><time>2026-09-10T06:41:35Z</time><extensions><accuracy>6.1</accuracy></extensions></trkpt>
<trkpt lat="37.8919248" lon="127.2003981"><time>2026-09-10T06:41:36Z</time><extensions><accuracy>9.2</accuracy></extensions></trkpt>
<trkpt lat="37.8919318" lon="127.2003814"><time>2026-09-10T06:41:37Z</time><extensions><accuracy>8.2</accuracy></extensions></trkpt>
<trkpt lat="37.8919547" lon="127.2003991"><time>2026-09-10T06:41:38Z</time><extensions><accuracy>6.6</accuracy></extensions></trkpt>
<trkpt lat="37.8919650" lon="127.2004076"><time>2026-09-10T06:41:39Z</time><extensions><accuracy>6.8</accuracy></extensions></trkpt>
<trkpt lat="37.8919743" lon="127.2004076"><time>2026-09-10T06:41:40Z</time><extensions><accuracy>10.0</accuracy></extensions></trkpt>
<trkpt lat="37.8919796" lon="127.2003974"><time>2026-09-10T06:41:41Z</time><extensions><accuracy>7.4</accuracy></extensions></trkpt>
<trkpt lat="37.8919999" lon="127.2003937"><time>2026-09-10T06:41:42Z</time><extensions><accuracy>7.1</accuracy></extensions></trkpt>
<trkpt lat="37.8920241" lon="127.2003712"><time>2026-09-10T06:41:43Z</time><extensions><accuracy>9.6</accuracy></extensions></trkpt>
<trkpt lat="37.8920224" lon="127.2003796"><time>2026-09-10T06:41:44Z</time><extensions><accuracy>6.1</accuracy></extensions></trkpt>
<trkpt lat="37.8920403" lon="127.2003744"><time>2026-09-10T06:41:45Z</time><extensions><accuracy>6.7</accuracy></extensions></trkpt>
<trkpt lat="37.8920689" lon="127.2003703"><time>2026-09-10T06:41:46Z</time><extensions><accuracy>6.7</accuracy></extensions></trkpt>
<trkpt lat="37.8920840" lon="127.2003451"><time>2026-09-10T06:41:47Z</time><extensions><accuracy>8.9</accuracy></extensions></trkpt>
<trkpt lat="37.8920941" lon="127.2003398"><time>2026-09-10T06:41:48Z</time><extensions><accuracy>6.2</accuracy></extensions></trkpt>
<trkpt lat="37.8921143" lon="127.2003429"><time>2026-09-10T06:41:49Z</time><extensions><accuracy>8.2</accuracy></extensions></trkpt>
<trkpt lat="37.8921452" lon="127.2003275"><time>2026-09-10T06:41:50Z</time><extensions><accuracy>8.1</accuracy></extensions></trkpt>
<trkpt lat="37.8921576" lon="127.2003070"><time>2026-09-10T06:41:51Z</time><extensions><accuracy>8.3</accuracy></extensions></trkpt>
<trkpt lat="37.8921744" lon="127.2002976"><time>2026-09-10T06:41:52Z</time><extensions><accuracy>8.9</accuracy></extensions></trkpt>
<trkpt lat="37.8921851" lon="127.2002801"><time>2026-09-10T06:41:53Z</time><extensions><accuracy>9.9</accuracy></extensions></trkpt>
<trkpt lat="37.8921971" lon="127.2002893"><time>2026-09-10T06:41:54Z</time><extensions><accuracy>8.8</accuracy></extensions></trkpt>
<trkpt lat="37.8922255" lon="127.2002864"><time>2026-09-10T06:41:55Z</time><extensions><accuracy>7.7</accuracy></extensions></trkpt>
<trkpt lat="37.8922459" lon="127.2002848"><time>2026-09-10T06:41:56Z</time><extensions><accuracy>8.5</accuracy></extensions></trkpt>
<trkpt lat="37.8922575" lon="127.2002928"><time>2026-09-10T06:41:57Z</time><extensions><accuracy>6.7</accuracy></extensions></trkpt>
<trkpt lat="37.8923000" lon="127.2002656"><time>2026-09-10T06:41:58Z</time><extensions><accuracy>6.9</accuracy></extensions></trkpt>
<trkpt lat="37.8922933" lon="127.2002656"><time>2026-09-10T06:41:59Z</time><extensions><accuracy>6.7</accuracy></extensions></trkpt>
<trkpt lat="37.8923205" lon="127.2002642"><time>2026-09-10T06:42:00Z</time><extensions><accuracy>7.0</accuracy></extensions></trkpt>
<trkpt lat="37.8923364" lon="127.2002764"><time>2026-09-10T06:42:01Z</time><extensions><accuracy>8.7</accuracy></extensions></trkpt>
<trkpt lat="37.8923615" lon="127.2002913"><time>2026-09-10T06:42:02Z</time><extensions><accuracy>6.8</accuracy></extensions></trkpt>
<trkpt lat="37.8923706" lon="127.2002621"><time>2026-09-10T06:42:03Z</time><extensions><accuracy>8.4</accuracy></extensions></trkpt>
<trkpt lat="37.8923787" lon="127.2002463"><time>2026-09-10T06:42:04Z</time><extensions><accuracy>7.1</accuracy></extensions></trkpt>
<trkpt lat="37.8923845" lon="127.2002500"><time>2026-09-10T06:42:05Z</time><extensions><accuracy>8.2</accuracy></extensions></trkpt>
<trkpt lat="37.8923975" lon="127.2002257"><time>2026-09-10T06:42:06Z</time><extensions><accuracy>8.0</accuracy></extensions></trkpt>
<trkpt lat="37.8924211" lon="127.2002181"><time>2026-09-10T06:42:07Z</time><extensions><accuracy>9.3</accuracy></extensions></trkpt>
<trkpt lat="37.8924389" lon="127.2001931"><time>2026-09-10T06:42:08Z</time><extensions><accuracy>6.7</accuracy></extensions></trkpt>
<trkpt lat="37.8924565" lon="127.2001681"><time>2026-09-10T06:42:09Z</time><extensions><accuracy>6.5</accuracy></extensions></trkpt>
<trkpt lat="37.8924694" lon="127.2001763"><time>2026-09-10T06:42:10Z</time><extensions><accuracy>8.5</accuracy></extensions></trkpt>
<trkpt lat="37.8924985" lon="127.2001621"><time>2026-09-10T06:42:11Z</time><extensions><accuracy>9.0</accuracy></extensions></trkpt>
<trkpt lat="37.8925237" lon="127.2001722"><time>2026-09-10T06:42:12Z</time><extensions><accuracy>6.8</accuracy></extensions></trkpt>
<trkpt lat="37.8925345" lon="127.2001678"><time>2026-09-10T06:42:13Z</time><extensions><accuracy>7.7</accuracy></extensions></trkpt>
<trkpt lat="37.8925633" lon="127.2001933"><time>2026-09-10T06:42:14Z</time><extensions><accuracy>9.2</accuracy></extensions></trkpt>
<trkpt lat="37.8925831" lon="127.2001968"><time>2026-09-10T06:42:15Z</time><extensions><accuracy>6.5</accuracy></extensions></trkpt>
<trkpt lat="37.8926122" lon="127.2001962"><time>2026-09-10T06:42:16Z</time><extensions><accuracy>8.7</accuracy></extensions></trkpt>
<trkpt lat="37.8926348" lon="127.2002041"><time>2026-09-10T06:42:17Z</time><extensions><accuracy>6.0</accuracy></extensions></trkpt>
<trkpt lat="37.8926664" lon="127.2001891"><time>2026-09-10T06:42:18Z</time><extensions><accuracy>7.2</accuracy></extensions></trkpt>
<trkpt lat="37.8926824" lon="127.2001950"><time>2026-09-10T06:42:19Z</time><extensions><accuracy>6.1</accuracy></extensions></trkpt>
<trkpt lat="37.8926822" lon="127.2001828"><time>2026-09-10T06:42:20Z</time><extensions><accuracy>6.7</accuracy></extensions></trkpt>
<trkpt lat="37.8926959" lon="127.2001787"><time>2026-09-10T06:42:21Z</time><extensions><accuracy>7.2</accuracy></extensions></trkpt>
<trkpt lat="37.8927059" lon="127.2001534"><time>2026-09-10T06:42:22Z</time><extensions><accuracy>8.3</accuracy></extensions></trkpt>
<trkpt lat="37.8927006" lon="127.2001602"><time>2026-09-10T06:42:23Z</time><extensions><accuracy>8.5</accuracy></extensions></trkpt>
<trkpt lat="37.8927265" lon="127.2001624"><time>2026-09-10T06:42:24Z</time><extensions><accuracy>6.7</accuracy></extensions></trkpt>
<trkpt lat="37.8927449" lon="127.2001559"><time>2026-09-10T06:42:25Z</time><extensions><accuracy>7.6</accuracy></extensions></trkpt>
<trkpt lat="37.8927679" lon="127.2001646"><time>2026-09-10T06:42:26Z</time><extensions><accuracy>7.2</accuracy></extensions></trkpt>
<trkpt lat="37.8927873" lon="127.2001540"><time>2026-09-10T06:42:27Z</time><extensions><accuracy>9.2</accuracy></extensions></trkpt>
<trkpt lat="37.8927962" lon="127.2001536"><time>2026-09-10T06:42:28Z</time><extensions><accuracy>6.5</accuracy></extensions></trkpt>
<trkpt lat="37.8928053" lon="127.2001138"><time>2026-09-10T06:42:29Z</time><extensions><accuracy>7.3</accuracy></extensions></trkpt>
<trkpt lat="37.8928210" lon="127.2000903"><time>2026-09-10T06:42:30Z</time><extensions><accuracy>9.8</accuracy></extensions></trkpt>
<trkpt lat="37.8928203" lon="127.2000831"><time>2026-09-10T06:42:31Z</time><extensions><accuracy>8.3</accuracy></extensions></trkpt>
<trkpt lat="37.8928423" lon="127.2000935"><time>2026-09-10T06:42:32Z</time><extensions><accuracy>9.8</accuracy></extensions></trkpt>
<trkpt lat="37.8928607" lon="127.2000992"><time>2026-09-10T06:42:33Z</time><extensions><accuracy>6.8</accuracy></extensions></trkpt>
<trkpt lat="37.8928904" lon="127.2000670"><time>2026-09-10T06:42:34Z</time><extensions><accuracy>6.5</accuracy></extensions></trkpt>
<trkpt lat="37.8929067" lon="127.2000525"><time>2026-09-10T06:42:35Z</time><extensions><accuracy>7.0</accuracy></extensions></trkpt>
<trkpt lat="37.8929375" lon="127.2000648"><time>2026-09-10T06:42:36Z</time><extensions><accuracy>6.4</accuracy></extensions></trkpt>
<trkpt lat="37.8929496" lon="127.2000573"><time>2026-09-10T06:42:37Z</time><extensions><accuracy>9.3</accuracy></extensions></trkpt>
<trkpt lat="37.8929663" lon="127.2000539"><time>2026-09-10T06:42:38Z</time><extensions><accuracy>6.5</accuracy></extensions></trkpt>
<trkpt lat="37.8929876" lon="127.2000431"><time>2026-09-10T06:42:39Z</time><extensions><accuracy>9.7</accuracy></extensions></trkpt>
<trkpt lat="37.8929877" lon="127.2000461"><time>2026-09-10T06:42:40Z</time><extensions><accuracy>8.4</accuracy></extensions></trkpt>
<trkpt lat="37.8929997" lon="127.2000654"><time>2026-09-10T06:42:41Z</time><extensions><accuracy>6.9</accuracy></extensions></trkpt>
<trkpt lat="37.8930078" lon="127.2000518"><time>2026-09-10T06:42:42Z</time><extensions><accuracy>7.7</accuracy></extensions></trkpt>
<trkpt lat="37.8930455" lon="127.2000873"><time>2026-09-10T06:42:43Z</time><extensions><accuracy>8.3</accuracy></extensions></trkpt>
<trkpt lat="37.8930566" lon="127.2000810"><time>2026-09-10T06:42:44Z</time><extensions><accuracy>8.9</accuracy></extensions></trkpt>
<trkpt lat="37.8930816" lon="127.2000833"><time>2026-09-10T06:42:45Z</time><extensions><accuracy>7.1</accuracy></extensions></trkpt>
<trkpt lat="37.8931055" lon="127.2000896"><time>2026-09-10T06:42:46Z</time><extensions><accuracy>9.3</accuracy></extensions></trkpt>
<trkpt lat="37.8931337" lon="127.2000966"><time>2026-09-10T06:42:47Z</time><extensions><accuracy>8.9</accuracy></extensions></trkpt>
<trkpt lat="37.8931457" lon="127.2000834"><time>2026-09-10T06:42:48Z</time><extensions><accuracy>9.9</accuracy></extensions></trkpt>
<trkpt lat="37.8931725" lon="127.2000499"><time>2026-09-10T06:42:49Z</time><extensions><accuracy>6.8</accuracy></extensions></trkpt>
<trkpt lat="37.8931906" lon="127.2000424"><time>2026-09-10T06:42:50Z</time><extensions><accuracy>8.7</accuracy></extensions></trkpt>
<trkpt lat="37.8932140" lon="127.2000443"><time>2026-09-10T06:42:51Z</time><extensions><accuracy>7.5</accuracy></extensions></trkpt>
<trkpt lat="37.8932380" lon="127.2000648"><time>2026-09-10T06:42:52Z</time><extensions><accuracy>8.8</accuracy></extensions></trkpt>
<trkpt lat="37.8932469" lon="127.2000534"><time>2026-09-10T06:42:53Z</time><extensions><accuracy>7.4</accuracy></extensions></trkpt>
<trkpt lat="37.8932463" lon="127.2000584"><time>2026-09-10T06:42:54Z</time><extensions><accuracy>9.3</accuracy></extensions></trkpt>
<trkpt lat="37.8932624" lon="127.2000604"><time>2026-09-10T06:42:55Z</time><extensions><accuracy>9.2</accuracy></extensions></trkpt>
<trkpt lat="37.8932866" lon="127.2000623"><time>2026-09-10T06:42:56Z</time><extensions><accuracy>8.2</accuracy></extensions></trkpt>
<trkpt lat="37.8933129" lon="127.2000369"><time>2026-09-10T06:42:57Z</time><extensions><accuracy>9.4</accuracy></extensions></trkpt>
<trkpt lat="37.8933311" lon="127.2000278"><time>2026-09-10T06:42:58Z</time><extensions><accuracy>6.5</accuracy></extensions></trkpt>
<trkpt lat="37.8933435" lon="127.2000290"><time>2026-09-10T06:42:59Z</time><extensions><accuracy>9.7</accuracy></extensions></trkpt>
<trkpt lat="37.8933408" lon="127.2000297"><time>2026-09-10T06:43:00Z</time><extensions><accuracy>7.1</accuracy></extensions></trkpt>
<trkpt lat="37.8933637" lon="127.2000468"><time>2026-09-10T06:43:01Z</time><extensions><accuracy>9.1</accuracy></extensions></trkpt>
<trkpt lat="37.8933836" lon="127.2000548"><time>2026-09-10T06:43:02Z</time><extensions><accuracy>9.2</accuracy></extensions></trkpt>
<trkpt lat="37.8934123" lon="127.2000484"><time>2026-09-10T06:43:03Z</time><extensions><accuracy>7.4</accuracy></extensions></trkpt>
<trkpt lat="37.8934476" lon="127.2000505"><time>2026-09-10T06:43:04Z</time><extensions><accuracy>8.1</accuracy></extensions></trkpt>
<trkpt lat="37.8934546" lon="127.2000518"><time>2026-09-10T06:43:05Z</time><extensions><accuracy>6.4</accuracy></extensions></trkpt>
<trkpt lat="37.8934697" lon="127.2000242"><time>2026-09-10T06:43:06Z</time><extensions><accuracy>8.6</accuracy></extensions></trkpt>
<trkpt lat="37.8934805" lon="127.2000028"><time>2026-09-10T06:43:07Z</time><extensions><accuracy>8.2</accuracy></extensions></trkpt>
<trkpt lat="37.8934902" lon="127.1999855"><time>2026-09-10T06:43:08Z</time><extensions><accuracy>10.0</accuracy></extensions></trkpt>
<trkpt lat="37.8935097" lon="127.1999805"><time>2026-09-10T06:43:09Z</time><extensions><accuracy>9.7</accuracy></extensions></trkpt>
<trkpt lat="37.8935453" lon="127.1999691"><time>2026-09-10T06:43:10Z</time><extensions><accuracy>7.7</accuracy></extensions></trkpt>
<trkpt lat="37.8935567" lon="127.1999885"><time>2026-09-10T06:43:11Z</time><extensions><accuracy>6.5</accuracy></extensions></trkpt>
<trkpt lat="37.8935867" lon="127.1999951"><time>2026-09-10T06:43:12Z</time><extensions><accuracy>6.9</accuracy></extensions></trkpt>
<trkpt lat="37.8936049" lon="127.2000141"><time>2026-09-10T06:43:13Z</time><extensions><accuracy>9.3</accuracy></extensions></trkpt>
<trkpt lat="37.8936179" lon="127.2000097"><time>2026-09-10T06:43:14Z</time><extensions><accuracy>8.2</accuracy></extensions></trkpt>
<trkpt lat="37.8936432" lon="127.2000229"><time>2026-09-10T06:43:15Z</time><extensions><accuracy>6.5</accuracy></extensions></trkpt>
<trkpt lat="37.8936719" lon="127.1999988"><time>2026-09-10T06:43:16Z</time><extensions><accuracy>7.8</accuracy></extensions></trkpt>
<trkpt lat="37.8936912" lon="127.2000013"><time>2026-09-10T06:43:17Z</time><extensions><accuracy>9.1</accuracy></extensions></trkpt>
<trkpt lat="37.8937017" lon="127.2000224"><time>2026-09-10T06:43:18Z</time><extensions><accuracy>6.2</accuracy></extensions></trkpt>
<trkpt lat="37.8937431" lon="127.2000304"><time>2026-09-10T06:43:19Z</time><extensions><accuracy>7.8</accuracy></extensions></trkpt>
<trkpt lat="37.8937503" lon="127.2000447"><time>2026-09-10T06:43:20Z</time><extensions><accuracy>6.6</accuracy></extensions></trkpt>
<trkpt lat="37.8937640" lon="127.2000536"><time>2026-09-10T06:43:21Z</time><extensions><accuracy>6.1</accuracy></extensions></trkpt>
<trkpt lat="37.8937777" lon="127.2000492"><time>2026-09-10T06:43:22Z</time><extensions><accuracy>8.8</accuracy></extensions></trkpt>
<trkpt lat="37.8938038" lon="127.2000506"><time>2026-09-10T06:43:23Z</time><extensions><accuracy>9.6</accuracy></extensions></trkpt>
<trkpt lat="37.8938033" lon="127.2000611"><time>2026-09-10T06:43:24Z</time><extensions><accuracy>6.9</accuracy></extensions></trkpt>
<trkpt lat="37.8937995" lon="127.2000449"><time>2026-09-10T06:43:25Z</time><extensions><accuracy>8.4</accuracy></extensions></trkpt>
<trkpt lat="37.8938177" lon="127.2000462"><time>2026-09-10T06:43:26Z</time><extensions><accuracy>9.1</accuracy></extensions></trkpt>
<trkpt lat="37.8938263" lon="127.2000446"><time>2026-09-10T06:43:27Z</time><extensions><accuracy>7.5</accuracy></extensions></trkpt>
<trkpt lat="37.8938788" lon="127.2000411"><time>2026-09-10T06:43:28Z</time><extensions><accuracy>8.1</accuracy></extensions></trkpt>
<trkpt lat="37.8938861" lon="127.2000471"><time>2026-09-10T06:43:29Z</time><extensions><accuracy>7.6</accuracy></extensions></trkpt>
<trkpt lat="37.8938977" lon="127.2000438"><time>2026-09-10T06:43:30Z</time><extensions><accuracy>8.0</accuracy></extensions></trkpt>
<trkpt lat="37.8939229" lon="127.2000545"><time>2026-09-10T06:43:31Z</time><extensions><accuracy>9.7</accuracy></extensions></trkpt>
<trkpt lat="37.8939514" lon="127.2000586"><time>2026-09-10T06:43:32Z</time><extensions><accuracy>7.7</accuracy></extensions></trkpt>
<trkpt lat="37.8939695" lon="127.2000628"><time>2026-09-10T06:43:33Z</time><extensions><accuracy>9.0</accuracy></extensions></trkpt>
<trkpt lat="37.8939903" lon="127.2000488"><time>2026-09-10T06:43:34Z</time><extensions><accuracy>8.9</accuracy></extensions></trkpt>
<trkpt lat="37.8939995" lon="127.2000513"><time>2026-09-10T06:43:35Z</time><extensions><accuracy>9.0</accuracy></extensions></trkpt>
<trkpt lat="37.8940286" lon="127.2000462"><time>2026-09-10T06:43:36Z</time><extensions><accuracy>6.2</accuracy></extensions></trkpt>
</trkseg></trk>
</gpx>