<?xml version="1.0" encoding="UTF-8"?>
<gpx version="1.1" creator="runaway-sim" xmlns="http://www.topografix.com/GPX/1/1">
<trk><name>steady13</name><trkseg>
<trkpt lat="37.8940221" lon="127.1999963"><time>2026-09-10T06:00:00Z</time><extensions><accuracy>7.0</accuracy></extensions></trkpt>
<trkpt lat="37.8940522" lon="127.1999931"><time>2026-09-10T06:00:01Z</time><extensions><accuracy>8.4</accuracy></extensions></trkpt>
<trkpt lat="37.8940898" lon="127.1999845"><time>2026-09-10T06:00:02Z</time><extensions><accuracy>6.1</accuracy></extensions></trkpt>
<trkpt lat="37.8941353" lon="127.1999855"><time>2026-09-10T06:00:03Z</time><extensions><accuracy>6.9</accuracy></extensions></trkpt>
<trkpt lat="37.8941517" lon="127.1999902"><time>2026-09-10T06:00:04Z</time><extensions><accuracy>9.3</accuracy></extensions></trkpt>
<trkpt lat="37.8941697" lon="127.1999704"><time>2026-09-10T06:00:05Z</time><extensions><accuracy>6.6</accuracy></extensions></trkpt>
<trkpt lat="37.8942025" lon="127.1999520"><time>2026-09-10T06:00:06Z</time><extensions><accuracy>8.1</accuracy></extensions></trkpt>
<trkpt lat="37.8942370" lon="127.1999370"><time>2026-09-10T06:00:07Z</time><extensions><accuracy>6.3</accuracy></extensions></trkpt>
<trkpt lat="37.8942926" lon="127.1999476"><time>2026-09-10T06:00:08Z</time><extensions><accuracy>7.2</accuracy></extensions></trkpt>
<trkpt lat="37.8943206" lon="127.1999237"><time>2026-09-10T06:00:09Z</time><extensions><accuracy>7.9</accuracy></extensions></trkpt>
<trkpt lat="37.8943631" lon="127.1999231"><time>2026-09-10T06:00:10Z</time><extensions><accuracy>8.9</accuracy></extensions></trkpt>
<trkpt lat="37.8943705" lon="127.1999411"><time>2026-09-10T06:00:11Z</time><extensions><accuracy>9.2</accuracy></extensions></trkpt>
<trkpt lat="37.8944089" lon="127.1999514"><time>2026-09-10T06:00:12Z</time><extensions><accuracy>9.5</accuracy></extensions></trkpt>
<trkpt lat="37.8944537" lon="127.1999539"><time>2026-09-10T06:00:13Z</time><extensions><accuracy>6.9</accuracy></extensions></trkpt>
<trkpt lat="37.8944819" lon="127.1999759"><time>2026-09-10T06:00:14Z</time><extensions><accuracy>8.5</accuracy></extensions></trkpt>
<trkpt lat="37.8945057" lon="127.1999962"><time>2026-09-10T06:00:15Z</time><extensions><accuracy>7.5</accuracy></extensions></trkpt>
<trkpt lat="37.8945528" lon="127.1999885"><time>2026-09-10T06:00:16Z</time><extensions><accuracy>8.3</accuracy></extensions></trkpt>
<trkpt lat="37.8946065" lon="127.1999594"><time>2026-09-10T06:00:17Z</time><extensions><accuracy>9.7</accuracy></extensions></trkpt>
<trkpt lat="37.8946493" lon="127.1999906"><time>2026-09-10T06:00:18Z</time><extensions><accuracy>8.7</accuracy></extensions></trkpt>
<trkpt lat="37.8946920" lon="127.1999859"><time>2026-09-10T06:00:19Z</time><extensions><accuracy>9.9</accuracy></extensions></trkpt>
<trkpt lat="37.8947273" lon="127.2000184"><time>2026-09-10T06:00:20Z</time><extensions><accuracy>8.9</accuracy></extensions></trkpt>
<trkpt lat="37.8947564" lon="127.2000286"><time>2026-09-10T06:00:21Z</time><extensions><accuracy>8.3</accuracy></extensions></trkpt>
<trkpt lat="37.8947914" lon="127.2000332"><time>2026-09-10T06:00:22Z</time><extensions><accuracy>9.4</accuracy></extensions></trkpt>
<trkpt lat="37.8948160" lon="127.2000427"><time>2026-09-10T06:00:23Z</time><extensions><accuracy>9.2</accuracy></extensions></trkpt>
<trkpt lat="37.8948490" lon="127.2000191"><time>2026-09-10T06:00:24Z</time><extensions><accuracy>7.2</accuracy></extensions></trkpt>
<trkpt lat="37.8948768" lon="127.2000230"><time>2026-09-10T06:00:25Z</time><extensions><accuracy>6.2</accuracy></extensions></trkpt>
<trkpt lat="37.8948960" lon="127.2000556"><time>2026-09-10T06:00:26Z</time><extensions><accuracy>8.9</accuracy></extensions></trkpt>
<trkpt lat="37.8948867" lon="127.2000596"><time>2026-09-10T06:00:27Z</time><extensions><accuracy>9.9</accuracy></extensions></trkpt>
<trkpt lat="37.8949333" lon="127.2000745"><time>2026-09-10T06:00:28Z</time><extensions><accuracy>7.2</accuracy></extensions></trkpt>
<trkpt lat="37.8949695" lon="127.2000940"><time>2026-09-10T06:00:29Z</time><extensions><accuracy>6.1</accuracy></extensions></trkpt>
<trkpt lat="37.8950036" lon="127.2001027"><time>2026-09-10T06:00:30Z</time><extensions><accuracy>8.4</accuracy></extensions></trkpt>
<trkpt lat="37.8950247" lon="127.2001409"><time>2026-09-10T06:00:31Z</time><extensions><accuracy>9.5</accuracy></extensions></trkpt>
<trkpt lat="37.8950484" lon="127.2001557"><time>2026-09-10T06:00:32Z</time><extensions><accuracy>9.6</accuracy></extensions></trkpt>
<trkpt lat="37.8950721" lon="127.2001442"><time>2026-09-10T06:00:33Z</time><extensions><accuracy>8.1</accuracy></extensions></trkpt>
<trkpt lat="37.8950861" lon="127.2001256"><time>2026-09-10T06:00:34Z</time><extensions><accuracy>8.2</accuracy></extensions></trkpt>
<trkpt lat="37.8951042" lon="127.2001411"><time>2026-09-10T06:00:35Z</time><extensions><accuracy>8.0</accuracy></extensions></trkpt>
<trkpt lat="37.8951294" lon="127.2001842"><time>2026-09-10T06:00:36Z</time><extensions><accuracy>7.0</accuracy></extensions></trkpt>
<trkpt lat="37.8951631" lon="127.2001877"><time>2026-09-10T06:00:37Z</time><extensions><accuracy>8.1</accuracy></extensions></trkpt>
<trkpt lat="37.8951964" lon="127.2001908"><time>2026-09-10T06:00:38Z</time><extensions><accuracy>7.7</accuracy></extensions></trkpt>
<trkpt lat="37.8952288" lon="127.2001920"><time>2026-09-10T06:00:39Z</time><extensions><accuracy>8.5</accuracy></extensions></trkpt>
<trkpt lat="37.8952474" lon="127.2002018"><time>2026-09-10T06:00:40Z</time><extensions><accuracy>8.5</accuracy></extensions></trkpt>
<trkpt lat="37.8952782" lon="127.2001848"><time>2026-09-10T06:00:41Z</time><extensions><accuracy>7.4</accuracy></extensions></trkpt>
<trkpt lat="37.8953296" lon="127.2001996"><time>2026-09-10T06:00:42Z</time><extensions><accuracy>6.1</accuracy></extensions></trkpt>
<trkpt lat="37.8953642" lon="127.2002220"><time>2026-09-10T06:00:43Z</time><extensions><accuracy>9.9</accuracy></extensions></trkpt>
<trkpt lat="37.8953943" lon="127.2002404"><time>2026-09-10T06:00:44Z</time><extensions><accuracy>8.4</accuracy></extensions></trkpt>
<trkpt lat="37.8954186" lon="127.2002603"><time>2026-09-10T06:00:45Z</time><extensions><accuracy>7.3</accuracy></extensions></trkpt>
<trkpt lat="37.8954397" lon="127.2002828"><time>2026-09-10T06:00:46Z</time><extensions><accuracy>7.2</accuracy></extensions></trkpt>
<trkpt lat="37.8954586" lon="127.2002780"><time>2026-09-10T06:00:47Z</time><extensions><accuracy>6.1</accuracy></extensions></trkpt>
<trkpt lat="37.8954982" lon="127.2003091"><time>2026-09-10T06:00:48Z</time><extensions><accuracy>7.2</accuracy></extensions></trkpt>
<trkpt lat="37.8955384" lon="127.2003280"><time>2026-09-10T06:00:49Z</time><extensions><accuracy>7.0</accuracy></extensions></trkpt>
<trkpt lat="37.8955816" lon="127.2003401"><time>2026-09-10T06:00:50Z</time><extensions><accuracy>8.8</accuracy></extensions></trkpt>
<trkpt lat="37.8956222" lon="127.2003315"><time>2026-09-10T06:00:51Z</time><extensions><accuracy>7.3</accuracy></extensions></trkpt>
<trkpt lat="37.8956613" lon="127.2003484"><time>2026-09-10T06:00:52Z</time><extensions><accuracy>9.4</accuracy></extensions></trkpt>
<trkpt lat="37.8957042" lon="127.2003437"><time>2026-09-10T06:00:53Z</time><extensions><accuracy>8.6</accuracy></extensions></trkpt>
<trkpt lat="37.8957473" lon="127.2003621"><time>2026-09-10T06:00:54Z</time><extensions><accuracy>6.9</accuracy></extensions></trkpt>
<trkpt lat="37.8957872" lon="127.2003429"><time>2026-09-10T06:00:55Z</time><extensions><accuracy>6.8</accuracy></extensions></trkpt>
<trkpt lat="37.8958156" lon="127.2003761"><time>2026-09-10T06:00:56Z</time><extensions><accuracy>6.7</accuracy></extensions></trkpt>
<trkpt lat="37.8958513" lon="127.2003707"><time>2026-09-10T06:00:57Z</time><extensions><accuracy>8.6</accuracy></extensions></trkpt>
<trkpt lat="37.8958780" lon="127.2004030"><time>2026-09-10T06:00:58Z</time><extensions><accuracy>6.5</accuracy></extensions></trkpt>
<trkpt lat="37.8959034" lon="127.2004222"><time>2026-09-10T06:00:59Z</time><extensions><accuracy>7.1</accuracy></extensions></trkpt>
<trkpt lat="37.8959144" lon="127.2004462"><time>2026-09-10T06:01:00Z</time><extensions><accuracy>7.7</accuracy></extensions></trkpt>
<trkpt lat="37.8959746" lon="127.2004535"><time>2026-09-10T06:01:01Z</time><extensions><accuracy>6.6</accuracy></extensions></trkpt>
<trkpt lat="37.8960183" lon="127.2004589"><time>2026-09-10T06:01:02Z</time><extensions><accuracy>9.5</accuracy></extensions></trkpt>
<trkpt lat="37.8960566" lon="127.2004616"><time>2026-09-10T06:01:03Z</time><extensions><accuracy>9.8</accuracy></extensions></trkpt>
<trkpt lat="37.8960959" lon="127.2004514"><time>2026-09-10T06:01:04Z</time><extensions><accuracy>9.0</accuracy></extensions></trkpt>
<trkpt lat="37.8961237" lon="127.2004731"><time>2026-09-10T06:01:05Z</time><extensions><accuracy>8.1</accuracy></extensions></trkpt>
<trkpt lat="37.8961677" lon="127.2004897"><time>2026-09-10T06:01:06Z</time><extensions><accuracy>6.9</accuracy></extensions></trkpt>
<trkpt lat="37.8961987" lon="127.2004944"><time>2026-09-10T06:01:07Z</time><extensions><accuracy>7.1</accuracy></extensions></trkpt>
<trkpt lat="37.8962195" lon="127.2004734"><time>2026-09-10T06:01:08Z</time><extensions><accuracy>9.6</accuracy></extensions></trkpt>
<trkpt lat="37.8962615" lon="127.2004735"><time>2026-09-10T06:01:09Z</time><extensions><accuracy>9.6</accuracy></extensions></trkpt>
<trkpt lat="37.8962909" lon="127.2004768"><time>2026-09-10T06:01:10Z</time><extensions><accuracy>6.1</accuracy></extensions></trkpt>
<trkpt lat="37.8963133" lon="127.2004745"><time>2026-09-10T06:01:11Z</time><extensions><accuracy>7.2</accuracy></extensions></trkpt>
<trkpt lat="37.8963575" lon="127.2004808"><time>2026-09-10T06:01:12Z</time><extensions><accuracy>7.7</accuracy></extensions></trkpt>
<trkpt lat="37.8963864" lon="127.2005232"><time>2026-09-10T06:01:13Z</time><extensions><accuracy>7.4</accuracy></extensions></trkpt>
<trkpt lat="37.8964177" lon="127.2005230"><time>2026-09-10T06:01:14Z</time><extensions><accuracy>7.9</accuracy></extensions></trkpt>
<trkpt lat="37.8964266" lon="127.2005310"><time>2026-09-10T06:01:15Z</time><extensions><accuracy>6.8</accuracy></extensions></trkpt>
<trkpt lat="37.8964634" lon="127.2005141"><time>2026-09-10T06:01:16Z</time><extensions><accuracy>6.7</accuracy></extensions></trkpt>
<trkpt lat="37.8964938" lon="127.2005284"><time>2026-09-10T06:01:17Z</time><extensions><accuracy>9.2</accuracy></extensions></trkpt>
<trkpt lat="37.8965259" lon="127.2005410"><time>2026-09-10T06:01:18Z</time><extensions><accuracy>8.5</accuracy></extensions></trkpt>
<trkpt lat="37.8965540" lon="127.2005746"><time>2026-09-10T06:01:19Z</time><extensions><accuracy>7.1</accuracy></extensions></trkpt>
<trkpt lat="37.8965645" lon="127.2005943"><time>2026-09-10T06:01:20Z</time><extensions><accuracy>7.7</accuracy></extensions></trkpt>
<trkpt lat="37.8966006" lon="127.2006123"><time>2026-09-10T06:01:21Z</time><extensions><accuracy>6.0</accuracy></extensions></trkpt>
<trkpt lat="37.8966586" lon="127.2006438"><time>2026-09-10T06:01:22Z</time><extensions><accuracy>6.5</accuracy></extensions></trkpt>
<trkpt lat="37.8966988" lon="127.2006673"><time>2026-09-10T06:01:23Z</time><extensions><accuracy>9.4</accuracy></extensions></trkpt>
<trkpt lat="37.8967230" lon="127.2006940"><time>2026-09-10T06:01:24Z</time><extensions><accuracy>7.3</accuracy></extensions></trkpt>
<trkpt lat="37.8967425" lon="127.2007012"><time>2026-09-10T06:01:25Z</time><extensions><accuracy>8.6</accuracy></extensions></trkpt>
<trkpt lat="37.8967687" lon="127.2007225"><time>2026-09-10T06:01:26Z</time><extensions><accuracy>6.8</accuracy></extensions></trkpt>
<trkpt lat="37.8967955" lon="127.2007235"><time>2026-09-10T06:01:27Z</time><extensions><accuracy>8.2</accuracy></extensions></trkpt>
<trkpt lat="37.8968295" lon="127.2007515"><time>2026-09-10T06:01:28Z</time><extensions><accuracy>6.3</accuracy></extensions></trkpt>
<trkpt lat="37.8968607" lon="127.2007530"><time>2026-09-10T06:01:29Z</time><extensions><accuracy>8.4</accuracy></extensions></trkpt>
<trkpt lat="37.8968810" lon="127.2007585"><time>2026-09-10T06:01:30Z</time><extensions><accuracy>9.2</accuracy></extensions></trkpt>
<trkpt lat="37.8968928" lon="127.2007759"><time>2026-09-10T06:01:31Z</time><extensions><accuracy>7.5</accuracy></extensions></trkpt>
<trkpt lat="37.8969186" lon="127.2007779"><time>2026-09-10T06:01:32Z</time><extensions><accuracy>7.7</accuracy></extensions></trkpt>
<trkpt lat="37.8969319" lon="127.2007909"><time>2026-09-10T06:01:33Z</time><extensions><accuracy>7.0</accuracy></extensions></trkpt>
<trkpt lat="37.8969524" lon="127.2008159"><time>2026-09-10T06:01:34Z</time><extensions><accuracy>6.3</accuracy></extensions></trkpt>
<trkpt lat="37.8969938" lon="127.2008285"><time>2026-09-10T06:01:35Z</time><extensions><accuracy>9.5</accuracy></extensions></trkpt>
<trkpt lat="37.8970267" lon="127.2008361"><time>2026-09-10T06:01:36Z</time><extensions><accuracy>9.6</accuracy></extensions></trkpt>
<trkpt lat="37.8970719" lon="127.2008734"><time>2026-09-10T06:01:37Z</time><extensions><accuracy>7.9</accuracy></extensions></trkpt>
<trkpt lat="37.8971167" lon="127.2008752"><time>2026-09-10T06:01:38Z</time><extensions><accuracy>8.6</accuracy></extensions></trkpt>
<trkpt lat="37.8971440" lon="127.2008762"><time>2026-09-10T06:01:39Z</time><extensions><accuracy>8.7</accuracy></extensions></trkpt>
<trkpt lat="37.8971719" lon="127.2008956"><time>2026-09-10T06:01:40Z</time><extensions><accuracy>6.4</accuracy></extensions></trkpt>
<trkpt lat="37.8972012" lon="127.2009117"><time>2026-09-10T06:01:41Z</time><extensions><accuracy>6.6</accuracy></extensions></trkpt>
<trkpt lat="37.8972487" lon="127.2009494"><time>2026-09-10T06:01:42Z</time><extensions><accuracy>6.4</accuracy></extensions></trkpt>
<trkpt lat="37.8972978" lon="127.2009732"><time>2026-09-10T06:01:43Z</time><extensions><accuracy>6.7</accuracy></extensions></trkpt>
<trkpt lat="37.8973338" lon="127.2009752"><time>2026-09-10T06:01:44Z</time><extensions><accuracy>6.5</accuracy></extensions></trkpt>
<trkpt lat="37.8973742" lon="127.2009904"><time>2026-09-10T06:01:45Z</time><extensions><accuracy>9.3</accuracy></extensions></trkpt>
<trkpt lat="37.8974185" lon="127.2010170"><time>2026-09-10T06:01:46Z</time><extensions><accuracy>9.2</accuracy></extensions></trkpt>
<trkpt lat="37.8974421" lon="127.2010312"><time>2026-09-10T06:01:47Z</time><extensions><accuracy>8.0</accuracy></extensions></trkpt>
<trkpt lat="37.8974707" lon="127.2010505"><time>2026-09-10T06:01:48Z</time><extensions><accuracy>9.0</accuracy></extensions></trkpt>
<trkpt lat="37.8974762" lon="127.2010614"><time>2026-09-10T06:01:49Z</time><extensions><accuracy>7.3</accuracy></extensions></trkpt>
<trkpt lat="37.8975058" lon="127.2010932"><time>2026-09-10T06:01:50Z</time><extensions><accuracy>7.0</accuracy></extensions></trkpt>
<trkpt lat="37.8975319" lon="127.2011006"><time>2026-09-10T06:01:51Z</time><extensions><accuracy>8.5</accuracy></extensions></trkpt>
<trkpt lat="37.8975494" lon="127.2011310"><time>2026-09-10T06:01:52Z</time><extensions><accuracy>7.5</accuracy></extensions></trkpt>
<trkpt lat="37.8975872" lon="127.2011614"><time>2026-09-10T06:01:53Z</time><extensions><accuracy>7.7</accuracy></extensions></trkpt>
<trkpt lat="37.8975971" lon="127.2011954"><time>2026-09-10T06:01:54Z</time><extensions><accuracy>9.9</accuracy></extensions></trkpt>
<trkpt lat="37.8976169" lon="127.2011943"><time>2026-09-10T06:01:55Z</time><extensions><accuracy>6.6</accuracy></extensions></trkpt>
<trkpt lat="37.8976310" lon="127.2012150"><time>2026-09-10T06:01:56Z</time><extensions><accuracy>8.7</accuracy></extensions></trkpt>
<trkpt lat="37.8976637" lon="127.2012327"><time>2026-09-10T06:01:57Z</time><extensions><accuracy>8.6</accuracy></extensions></trkpt>
<trkpt lat="37.8976907" lon="127.2012239"><time>2026-09-10T06:01:58Z</time><extensions><accuracy>6.4</accuracy></extensions></trkpt>
<trkpt lat="37.8977012" lon="127.2012564"><time>2026-09-10T06:01:59Z</time><extensions><accuracy>8.1</accuracy></extensions></trkpt>
<trkpt lat="37.8977284" lon="127.2012900"><time>2026-09-10T06:02:00Z</time><extensions><accuracy>6.7</accuracy></extensions></trkpt>
<trkpt lat="37.8977532" lon="127.2013232"><time>2026-09-10T06:02:01Z</time><extensions><accuracy>8.3</accuracy></extensions></trkpt>
<trkpt lat="37.8977903" lon="127.2013430"><time>2026-09-10T06:02:02Z</time><extensions><accuracy>8.8</accuracy></extensions></trkpt>
<trkpt lat="37.8977990" lon="127.2013811"><time>2026-09-10T06:02:03Z</time><extensions><accuracy>8.8</accuracy></extensions></trkpt>
<trkpt lat="37.8978265" lon="127.2014139"><time>2026-09-10T06:02:04Z</time><extensions><accuracy>8.3</accuracy></extensions></trkpt>
<trkpt lat="37.8978438" lon="127.2014382"><time>2026-09-10T06:02:05Z</time><extensions><accuracy>6.1</accuracy></extensions></trkpt>
<trkpt lat="37.8978662" lon="127.2014704"><time>2026-09-10T06:02:06Z</time><extensions><accuracy>6.7</accuracy></extensions></trkpt>
<trkpt lat="37.8979165" lon="127.2015270"><time>2026-09-10T06:02:07Z</time><extensions><accuracy>9.1</accuracy></extensions></trkpt>
<trkpt lat="37.8979339" lon="127.2015383"><time>2026-09-10T06:02:08Z</time><extensions><accuracy>7.9</accuracy></extensions></trkpt>
<trkpt lat="37.8979681" lon="127.2015434"><time>2026-09-10T06:02:09Z</time><extensions><accuracy>9.3</accuracy></extensions></trkpt>
<trkpt lat="37.8979917" lon="127.2015382"><time>2026-09-10T06:02:10Z</time><extensions><accuracy>7.9</accuracy></extensions></trkpt>
<trkpt lat="37.8980164" lon="127.2015263"><time>2026-09-10T06:02:11Z</time><extensions><accuracy>7.6</accuracy></extensions></trkpt>
<trkpt lat="37.8980452" lon="127.2015625"><time>2026-09-10T06:02:12Z</time><extensions><accuracy>7.9</accuracy></extensions></trkpt>
<trkpt lat="37.8980599" lon="127.2015559"><time>2026-09-10T06:02:13Z</time><extensions><accuracy>8.9</accuracy></extensions></trkpt>
<trkpt lat="37.8980883" lon="127.2015921"><time>2026-09-10T06:02:14Z</time><extensions><accuracy>9.4</accuracy></extensions></trkpt>
<trkpt lat="37.8981229" lon="127.2016393"><time>2026-09-10T06:02:15Z</time><extensions><accuracy>7.0</accuracy></extensions></trkpt>
<trkpt lat="37.8981573" lon="127.2016584"><time>2026-09-10T06:02:16Z</time><extensions><accuracy>9.4</accuracy></extensions></trkpt>
<trkpt lat="37.8981796" lon="127.2016981"><time>2026-09-10T06:02:17Z</time><extensions><accuracy>9.5</accuracy></extensions></trkpt>
<trkpt lat="37.8982108" lon="127.2017267"><time>2026-09-10T06:02:18Z</time><extensions><accuracy>8.9</accuracy></extensions></trkpt>
<trkpt lat="37.8982348" lon="127.2017649"><time>2026-09-10T06:02:19Z</time><extensions><accuracy>9.3</accuracy></extensions></trkpt>
<trkpt lat="37.8982609" lon="127.2017881"><time>2026-09-10T06:02:20Z</time><extensions><accuracy>8.3</accuracy></extensions></trkpt>
<trkpt lat="37.8982756" lon="127.2018194"><time>2026-09-10T06:02:21Z</time><extensions><accuracy>7.3</accuracy></extensions></trkpt>
<trkpt lat="37.8982786" lon="127.2018261"><time>2026-09-10T06:02:22Z</time><extensions><accuracy>6.8</accuracy></extensions></trkpt>
<trkpt lat="37.8983013" lon="127.2018499"><time>2026-09-10T06:02:23Z</time><extensions><accuracy>7.6</accuracy></extensions></trkpt>
<trkpt lat="37.8983267" lon="127.2018699"><time>2026-09-10T06:02:24Z</time><extensions><accuracy>7.1</accuracy></extensions></trkpt>
<trkpt lat="37.8983591" lon="127.2018929"><time>2026-09-10T06:02:25Z</time><extensions><accuracy>9.5</accuracy></extensions></trkpt>
<trkpt lat="37.8983732" lon="127.2019369"><time>2026-09-10T06:02:26Z</time><extensions><accuracy>9.8</accuracy></extensions></trkpt>
<trkpt lat="37.8983966" lon="127.2019833"><time>2026-09-10T06:02:27Z</time><extensions><accuracy>9.0</accuracy></extensions></trkpt>
<trkpt lat="37.8984279" lon="127.2019978"><time>2026-09-10T06:02:28Z</time><extensions><accuracy>8.6</accuracy></extensions></trkpt>
<trkpt lat="37.8984720" lon="127.2020184"><time>2026-09-10T06:02:29Z</time><extensions><accuracy>9.0</accuracy></extensions></trkpt>
<trkpt lat="37.8985087" lon="127.2020553"><time>2026-09-10T06:02:30Z</time><extensions><accuracy>8.1</accuracy></extensions></trkpt>
<trkpt lat="37.8985314" lon="127.2020600"><time>2026-09-10T06:02:31Z</time><extensions><accuracy>7.4</accuracy></extensions></trkpt>
<trkpt lat="37.8985643" lon="127.2021056"><time>2026-09-10T06:02:32Z</time><extensions><accuracy>8.3</accuracy></extensions></trkpt>
<trkpt lat="37.8986001" lon="127.2021587"><time>2026-09-10T06:02:33Z</time><extensions><accuracy>8.5</accuracy></extensions></trkpt>
<trkpt lat="37.8986437" lon="127.2022066"><time>2026-09-10T06:02:34Z</time><extensions><accuracy>8.6</accuracy></extensions></trkpt>
<trkpt lat="37.8986589" lon="127.2022504"><time>2026-09-10T06:02:35Z</time><extensions><accuracy>6.6</accuracy></extensions></trkpt>
<trkpt lat="37.8986680" lon="127.2022667"><time>2026-09-10T06:02:36Z</time><extensions><accuracy>8.4</accuracy></extensions></trkpt>
<trkpt lat="37.8986904" lon="127.2022988"><time>2026-09-10T06:02:37Z</time><extensions><accuracy>7.8</accuracy></extensions></trkpt>
<trkpt lat="37.8987114" lon="127.2022993"><time>2026-09-10T06:02:38Z</time><extensions><accuracy>6.3</accuracy></extensions></trkpt>
<trkpt lat="37.8987358" lon="127.2023112"><time>2026-09-10T06:02:39Z</time><extensions><accuracy>8.2</accuracy></extensions></trkpt>
<trkpt lat="37.8987439" lon="127.2023567"><time>2026-09-10T06:02:40Z</time><extensions><accuracy>7.1</accuracy></extensions></trkpt>
<trkpt lat="37.8987612" lon="127.2023818"><time>2026-09-10T06:02:41Z</time><extensions><accuracy>6.2</accuracy></extensions></trkpt>
<trkpt lat="37.8987810" lon="127.2024177"><time>2026-09-10T06:02:42Z</time><extensions><accuracy>9.1</accuracy></extensions></trkpt>
<trkpt lat="37.8987884" lon="127.2024368"><time>2026-09-10T06:02:43Z</time><extensions><accuracy>7.6</accuracy></extensions></trkpt>
<trkpt lat="37.8988184" lon="127.2024571"><time>2026-09-10T06:02:44Z</time><extensions><accuracy>7.4</accuracy></extensions></trkpt>
<trkpt lat="37.8988492" lon="127.2024876"><time>2026-09-10T06:02:45Z</time><extensions><accuracy>7.1</accuracy></extensions></trkpt>
<trkpt lat="37.8988741" lon="127.2025052"><time>2026-09-10T06:02:46Z</time><extensions><accuracy>9.1</accuracy></extensions></trkpt>
<trkpt lat="37.8988839" lon="127.2025441"><time>2026-09-10T06:02:47Z</time><extensions><accuracy>6.8</accuracy></extensions></trkpt>
<trkpt lat="37.8989101" lon="127.2025518"><time>2026-09-10T06:02:48Z</time><extensions><accuracy>9.3</accuracy></extensions></trkpt>
<trkpt lat="37.8989303" lon="127.2025853"><time>2026-09-10T06:02:49Z</time><extensions><accuracy>6.6</accuracy></extensions></trkpt>
<trkpt lat="37.8989496" lon="127.2026092"><time>2026-09-10T06:02:50Z</time><extensions><accuracy>8.1</accuracy></extensions></trkpt>
<trkpt lat="37.8989765" lon="127.2026340"><time>2026-09-10T06:02:51Z</time><extensions><accuracy>7.0</accuracy></extensions></trkpt>
<trkpt lat="37.8990237" lon="127.2026406"><time>2026-09-10T06:02:52Z</time><extensions><accuracy>9.2</accuracy></extensions></trkpt>
<trkpt lat="37.8990343" lon="127.2026643"><time>2026-09-10T06:02:53Z</time><extensions><accuracy>7.5</accuracy></extensions></trkpt>
<trkpt lat="37.8990764" lon="127.2026914"><time>2026-09-10T06:02:54Z</time><extensions><accuracy>8.5</accuracy></extensions></trkpt>
<trkpt lat="37.8991088" lon="127.2027093"><time>2026-09-10T06:02:55Z</time><extensions><accuracy>7.2</accuracy></extensions></trkpt>
<trkpt lat="37.8991322" lon="127.2027395"><time>2026-09-10T06:02:56Z</time><extensions><accuracy>8.4</accuracy></extensions></trkpt>
<trkpt lat="37.8991487" lon="127.2027566"><time>2026-09-10T06:02:57Z</time><extensions><accuracy>9.1</accuracy></extensions></trkpt>
<trkpt lat="37.8991651" lon="127.2027910"><time>2026-09-10T06:02:58Z</time><extensions><accuracy>8.1</accuracy></extensions></trkpt>
<trkpt lat="37.8992018" lon="127.2028268"><time>2026-09-10T06:02:59Z</time><extensions><accuracy>8.1</accuracy></extensions></trkpt>
<trkpt lat="37.8992111" lon="127.2028648"><time>2026-09-10T06:03:00Z</time><extensions><accuracy>8.6</accuracy></extensions></trkpt>
<trkpt lat="37.8992393" lon="127.2028915"><time>2026-09-10T06:03:01Z</time><extensions><accuracy>9.8</accuracy></extensions></trkpt>
<trkpt lat="37.8992597" lon="127.2029201"><time>2026-09-10T06:03:02Z</time><extensions><accuracy>9.2</accuracy></extensions></trkpt>
<trkpt lat="37.8992832" lon="127.2029578"><time>2026-09-10T06:03:03Z</time><extensions><accuracy>7.4</accuracy></extensions></trkpt>
<trkpt lat="37.8993150" lon="127.2029842"><time>2026-09-10T06:03:04Z</time><extensions><accuracy>8.2</accuracy></extensions></trkpt>
<trkpt lat="37.8993352" lon="127.2030091"><time>2026-09-10T06:03:05Z</time><extensions><accuracy>9.5</accuracy></extensions></trkpt>
<trkpt lat="37.8993367" lon="127.2030223"><time>2026-09-10T06:03:06Z</time><extensions><accuracy>9.4</accuracy></extensions></trkpt>
<trkpt lat="37.8993591" lon="127.2030428"><time>2026-09-10T06:03:07Z</time><extensions><accuracy>8.9</accuracy></extensions></trkpt>
<trkpt lat="37.8994023" lon="127.2030652"><time>2026-09-10T06:03:08Z</time><extensions><accuracy>9.2</accuracy></extensions></trkpt>
<trkpt lat="37.8994246" lon="127.2030835"><time>2026-09-10T06:03:09Z</time><extensions><accuracy>7.7</accuracy></extensions></trkpt>
<trkpt lat="37.8994505" lon="127.2031205"><time>2026-09-10T06:03:10Z</time><extensions><accuracy>6.4</accuracy></extensions></trkpt>
<trkpt lat="37.8994787" lon="127.2031700"><time>2026-09-10T06:03:11Z</time><extensions><accuracy>6.8</accuracy></extensions></trkpt>
<trkpt lat="37.8994879" lon="127.2032010"><time>2026-09-10T06:03:12Z</time><extensions><accuracy>8.8</accuracy></extensions></trkpt>
<trkpt lat="37.8995049" lon="127.2032507"><time>2026-09-10T06:03:13Z</time><extensions><accuracy>8.6</accuracy></extensions></trkpt>
<trkpt lat="37.8995204" lon="127.2032898"><time>2026-09-10T06:03:14Z</time><extensions><accuracy>9.0</accuracy></extensions></trkpt>
<trkpt lat="37.8995397" lon="127.2033101"><time>2026-09-10T06:03:15Z</time><extensions><accuracy>9.6</accuracy></extensions></trkpt>
<trkpt lat="37.8995462" lon="127.2033409"><time>2026-09-10T06:03:16Z</time><extensions><accuracy>7.5</accuracy></extensions></trkpt>
<trkpt lat="37.8995758" lon="127.2033756"><time>2026-09-10T06:03:17Z</time><extensions><accuracy>6.9</accuracy></extensions></trkpt>
<trkpt lat="37.8996049" lon="127.2034225"><time>2026-09-10T06:03:18Z</time><extensions><accuracy>9.1</accuracy></extensions></trkpt>
<trkpt lat="37.8996274" lon="127.2034649"><time>2026-09-10T06:03:19Z</time><extensions><accuracy>6.8</accuracy></extensions></trkpt>
<trkpt lat="37.8996492" lon="127.2035013"><time>2026-09-10T06:03:20Z</time><extensions><accuracy>7.6</accuracy></extensions></trkpt>
<trkpt lat="37.8996760" lon="127.2035491"><time>2026-09-10T06:03:21Z</time><extensions><accuracy>6.4</accuracy></extensions></trkpt>
<trkpt lat="37.8997080" lon="127.2035841"><time>2026-09-10T06:03:22Z</time><extensions><accuracy>6.2</accuracy></extensions></trkpt>
<trkpt lat="37.8997260" lon="127.2036125"><time>2026-09-10T06:03:23Z</time><extensions><accuracy>7.6</accuracy></extensions></trkpt>
<trkpt lat="37.8997431" lon="127.2036476"><time>2026-09-10T06:03:24Z</time><extensions><accuracy>7.6</accuracy></extensions></trkpt>
<trkpt lat="37.8997631" lon="127.2036869"><time>2026-09-10T06:03:25Z</time><extensions><accuracy>9.9</accuracy></extensions></trkpt>
<trkpt lat="37.8997901" lon="127.2037369"><time>2026-09-10T06:03:26Z</time><extensions><accuracy>7.9</accuracy></extensions></trkpt>
<trkpt lat="37.8998111" lon="127.2037724"><time>2026-09-10T06:03:27Z</time><extensions><accuracy>7.4</accuracy></extensions></trkpt>
<trkpt lat="37.8998262" lon="127.2038293"><time>2026-09-10T06:03:28Z</time><extensions><accuracy>8.9</accuracy></extensions></trkpt>
<trkpt lat="37.8998532" lon="127.2038555"><time>2026-09-10T06:03:29Z</time><extensions><accuracy>7.9</accuracy></extensions></trkpt>
<trkpt lat="37.8998689" lon="127.2039131"><time>2026-09-10T06:03:30Z</time><extensions><accuracy>7.0</accuracy></extensions></trkpt>
<trkpt lat="37.8998839" lon="127.2039488"><time>2026-09-10T06:03:31Z</time><extensions><accuracy>8.5</accuracy></extensions></trkpt>
<trkpt lat="37.8999165" lon="127.2039757"><time>2026-09-10T06:03:32Z</time><extensions><accuracy>8.7</accuracy></extensions></trkpt>
<trkpt lat="37.8999384" lon="127.2040078"><time>2026-09-10T06:03:33Z</time><extensions><accuracy>6.0</accuracy></extensions></trkpt>
<trkpt lat="37.8999588" lon="127.2040401"><time>2026-09-10T06:03:34Z</time><extensions><accuracy>6.7</accuracy></extensions></trkpt>
<trkpt lat="37.8999814" lon="127.2040658"><time>2026-09-10T06:03:35Z</time><extensions><accuracy>8.6</accuracy></extensions></trkpt>
<trkpt lat="37.8999775" lon="127.2041014"><time>2026-09-10T06:03:36Z</time><extensions><accuracy>9.9</accuracy></extensions></trkpt>
<trkpt lat="37.8999974" lon="127.2041319"><time>2026-09-10T06:03:37Z</time><extensions><accuracy>9.7</accuracy></extensions></trkpt>
<trkpt lat="37.8999930" lon="127.2041427"><time>2026-09-10T06:03:38Z</time><extensions><accuracy>7.2</accuracy></extensions></trkpt>
<trkpt lat="37.9000050" lon="127.2042029"><time>2026-09-10T06:03:39Z</time><extensions><accuracy>6.4</accuracy></extensions></trkpt>
<trkpt lat="37.9000153" lon="127.2042434"><time>2026-09-10T06:03:40Z</time><extensions><accuracy>6.5</accuracy></extensions></trkpt>
<trkpt lat="37.9000398" lon="127.2042716"><time>2026-09-10T06:03:41Z</time><extensions><accuracy>8.7</accuracy></extensions></trkpt>
<trkpt lat="37.9000555" lon="127.2042773"><time>2026-09-10T06:03:42Z</time><extensions><accuracy>9.0</accuracy></extensions></trkpt>
<trkpt lat="37.9000827" lon="127.2043051"><time>2026-09-10T06:03:43Z</time><extensions><accuracy>8.2</accuracy></extensions></trkpt>
<trkpt lat="37.9001024" lon="127.2043642"><time>2026-09-10T06:03:44Z</time><extensions><accuracy>7.7</accuracy></extensions></trkpt>
<trkpt lat="37.9001184" lon="127.2044063"><time>2026-09-10T06:03:45Z</time><extensions><accuracy>7.9</accuracy></extensions></trkpt>
<trkpt lat="37.9001213" lon="127.2044256"><time>2026-09-10T06:03:46Z</time><extensions><accuracy>8.9</accuracy></extensions></trkpt>
<trkpt lat="37.9001322" lon="127.2044604"><time>2026-09-10T06:03:47Z</time><extensions><accuracy>7.5</accuracy></extensions></trkpt>
<trkpt lat="37.9001622" lon="127.2044969"><time>2026-09-10T06:03:48Z</time><extensions><accuracy>8.8</accuracy></extensions></trkpt>
<trkpt lat="37.9001767" lon="127.2045254"><time>2026-09-10T06:03:49Z</time><extensions><accuracy>9.0</accuracy></extensions></trkpt>
<trkpt lat="37.9002023" lon="127.2045431"><time>2026-09-10T06:03:50Z</time><extensions><accuracy>6.9</accuracy></extensions></trkpt>
<trkpt lat="37.9002270" lon="127.2045676"><time>2026-09-10T06:03:51Z</time><extensions><accuracy>9.5</accuracy></extensions></trkpt>
<trkpt lat="37.9002414" lon="127.2045912"><time>2026-09-10T06:03:52Z</time><extensions><accuracy>9.6</accuracy></extensions></trkpt>
<trkpt lat="37.9002671" lon="127.2046345"><time>2026-09-10T06:03:53Z</time><extensions><accuracy>7.5</accuracy></extensions></trkpt>
<trkpt lat="37.9002935" lon="127.2046826"><time>2026-09-10T06:03:54Z</time><extensions><accuracy>9.8</accuracy></extensions></trkpt>
<trkpt lat="37.9003220" lon="127.2047288"><time>2026-09-10T06:03:55Z</time><extensions><accuracy>6.4</accuracy></extensions></trkpt>
<trkpt lat="37.9003416" lon="127.2047671"><time>2026-09-10T06:03:56Z</time><extensions><accuracy>7.0</accuracy></extensions></trkpt>
<trkpt lat="37.9003532" lon="127.2048018"><time>2026-09-10T06:03:57Z</time><extensions><accuracy>8.6</accuracy></extensions></trkpt>
<trkpt lat="37.9003741" lon="127.2048357"><time>2026-09-10T06:03:58Z</time><extensions><accuracy>6.9</accuracy></extensions></trkpt>
<trkpt lat="37.9003698" lon="127.2048839"><time>2026-09-10T06:03:59Z</time><extensions><accuracy>8.2</accuracy></extensions></trkpt>
<trkpt lat="37.9003867" lon="127.2049025"><time>2026-09-10T06:04:00Z</time><extensions><accuracy>8.4</accuracy></extensions></trkpt>
<trkpt lat="37.9004021" lon="127.2049443"><time>2026-09-10T06:04:01Z</time><extensions><accuracy>6.8</accuracy></extensions></trkpt>
<trkpt lat="37.9004172" lon="127.2049829"><time>2026-09-10T06:04:02Z</time><extensions><accuracy>9.3</accuracy></extensions></trkpt>
<trkpt lat="37.9004377" lon="127.2050479"><time>2026-09-10T06:04:03Z</time><extensions><accuracy>9.9</accuracy></extensions></trkpt>
<trkpt lat="37.9004425" lon="127.2050853"><time>2026-09-10T06:04:04Z</time><extensions><accuracy>6.3</accuracy></extensions></trkpt>
<trkpt lat="37.9004435" lon="127.2051069"><time>2026-09-10T06:04:05Z</time><extensions><accuracy>9.3</accuracy></extensions></trkpt>
<trkpt lat="37.9004642" lon="127.2051335"><time>2026-09-10T06:04:06Z</time><extensions><accuracy>9.0</accuracy></extensions></trkpt>
<trkpt lat="37.9004721" lon="127.2051725"><time>2026-09-10T06:04:07Z</time><extensions><accuracy>8.4</accuracy></extensions></trkpt>
<trkpt lat="37.9004682" lon="127.2051945"><time>2026-09-10T06:04:08Z</time><extensions><accuracy>9.3</accuracy></extensions></trkpt>
<trkpt lat="37.9004701" lon="127.2052281"><time>2026-09-10T06:04:09Z</time><extensions><accuracy>6.8</accuracy></extensions></trkpt>
<trkpt lat="37.9004937" lon="127.2052720"><time>2026-09-10T06:04:10Z</time><extensions><accuracy>8.9</accuracy></extensions></trkpt>
<trkpt lat="37.9005203" lon="127.2053173"><time>2026-09-10T06:04:11Z</time><extensions><accuracy>7.9</accuracy></extensions></trkpt>
<trkpt lat="37.9005190" lon="127.2053641"><time>2026-09-10T06:04:12Z</time><extensions><accuracy>8.9</accuracy></extensions></trkpt>
<trkpt lat="37.9005350" lon="127.2054137"><time>2026-09-10T06:04:13Z</time><extensions><accuracy>8.4</accuracy></extensions></trkpt>
<trkpt lat="37.9005422" lon="127.2054630"><time>2026-09-10T06:04:14Z</time><extensions><accuracy>10.0</accuracy></extensions></trkpt>
<trkpt lat="37.9005571" lon="127.2055071"><time>2026-09-10T06:04:15Z</time><extensions><accuracy>6.3</accuracy></extensions></trkpt>
<trkpt lat="37.9005670" lon="127.2055139"><time>2026-09-10T06:04:16Z</time><extensions><accuracy>9.7</accuracy></extensions></trkpt>
<trkpt lat="37.9005605" lon="127.2055297"><time>2026-09-10T06:04:17Z</time><extensions><accuracy>9.9</accuracy></extensions></trkpt>
<trkpt lat="37.9005508" lon="127.2055849"><time>2026-09-10T06:04:18Z</time><extensions><accuracy>8.1</accuracy></extensions></trkpt>
<trkpt lat="37.9005782" lon="127.2056173"><time>2026-09-10T06:04:19Z</time><extensions><accuracy>9.6</accuracy></extensions></trkpt>
<trkpt lat="37.9005602" lon="127.2056822"><time>2026-09-10T06:04:20Z</time><extensions><accuracy>9.1</accuracy></extensions></trkpt>
<trkpt lat="37.9005690" lon="127.2057509"><time>2026-09-10T06:04:21Z</time><extensions><accuracy>9.7</accuracy></extensions></trkpt>
<trkpt lat="37.9005994" lon="127.2057989"><time>2026-09-10T06:04:22Z</time><extensions><accuracy>6.7</accuracy></extensions></trkpt>
<trkpt lat="37.9005981" lon="127.2058311"><time>2026-09-10T06:04:23Z</time><extensions><accuracy>7.2</accuracy></extensions></trkpt>
<trkpt lat="37.9006129" lon="127.2058548"><time>2026-09-10T06:04:24Z</time><extensions><accuracy>6.2</accuracy></extensions></trkpt>
<trkpt lat="37.9006174" lon="127.2059101"><time>2026-09-10T06:04:25Z</time><extensions><accuracy>7.7</accuracy></extensions></trkpt>
<trkpt lat="37.9006312" lon="127.2059517"><time>2026-09-10T06:04:26Z</time><extensions><accuracy>9.0</accuracy></extensions></trkpt>
<trkpt lat="37.9006421" lon="127.2059897"><time>2026-09-10T06:04:27Z</time><extensions><accuracy>7.2</accuracy></extensions></trkpt>
<trkpt lat="37.9006582" lon="127.2060028"><time>2026-09-10T06:04:28Z</time><extensions><accuracy>6.6</accuracy></extensions></trkpt>
<trkpt lat="37.9006952" lon="127.2060355"><time>2026-09-10T06:04:29Z</time><extensions><accuracy>9.9</accuracy></extensions></trkpt>
<trkpt lat="37.9007132" lon="127.2060828"><time>2026-09-10T06:04:30Z</time><extensions><accuracy>7.5</accuracy></extensions></trkpt>
<trkpt lat="37.9007117" lon="127.2061164"><time>2026-09-10T06:04:31Z</time><extensions><accuracy>7.9</accuracy></extensions></trkpt>
<trkpt lat="37.9007301" lon="127.2061438"><time>2026-09-10T06:04:32Z</time><extensions><accuracy>7.4</accuracy></extensions></trkpt>
<trkpt lat="37.9007578" lon="127.2061644"><time>2026-09-10T06:04:33Z</time><extensions><accuracy>7.9</accuracy></extensions></trkpt>
<trkpt lat="37.9007701" lon="127.2062285"><time>2026-09-10T06:04:34Z</time><extensions><accuracy>7.2</accuracy></extensions></trkpt>
<trkpt lat="37.9007905" lon="127.2062786"><time>2026-09-10T06:04:35Z</time><extensions><accuracy>6.0</accuracy></extensions></trkpt>
<trkpt lat="37.9008027" lon="127.2063192"><time>2026-09-10T06:04:36Z</time><extensions><accuracy>8.1</accuracy></extensions></trkpt>
<trkpt lat="37.9008145" lon="127.2063401"><time>2026-09-10T06:04:37Z</time><extensions><accuracy>6.8</accuracy></extensions></trkpt>
<trkpt lat="37.9008314" lon="127.2063391"><time>2026-09-10T06:04:38Z</time><extensions><accuracy>9.9</accuracy></extensions></trkpt>
<trkpt lat="37.9008415" lon="127.2063810"><time>2026-09-10T06:04:39Z</time><extensions><accuracy>6.1</accuracy></extensions></trkpt>
<trkpt lat="37.9008489" lon="127.2064245"><time>2026-09-10T06:04:40Z</time><extensions><accuracy>7.7</accuracy></extensions></trkpt>
<trkpt lat="37.9008662" lon="127.2064709"><time>2026-09-10T06:04:41Z</time><extensions><accuracy>8.2</accuracy></extensions></trkpt>
<trkpt lat="37.9008787" lon="127.2064960"><time>2026-09-10T06:04:42Z</time><extensions><accuracy>7.0</accuracy></extensions></trkpt>
<trkpt lat="37.9008985" lon="127.2065401"><time>2026-09-10T06:04:43Z</time><extensions><accuracy>7.0</accuracy></extensions></trkpt>
<trkpt lat="37.9008951" lon="127.2065519"><time>2026-09-10T06:04:44Z</time><extensions><accuracy>8.5</accuracy></extensions></trkpt>
<trkpt lat="37.9009034" lon="127.2066008"><time>2026-09-10T06:04:45Z</time><extensions><accuracy>9.2</accuracy></extensions></trkpt>
<trkpt lat="37.9009148" lon="127.2066251"><time>2026-09-10T06:04:46Z</time><extensions><accuracy>9.0</accuracy></extensions></trkpt>
<trkpt lat="37.9009140" lon="127.2066631"><time>2026-09-10T06:04:47Z</time><extensions><accuracy>9.3</accuracy></extensions></trkpt>
<trkpt lat="37.9009381" lon="127.2067070"><time>2026-09-10T06:04:48Z</time><extensions><accuracy>6.7</accuracy></extensions></trkpt>
<trkpt lat="37.9009558" lon="127.2067397"><time>2026-09-10T06:04:49Z</time><extensions><accuracy>9.6</accuracy></extensions></trkpt>
<trkpt lat="37.9009810" lon="127.2067704"><time>2026-09-10T06:04:50Z</time><extensions><accuracy>8.7</accuracy></extensions></trkpt>
<trkpt lat="37.9009749" lon="127.2068217"><time>2026-09-10T06:04:51Z</time><extensions><accuracy>8.4</accuracy></extensions></trkpt>
<trkpt lat="37.9009881" lon="127.2068834"><time>2026-09-10T06:04:52Z</time><extensions><accuracy>6.7</accuracy></extensions></trkpt>
<trkpt lat="37.9009828" lon="127.2069201"><time>2026-09-10T06:04:53Z</time><extensions><accuracy>10.0</accuracy></extensions></trkpt>
<trkpt lat="37.9009696" lon="127.2069684"><time>2026-09-10T06:04:54Z</time><extensions><accuracy>7.4</accuracy></extensions></trkpt>
<trkpt lat="37.9009831" lon="127.2070071"><time>2026-09-10T06:04:55Z</time><extensions><accuracy>7.8</accuracy></extensions></trkpt>
<trkpt lat="37.9009783" lon="127.2070460"><time>2026-09-10T06:04:56Z</time><extensions><accuracy>7.3</accuracy></extensions></trkpt>
<trkpt lat="37.9009977" lon="127.2070578"><time>2026-09-10T06:04:57Z</time><extensions><accuracy>9.4</accuracy></extensions></trkpt>
<trkpt lat="37.9010185" lon="127.2071038"><time>2026-09-10T06:04:58Z</time><extensions><accuracy>8.4</accuracy></extensions></trkpt>
<trkpt lat="37.9010150" lon="127.2071469"><time>2026-09-10T06:04:59Z</time><extensions><accuracy>8.2</accuracy></extensions></trkpt>
<trkpt lat="37.9010254" lon="127.2071855"><time>2026-09-10T06:05:00Z</time><extensions><accuracy>8.8</accuracy></extensions></trkpt>
<trkpt lat="37.9010216" lon="127.2072401"><time>2026-09-10T06:05:01Z</time><extensions><accuracy>8.7</accuracy></extensions></trkpt>
<trkpt lat="37.9010433" lon="127.2072766"><time>2026-09-10T06:05:02Z</time><extensions><accuracy>9.6</accuracy></extensions></trkpt>
<trkpt lat="37.9010546" lon="127.2073141"><time>2026-09-10T06:05:03Z</time><extensions><accuracy>6.8</accuracy></extensions></trkpt>
<trkpt lat="37.9010639" lon="127.2073451"><time>2026-09-10T06:05:04Z</time><extensions><accuracy>7.5</accuracy></extensions></trkpt>
<trkpt lat="37.9010939" lon="127.2073769"><time>2026-09-10T06:05:05Z</time><extensions><accuracy>7.1</accuracy></extensions></trkpt>
<trkpt lat="37.9010897" lon="127.2074271"><time>2026-09-10T06:05:06Z</time><extensions><accuracy>7.3</accuracy></extensions></trkpt>
<trkpt lat="37.9010931" lon="127.2075094"><time>2026-09-10T06:05:07Z</time><extensions><accuracy>6.5</accuracy></extensions></trkpt>
<trkpt lat="37.9010974" lon="127.2075593"><time>2026-09-10T06:05:08Z</time><extensions><accuracy>6.3</accuracy></extensions></trkpt>
<trkpt lat="37.9010824" lon="127.2075954"><time>2026-09-10T06:05:09Z</time><extensions><accuracy>6.3</accuracy></extensions></trkpt>
<trkpt lat="37.9010724" lon="127.2076163"><time>2026-09-10T06:05:10Z</time><extensions><accuracy>9.4</accuracy></extensions></trkpt>
<trkpt lat="37.9010714" lon="127.2076931"><time>2026-09-10T06:05:11Z</time><extensions><accuracy>6.0</accuracy></extensions></trkpt>
<trkpt lat="37.9010749" lon="127.2077488"><time>2026-09-10T06:05:12Z</time><extensions><accuracy>6.3</accuracy></extensions></trkpt>
<trkpt lat="37.9010764" lon="127.2077863"><time>2026-09-10T06:05:13Z</time><extensions><accuracy>7.1</accuracy></extensions></trkpt>
<trkpt lat="37.9010873" lon="127.2078231"><time>2026-09-10T06:05:14Z</time><extensions><accuracy>6.9</accuracy></extensions></trkpt>
<trkpt lat="37.9011071" lon="127.2079025"><time>2026-09-10T06:05:15Z</time><extensions><accuracy>9.6</accuracy></extensions></trkpt>
<trkpt lat="37.9011069" lon="127.2079334"><time>2026-09-10T06:05:16Z</time><extensions><accuracy>8.7</accuracy></extensions></trkpt>
<trkpt lat="37.9011109" lon="127.2079623"><time>2026-09-10T06:05:17Z</time><extensions><accuracy>6.2</accuracy></extensions></trkpt>
<trkpt lat="37.9011244" lon="127.2079747"><time>2026-09-10T06:05:18Z</time><extensions><accuracy>6.8</accuracy></extensions></trkpt>
<trkpt lat="37.9011407" lon="127.2080102"><time>2026-09-10T06:05:19Z</time><extensions><accuracy>6.2</accuracy></extensions></trkpt>
<trkpt lat="37.9011515" lon="127.2080591"><time>2026-09-10T06:05:20Z</time><extensions><accuracy>7.5</accuracy></extensions></trkpt>
<trkpt lat="37.9011519" lon="127.2081063"><time>2026-09-10T06:05:21Z</time><extensions><accuracy>10.0</accuracy></extensions></trkpt>
<trkpt lat="37.9011608" lon="127.2081552"><time>2026-09-10T06:05:22Z</time><extensions><accuracy>6.6</accuracy></extensions></trkpt>
<trkpt lat="37.9011684" lon="127.2081986"><time>2026-09-10T06:05:23Z</time><extensions><accuracy>9.7</accuracy></extensions></trkpt>
<trkpt lat="37.9012006" lon="127.2082368"><time>2026-09-10T06:05:24Z</time><extensions><accuracy>9.8</accuracy></extensions></trkpt>
<trkpt lat="37.9011830" lon="127.2083036"><time>2026-09-10T06:05:25Z</time><extensions><accuracy>7.0</accuracy></extensions></trkpt>
<trkpt lat="37.9011802" lon="127.2083296"><time>2026-09-10T06:05:26Z</time><extensions><accuracy>7.9</accuracy></extensions></trkpt>
<trkpt lat="37.9011699" lon="127.2083877"><time>2026-09-10T06:05:27Z</time><extensions><accuracy>6.1</accuracy></extensions></trkpt>
<trkpt lat="37.9011592" lon="127.2084188"><time>2026-09-10T06:05:28Z</time><extensions><accuracy>9.1</accuracy></extensions></trkpt>
<trkpt lat="37.9011475" lon="127.2084633"><time>2026-09-10T06:05:29Z</time><extensions><accuracy>8.2</accuracy></extensions></trkpt>
<trkpt lat="37.9011539" lon="127.2085196"><time>2026-09-10T06:05:30Z</time><extensions><accuracy>9.3</accuracy></extensions></trkpt>
<trkpt lat="37.9011595" lon="127.2085497"><time>2026-09-10T06:05:31Z</time><extensions><accuracy>9.7</accuracy></extensions></trkpt>
<trkpt lat="37.9011642" lon="127.2085803"><time>2026-09-10T06:05:32Z</time><extensions><accuracy>9.9</accuracy></extensions></trkpt>
<trkpt lat="37.9011662" lon="127.2086233"><time>2026-09-10T06:05:33Z</time><extensions><accuracy>7.1</accuracy></extensions></trkpt>
<trkpt lat="37.9011477" lon="127.2086772"><time>2026-09-10T06:05:34Z</time><extensions><accuracy>9.9</accuracy></extensions></trkpt>
<trkpt lat="37.9011718" lon="127.2087175"><time>2026-09-10T06:05:35Z</time><extensions><accuracy>6.5</accuracy></extensions></trkpt>
<trkpt lat="37.9011892" lon="127.2087541"><time>2026-09-10T06:05:36Z</time><extensions><accuracy>9.2</accuracy></extensions></trkpt>
<trkpt lat="37.9011890" lon="127.2087859"><time>2026-09-10T06:05:37Z</time><extensions><accuracy>8.1</accuracy></extensions></trkpt>
<trkpt lat="37.9011824" lon="127.2088273"><time>2026-09-10T06:05:38Z</time><extensions><accuracy>8.2</accuracy></extensions></trkpt>
<trkpt lat="37.9011759" lon="127.2088809"><time>2026-09-10T06:05:39Z</time><extensions><accuracy>8.4</accuracy></extensions></trkpt>
<trkpt lat="37.9011713" lon="127.2089310"><time>2026-09-10T06:05:40Z</time><extensions><accuracy>7.5</accuracy></extensions></trkpt>
<trkpt lat="37.9011973" lon="127.2089644"><time>2026-09-10T06:05:41Z</time><extensions><accuracy>8.4</accuracy></extensions></trkpt>
<trkpt lat="37.9012004" lon="127.2089921"><time>2026-09-10T06:05:42Z</time><extensions><accuracy>9.4</accuracy></extensions></trkpt>
<trkpt lat="37.9011979" lon="127.2090378"><time>2026-09-10T06:05:43Z</time><extensions><accuracy>9.9</accuracy></extensions></trkpt>
<trkpt lat="37.9011949" lon="127.2090632"><time>2026-09-10T06:05:44Z</time><extensions><accuracy>8.0</accuracy></extensions></trkpt>
<trkpt lat="37.9011871" lon="127.2091386"><time>2026-09-10T06:05:45Z</time><extensions><accuracy>8.6</accuracy></extensions></trkpt>
<trkpt lat="37.9011719" lon="127.2091784"><time>2026-09-10T06:05:46Z</time><extensions><accuracy>7.8</accuracy></extensions></trkpt>
<trkpt lat="37.9011846" lon="127.2092143"><time>2026-09-10T06:05:47Z</time><extensions><accuracy>9.5</accuracy></extensions></trkpt>
<trkpt lat="37.9011797" lon="127.2092484"><time>2026-09-10T06:05:48Z</time><extensions><accuracy>7.8</accuracy></extensions></trkpt>
<trkpt lat="37.9011892" lon="127.2092662"><time>2026-09-10T06:05:49Z</time><extensions><accuracy>7.7</accuracy></extensions></trkpt>
<trkpt lat="37.9011937" lon="127.2092943"><time>2026-09-10T06:05:50Z</time><extensions><accuracy>6.2</accuracy></extensions></trkpt>
<trkpt lat="37.9011857" lon="127.2093415"><time>2026-09-10T06:05:51Z</time><extensions><accuracy>9.9</accuracy></extensions></trkpt>
<trkpt lat="37.9011921" lon="127.2093709"><time>2026-09-10T06:05:52Z</time><extensions><accuracy>8.2</accuracy></extensions></trkpt>
<trkpt lat="37.9011865" lon="127.2093979"><time>2026-09-10T06:05:53Z</time><extensions><accuracy>9.5</accuracy></extensions></trkpt>
<trkpt lat="37.9011722" lon="127.2094383"><time>2026-09-10T06:05:54Z</time><extensions><accuracy>7.2</accuracy></extensions></trkpt>
<trkpt lat="37.9011565" lon="127.2094554"><time>2026-09-10T06:05:55Z</time><extensions><accuracy>7.5</accuracy></extensions></trkpt>
<trkpt lat="37.9011594" lon="127.2095054"><time>2026-09-10T06:05:56Z</time><extensions><accuracy>8.3</accuracy></extensions></trkpt>
<trkpt lat="37.9011525" lon="127.2095419"><time>2026-09-10T06:05:57Z</time><extensions><accuracy>7.5</accuracy></extensions></trkpt>
<trkpt lat="37.9011465" lon="127.2095941"><time>2026-09-10T06:05:58Z</time><extensions><accuracy>6.3</accuracy></extensions></trkpt>
<trkpt lat="37.9011198" lon="127.2096276"><time>2026-09-10T06:05:59Z</time><extensions><accuracy>6.1</accuracy></extensions></trkpt>
<trkpt lat="37.9011172" lon="127.2096426"><time>2026-09-10T06:06:00Z</time><extensions><accuracy>8.1</accuracy></extensions></trkpt>
<trkpt lat="37.9011264" lon="127.2096775"><time>2026-09-10T06:06:01Z</time><extensions><accuracy>9.4</accuracy></extensions></trkpt>
<trkpt lat="37.9011414" lon="127.2097408"><time>2026-09-10T06:06:02Z</time><extensions><accuracy>8.7</accuracy></extensions></trkpt>
<trkpt lat="37.9011152" lon="127.2097875"><time>2026-09-10T06:06:03Z</time><extensions><accuracy>7.5</accuracy></extensions></trkpt>
<trkpt lat="37.9011211" lon="127.2098539"><time>2026-09-10T06:06:04Z</time><extensions><accuracy>7.1</accuracy></extensions></trkpt>
<trkpt lat="37.9011211" lon="127.2098961"><time>2026-09-10T06:06:05Z</time><extensions><accuracy>8.4</accuracy></extensions></trkpt>
<trkpt lat="37.9011396" lon="127.2099377"><time>2026-09-10T06:06:06Z</time><extensions><accuracy>7.4</accuracy></extensions></trkpt>
<trkpt lat="37.9011340" lon="127.2099920"><time>2026-09-10T06:06:07Z</time><extensions><accuracy>6.7</accuracy></extensions></trkpt>
<trkpt lat="37.9011157" lon="127.2100399"><time>2026-09-10T06:06:08Z</time><extensions><accuracy>8.0</accuracy></extensions></trkpt>
<trkpt lat="37.9011077" lon="127.2100817"><time>2026-09-10T06:06:09Z</time><extensions><accuracy>8.6</accuracy></extensions></trkpt>
<trkpt lat="37.9011028" lon="127.2101154"><time>2026-09-10T06:06:10Z</time><extensions><accuracy>9.9</accuracy></extensions></trkpt>
<trkpt lat="37.9011003" lon="127.2101109"><time>2026-09-10T06:06:11Z</time><extensions><accuracy>7.8</accuracy></extensions></trkpt>
<trkpt lat="37.9011096" lon="127.2101537"><time>2026-09-10T06:06:12Z</time><extensions><accuracy>6.3</accuracy></extensions></trkpt>
<trkpt lat="37.9011218" lon="127.2101789"><time>2026-09-10T06:06:13Z</time><extensions><accuracy>7.7</accuracy></extensions></trkpt>
<trkpt lat="37.9011036" lon="127.2102306"><time>2026-09-10T06:06:14Z</time><extensions><accuracy>7.3</accuracy></extensions></trkpt>
<trkpt lat="37.9011022" lon="127.2102860"><time>2026-09-10T06:06:15Z</time><extensions><accuracy>9.5</accuracy></extensions></trkpt>
<trkpt lat="37.9010955" lon="127.2103246"><time>2026-09-10T06:06:16Z</time><extensions><accuracy>6.4</accuracy></extensions></trkpt>
<trkpt lat="37.9010760" lon="127.2103630"><time>2026-09-10T06:06:17Z</time><extensions><accuracy>9.7</accuracy></extensions></trkpt>
<trkpt lat="37.9010729" lon="127.2104202"><time>2026-09-10T06:06:18Z</time><extensions><accuracy>6.3</accuracy></extensions></trkpt>
<trkpt lat="37.9010593" lon="127.2104578"><time>2026-09-10T06:06:19Z</time><extensions><accuracy>9.4</accuracy></extensions></trkpt>
<trkpt lat="37.9010477" lon="127.2104836"><time>2026-09-10T06:06:20Z</time><extensions><accuracy>9.9</accuracy></extensions></trkpt>
<trkpt lat="37.9010362" lon="127.2105540"><time>2026-09-10T06:06:21Z</time><extensions><accuracy>6.8</accuracy></extensions></trkpt>
<trkpt lat="37.9010169" lon="127.2105899"><time>2026-09-10T06:06:22Z</time><extensions><accuracy>6.5</accuracy></extensions></trkpt>
<trkpt lat="37.9010163" lon="127.2105988"><time>2026-09-10T06:06:23Z</time><extensions><accuracy>7.4</accuracy></extensions></trkpt>
<trkpt lat="37.9010118" lon="127.2106308"><time>2026-09-10T06:06:24Z</time><extensions><accuracy>9.4</accuracy></extensions></trkpt>
<trkpt lat="37.9009989" lon="127.2106777"><time>2026-09-10T06:06:25Z</time><extensions><accuracy>6.2</accuracy></extensions></trkpt>
<trkpt lat="37.9010004" lon="127.2107121"><time>2026-09-10T06:06:26Z</time><extensions><accuracy>6.8</accuracy></extensions></trkpt>
<trkpt lat="37.9010013" lon="127.2107512"><time>2026-09-10T06:06:27Z</time><extensions><accuracy>9.3</accuracy></extensions></trkpt>
<trkpt lat="37.9009902" lon="127.2107990"><time>2026-09-10T06:06:28Z</time><extensions><accuracy>9.7</accuracy></extensions></trkpt>
<trkpt lat="37.9009983" lon="127.2108443"><time>2026-09-10T06:06:29Z</time><extensions><accuracy>6.7</accuracy></extensions></trkpt>
<trkpt lat="37.9010053" lon="127.2108639"><time>2026-09-10T06:06:30Z</time><extensions><accuracy>7.5</accuracy></extensions></trkpt>
<trkpt lat="37.9009898" lon="127.2109142"><time>2026-09-10T06:06:31Z</time><extensions><accuracy>6.2</accuracy></extensions></trkpt>
<trkpt lat="37.9009836" lon="127.2109670"><time>2026-09-10T06:06:32Z</time><extensions><accuracy>6.7</accuracy></extensions></trkpt>
<trkpt lat="37.9009743" lon="127.2110138"><time>2026-09-10T06:06:33Z</time><extensions><accuracy>8.8</accuracy></extensions></trkpt>
<trkpt lat="37.9009544" lon="127.2110609"><time>2026-09-10T06:06:34Z</time><extensions><accuracy>6.9</accuracy></extensions></trkpt>
<trkpt lat="37.9009461" lon="127.2110917"><time>2026-09-10T06:06:35Z</time><extensions><accuracy>7.0</accuracy></extensions></trkpt>
<trkpt lat="37.9009348" lon="127.2111267"><time>2026-09-10T06:06:36Z</time><extensions><accuracy>8.7</accuracy></extensions></trkpt>
<trkpt lat="37.9009179" lon="127.2111785"><time>2026-09-10T06:06:37Z</time><extensions><accuracy>9.0</accuracy></extensions></trkpt>
<trkpt lat="37.9009039" lon="127.2112076"><time>2026-09-10T06:06:38Z</time><extensions><accuracy>8.4</accuracy></extensions></trkpt>
<trkpt lat="37.9009036" lon="127.2112208"><time>2026-09-10T06:06:39Z</time><extensions><accuracy>6.2</accuracy></extensions></trkpt>
<trkpt lat="37.9008899" lon="127.2112575"><time>2026-09-10T06:06:40Z</time><extensions><accuracy>8.0</accuracy></extensions></trkpt>
<trkpt lat="37.9008810" lon="127.2112903"><time>2026-09-10T06:06:41Z</time><extensions><accuracy>9.6</accuracy></extensions></trkpt>
<trkpt lat="37.9008854" lon="127.2113316"><time>2026-09-10T06:06:42Z</time><extensions><accuracy>9.3</accuracy></extensions></trkpt>
<trkpt lat="37.9008718" lon="127.2113748"><time>2026-09-10T06:06:43Z</time><extensions><accuracy>10.0</accuracy></extensions></trkpt>
<trkpt lat="37.9008556" lon="127.2114365"><time>2026-09-10T06:06:44Z</time><extensions><accuracy>8.9</accuracy></extensions></trkpt>
<trkpt lat="37.9008601" lon="127.2114884"><time>2026-09-10T06:06:45Z</time><extensions><accuracy>8.3</accuracy></extensions></trkpt>
<trkpt lat="37.9008391" lon="127.2115311"><time>2026-09-10T06:06:46Z</time><extensions><accuracy>9.4</accuracy></extensions></trkpt>
<trkpt lat="37.9008202" lon="127.2115766"><time>2026-09-10T06:06:47Z</time><extensions><accuracy>9.5</accuracy></extensions></trkpt>
<trkpt lat="37.9008173" lon="127.2116078"><time>2026-09-10T06:06:48Z</time><extensions><accuracy>8.3</accuracy></extensions></trkpt>
<trkpt lat="37.9008116" lon="127.2116298"><time>2026-09-10T06:06:49Z</time><extensions><accuracy>6.4</accuracy></extensions></trkpt>
<trkpt lat="37.9008228" lon="127.2116522"><time>2026-09-10T06:06:50Z</time><extensions><accuracy>7.2</accuracy></extensions></trkpt>
<trkpt lat="37.9008359" lon="127.2116919"><time>2026-09-10T06:06:51Z</time><extensions><accuracy>8.2</accuracy></extensions></trkpt>
<trkpt lat="37.9008260" lon="127.2117356"><time>2026-09-10T06:06:52Z</time><extensions><accuracy>9.0</accuracy></extensions></trkpt>
<trkpt lat="37.9008155" lon="127.2117637"><time>2026-09-10T06:06:53Z</time><extensions><accuracy>8.7</accuracy></extensions></trkpt>
<trkpt lat="37.9007980" lon="127.2118012"><time>2026-09-10T06:06:54Z</time><extensions><accuracy>7.9</accuracy></extensions></trkpt>
<trkpt lat="37.9007783" lon="127.2118377"><time>2026-09-10T06:06:55Z</time><extensions><accuracy>8.8</accuracy></extensions></trkpt>
<trkpt lat="37.9007701" lon="127.2118364"><time>2026-09-10T06:06:56Z</time><extensions><accuracy>6.4</accuracy></extensions></trkpt>
<trkpt lat="37.9007769" lon="127.2118519"><time>2026-09-10T06:06:57Z</time><extensions><accuracy>8.9</accuracy></extensions></trkpt>
<trkpt lat="37.9007657" lon="127.2118643"><time>2026-09-10T06:06:58Z</time><extensions><accuracy>6.8</accuracy></extensions></trkpt>
<trkpt lat="37.9007796" lon="127.2118713"><time>2026-09-10T06:06:59Z</time><extensions><accuracy>6.4</accuracy></extensions></trkpt>
<trkpt lat="37.9007902" lon="127.2118939"><time>2026-09-10T06:07:00Z</time><extensions><accuracy>47.6</accuracy></extensions></trkpt>
<trkpt lat="37.9008251" lon="127.2118467"><time>2026-09-10T06:07:01Z</time><extensions><accuracy>58.1</accuracy></extensions></trkpt>
<trkpt lat="37.9008178" lon="127.2118948"><time>2026-09-10T06:07:02Z</time><extensions><accuracy>36.7</accuracy></extensions></trkpt>
<trkpt lat="37.9008623" lon="127.2118753"><time>2026-09-10T06:07:03Z</time><extensions><accuracy>37.9</accuracy></extensions></trkpt>
<trkpt lat="37.9008855" lon="127.2118684"><time>2026-09-10T06:07:04Z</time><extensions><accuracy>41.6</accuracy></extensions></trkpt>
<trkpt lat="37.9008906" lon="127.2119057"><time>2026-09-10T06:07:05Z</time><extensions><accuracy>47.8</accuracy></extensions></trkpt>
<trkpt lat="37.9008766" lon="127.2117905"><time>2026-09-10T06:07:06Z</time><extensions><accuracy>54.8</accuracy></extensions></trkpt>
<trkpt lat="37.9008729" lon="127.2117576"><time>2026-09-10T06:07:07Z</time><extensions><accuracy>52.6</accuracy></extensions></trkpt>
<trkpt lat="37.9008361" lon="127.2118447"><time>2026-09-10T06:07:08Z</time><extensions><accuracy>59.4</accuracy></extensions></trkpt>
<trkpt lat="37.9008282" lon="127.2119104"><time>2026-09-10T06:07:09Z</time><extensions><accuracy>51.7</accuracy></extensions></trkpt>
<trkpt lat="37.9008252" lon="127.2118464"><time>2026-09-10T06:07:10Z</time><extensions><accuracy>56.8</accuracy></extensions></trkpt>
<trkpt lat="37.9008348" lon="127.2118100"><time>2026-09-10T06:07:11Z</time><extensions><accuracy>45.7</accuracy></extensions></trkpt>
<trkpt lat="37.9008231" lon="127.2118250"><time>2026-09-10T06:07:12Z</time><extensions><accuracy>49.6</accuracy></extensions></trkpt>
<trkpt lat="37.9008391" lon="127.2119158"><time>2026-09-10T06:07:13Z</time><extensions><accuracy>51.0</accuracy></extensions></trkpt>
<trkpt lat="37.9008763" lon="127.2118444"><time>2026-09-10T06:07:14Z</time><extensions><accuracy>58.8</accuracy></extensions></trkpt>
<trkpt lat="37.9008071" lon="127.2118162"><time>2026-09-10T06:07:15Z</time><extensions><accuracy>36.1</accuracy></extensions></trkpt>
<trkpt lat="37.9008711" lon="127.2119458"><time>2026-09-10T06:07:16Z</time><extensions><accuracy>40.1</accuracy></extensions></trkpt>
<trkpt lat="37.9008658" lon="127.2119130"><time>2026-09-10T06:07:17Z</time><extensions><accuracy>47.1</accuracy></extensions></trkpt>
<trkpt lat="37.9008427" lon="127.2118929"><time>2026-09-10T06:07:18Z</time><extensions><accuracy>51.7</accuracy></extensions></trkpt>
<trkpt lat="37.9008577" lon="127.2118737"><time>2026-09-10T06:07:19Z</time><extensions><accuracy>50.6</accuracy></extensions></trkpt>
<trkpt lat="37.9008640" lon="127.2118229"><time>2026-09-10T06:07:20Z</time><extensions><accuracy>37.1</accuracy></extensions></trkpt>
<trkpt lat="37.9008356" lon="127.2117997"><time>2026-09-10T06:07:21Z</time><extensions><accuracy>59.9</accuracy></extensions></trkpt>
<trkpt lat="37.9008210" lon="127.2118855"><time>2026-09-10T06:07:22Z</time><extensions><accuracy>35.0</accuracy></extensions></trkpt>
<trkpt lat="37.9007826" lon="127.2118806"><time>2026-09-10T06:07:23Z</time><extensions><accuracy>35.8</accuracy></extensions></trkpt>
<trkpt lat="37.9007970" lon="127.2118312"><time>2026-09-10T06:07:24Z</time><extensions><accuracy>37.5</accuracy></extensions></trkpt>
<trkpt lat="37.9007785" lon="127.2117932"><time>2026-09-10T06:07:25Z</time><extensions><accuracy>46.1</accuracy></extensions></trkpt>
<trkpt lat="37.9007917" lon="127.2117516"><time>2026-09-10T06:07:26Z</time><extensions><accuracy>46.3</accuracy></extensions></trkpt>
<trkpt lat="37.9008223" lon="127.2117851"><time>2026-09-10T06:07:27Z</time><extensions><accuracy>45.4</accuracy></extensions></trkpt>
<trkpt lat="37.9007927" lon="127.2117652"><time>2026-09-10T06:07:28Z</time><extensions><accuracy>48.6</accuracy></extensions></trkpt>
<trkpt lat="37.9007783" lon="127.2118016"><time>2026-09-10T06:07:29Z</time><extensions><accuracy>35.7</accuracy></extensions></trkpt>
<trkpt lat="37.9007775" lon="127.2118303"><time>2026-09-10T06:07:30Z</time><extensions><accuracy>8.3</accuracy></extensions></trkpt>
<trkpt lat="37.9007691" lon="127.2118138"><time>2026-09-10T06:07:31Z</time><extensions><accuracy>8.4</accuracy></extensions></trkpt>
<trkpt lat="37.9007620" lon="127.2118233"><time>2026-09-10T06:07:32Z</time><extensions><accuracy>8.1</accuracy></extensions></trkpt>
<trkpt lat="37.9007675" lon="127.2118108"><time>2026-09-10T06:07:33Z</time><extensions><accuracy>6.3</accuracy></extensions></trkpt>
<trkpt lat="37.9007824" lon="127.2118066"><time>2026-09-10T06:07:34Z</time><extensions><accuracy>6.4</accuracy></extensions></trkpt>
<trkpt lat="37.9007779" lon="127.2118138"><time>2026-09-10T06:07:35Z</time><extensions><accuracy>8.5</accuracy></extensions></trkpt>
<trkpt lat="37.9007843" lon="127.2118297"><time>2026-09-10T06:07:36Z</time><extensions><accuracy>10.0</accuracy></extensions></trkpt>
<trkpt lat="37.9007946" lon="127.2118446"><time>2026-09-10T06:07:37Z</time><extensions><accuracy>10.0</accuracy></extensions></trkpt>
<trkpt lat="37.9007953" lon="127.2118795"><time>2026-09-10T06:07:38Z</time><extensions><accuracy>7.9</accuracy></extensions></trkpt>
<trkpt lat="37.9008082" lon="127.2118815"><time>2026-09-10T06:07:39Z</time><extensions><accuracy>7.7</accuracy></extensions></trkpt>
<trkpt lat="37.9008019" lon="127.2118544"><time>2026-09-10T06:07:40Z</time><extensions><accuracy>6.0</accuracy></extensions></trkpt>
<trkpt lat="37.9008078" lon="127.2119019"><time>2026-09-10T06:07:41Z</time><extensions><accuracy>9.6</accuracy></extensions></trkpt>
<trkpt lat="37.9007872" lon="127.2119446"><time>2026-09-10T06:07:42Z</time><extensions><accuracy>7.2</accuracy></extensions></trkpt>
<trkpt lat="37.9007869" lon="127.2119997"><time>2026-09-10T06:07:43Z</time><extensions><accuracy>7.2</accuracy></extensions></trkpt>
<trkpt lat="37.9007787" lon="127.2120383"><time>2026-09-10T06:07:44Z</time><extensions><accuracy>6.4</accuracy></extensions></trkpt>
<trkpt lat="37.9007686" lon="127.2120833"><time>2026-09-10T06:07:45Z</time><extensions><accuracy>9.9</accuracy></extensions></trkpt>
<trkpt lat="37.9007378" lon="127.2121177"><time>2026-09-10T06:07:46Z</time><extensions><accuracy>9.0</accuracy></extensions></trkpt>
<trkpt lat="37.9007236" lon="127.2121527"><time>2026-09-10T06:07:47Z</time><extensions><accuracy>8.0</accuracy></extensions></trkpt>
<trkpt lat="37.9006838" lon="127.2121892"><time>2026-09-10T06:07:48Z</time><extensions><accuracy>8.7</accuracy></extensions></trkpt>
<trkpt lat="37.9006894" lon="127.2122375"><time>2026-09-10T06:07:49Z</time><extensions><accuracy>6.0</accuracy></extensions></trkpt>
<trkpt lat="37.9006631" lon="127.2122870"><time>2026-09-10T06:07:50Z</time><extensions><accuracy>9.7</accuracy></extensions></trkpt>
<trkpt lat="37.9006432" lon="127.2123353"><time>2026-09-10T06:07:51Z</time><extensions><accuracy>8.2</accuracy></extensions></trkpt>
<trkpt lat="37.9006428" lon="127.2123752"><time>2026-09-10T06:07:52Z</time><extensions><accuracy>8.4</accuracy></extensions></trkpt>
<trkpt lat="37.9006316" lon="127.2124289"><time>2026-09-10T06:07:53Z</time><extensions><accuracy>9.0</accuracy></extensions></trkpt>
<trkpt lat="37.9006106" lon="127.2124817"><time>2026-09-10T06:07:54Z</time><extensions><accuracy>7.0</accuracy></extensions></trkpt>
<trkpt lat="37.9006125" lon="127.2125133"><time>2026-09-10T06:07:55Z</time><extensions><accuracy>9.0</accuracy></extensions></trkpt>
<trkpt lat="37.9005993" lon="127.2125537"><time>2026-09-10T06:07:56Z</time><extensions><accuracy>6.8</accuracy></extensions></trkpt>
<trkpt lat="37.9005746" lon="127.2125797"><time>2026-09-10T06:07:57Z</time><extensions><accuracy>7.0</accuracy></extensions></trkpt>
<trkpt lat="37.9005659" lon="127.2126221"><time>2026-09-10T06:07:58Z</time><extensions><accuracy>7.0</accuracy></extensions></trkpt>
<trkpt lat="37.9005460" lon="127.2126583"><time>2026-09-10T06:07:59Z</time><extensions><accuracy>6.7</accuracy></extensions></trkpt>
<trkpt lat="37.9005257" lon="127.2126894"><time>2026-09-10T06:08:00Z</time><extensions><accuracy>9.5</accuracy></extensions></trkpt>
<trkpt lat="37.9005326" lon="127.2127316"><time>2026-09-10T06:08:01Z</time><extensions><accuracy>7.7</accuracy></extensions></trkpt>
<trkpt lat="37.9005089" lon="127.2127851"><time>2026-09-10T06:08:02Z</time><extensions><accuracy>9.0</accuracy></extensions></trkpt>
<trkpt lat="37.9004990" lon="127.2128305"><time>2026-09-10T06:08:03Z</time><extensions><accuracy>7.1</accuracy></extensions></trkpt>
<trkpt lat="37.9004746" lon="127.2128528"><time>2026-09-10T06:08:04Z</time><extensions><accuracy>6.8</accuracy></extensions></trkpt>
<trkpt lat="37.9004784" lon="127.2129031"><time>2026-09-10T06:08:05Z</time><extensions><accuracy>8.9</accuracy></extensions></trkpt>
<trkpt lat="37.9004565" lon="127.2129495"><time>2026-09-10T06:08:06Z</time><extensions><accuracy>7.9</accuracy></extensions></trkpt>
<trkpt lat="37.9004479" lon="127.2129974"><time>2026-09-10T06:08:07Z</time><extensions><accuracy>7.7</accuracy></extensions></trkpt>
<trkpt lat="37.9004301" lon="127.2130002"><time>2026-09-10T06:08:08Z</time><extensions><accuracy>8.6</accuracy></extensions></trkpt>
<trkpt lat="37.9004333" lon="127.2130194"><time>2026-09-10T06:08:09Z</time><extensions><accuracy>6.8</accuracy></extensions></trkpt>
<trkpt lat="37.9004260" lon="127.2130546"><time>2026-09-10T06:08:10Z</time><extensions><accuracy>8.9</accuracy></extensions></trkpt>
<trkpt lat="37.9004167" lon="127.2130864"><time>2026-09-10T06:08:11Z</time><extensions><accuracy>9.1</accuracy></extensions></trkpt>
<trkpt lat="37.9004113" lon="127.2131189"><time>2026-09-10T06:08:12Z</time><extensions><accuracy>8.4</accuracy></extensions></trkpt>
<trkpt lat="37.9004065" lon="127.2131469"><time>2026-09-10T06:08:13Z</time><extensions><accuracy>9.4</accuracy></extensions></trkpt>
<trkpt lat="37.9003956" lon="127.2132099"><time>2026-09-10T06:08:14Z</time><extensions><accuracy>6.6</accuracy></extensions></trkpt>
<trkpt lat="37.9003750" lon="127.2132594"><time>2026-09-10T06:08:15Z</time><extensions><accuracy>7.7</accuracy></extensions></trkpt>
<trkpt lat="37.9003593" lon="127.2132968"><time>2026-09-10T06:08:16Z</time><extensions><accuracy>9.7</accuracy></extensions></trkpt>
<trkpt lat="37.9003391" lon="127.2133442"><time>2026-09-10T06:08:17Z</time><extensions><accuracy>9.8</accuracy></extensions></trkpt>
<trkpt lat="37.9003226" lon="127.2133841"><time>2026-09-10T06:08:18Z</time><extensions><accuracy>9.9</accuracy></extensions></trkpt>
<trkpt lat="37.9003072" lon="127.2134278"><time>2026-09-10T06:08:19Z</time><extensions><accuracy>9.6</accuracy></extensions></trkpt>
<trkpt lat="37.9002946" lon="127.2134914"><time>2026-09-10T06:08:20Z</time><extensions><accuracy>9.8</accuracy></extensions></trkpt>
<trkpt lat="37.9002760" lon="127.2135325"><time>2026-09-10T06:08:21Z</time><extensions><accuracy>7.3</accuracy></extensions></trkpt>
<trkpt lat="37.9002495" lon="127.2135586"><time>2026-09-10T06:08:22Z</time><extensions><accuracy>8.2</accuracy></extensions></trkpt>
<trkpt lat="37.9002275" lon="127.2136163"><time>2026-09-10T06:08:23Z</time><extensions><accuracy>8.0</accuracy></extensions></trkpt>
<trkpt lat="37.9002125" lon="127.2136206"><time>2026-09-10T06:08:24Z</time><extensions><accuracy>9.7</accuracy></extensions></trkpt>
<trkpt lat="37.9001969" lon="127.2136623"><time>2026-09-10T06:08:25Z</time><extensions><accuracy>6.3</accuracy></extensions></trkpt>
<trkpt lat="37.9002050" lon="127.2136879"><time>2026-09-10T06:08:26Z</time><extensions><accuracy>6.6</accuracy></extensions></trkpt>
<trkpt lat="37.9001827" lon="127.2137176"><time>2026-09-10T06:08:27Z</time><extensions><accuracy>9.7</accuracy></extensions></trkpt>
<trkpt lat="37.9001886" lon="127.2137606"><time>2026-09-10T06:08:28Z</time><extensions><accuracy>7.7</accuracy></extensions></trkpt>
<trkpt lat="37.9001640" lon="127.2138258"><time>2026-09-10T06:08:29Z</time><extensions><accuracy>7.1</accuracy></extensions></trkpt>
<trkpt lat="37.9001547" lon="127.2138503"><time>2026-09-10T06:08:30Z</time><extensions><accuracy>6.8</accuracy></extensions></trkpt>
<trkpt lat="37.9001551" lon="127.2139000"><time>2026-09-10T06:08:31Z</time><extensions><accuracy>8.7</accuracy></extensions></trkpt>
<trkpt lat="37.9001265" lon="127.2139470"><time>2026-09-10T06:08:32Z</time><extensions><accuracy>7.6</accuracy></extensions></trkpt>
<trkpt lat="37.9001075" lon="127.2139835"><time>2026-09-10T06:08:33Z</time><extensions><accuracy>8.4</accuracy></extensions></trkpt>
<trkpt lat="37.9001110" lon="127.2140170"><time>2026-09-10T06:08:34Z</time><extensions><accuracy>8.3</accuracy></extensions></trkpt>
<trkpt lat="37.9000958" lon="127.2140571"><time>2026-09-10T06:08:35Z</time><extensions><accuracy>7.4</accuracy></extensions></trkpt>
<trkpt lat="37.9000697" lon="127.2141020"><time>2026-09-10T06:08:36Z</time><extensions><accuracy>6.5</accuracy></extensions></trkpt>
<trkpt lat="37.9000449" lon="127.2141402"><time>2026-09-10T06:08:37Z</time><extensions><accuracy>7.6</accuracy></extensions></trkpt>
<trkpt lat="37.9000273" lon="127.2141529"><time>2026-09-10T06:08:38Z</time><extensions><accuracy>7.9</accuracy></extensions></trkpt>
<trkpt lat="37.9000017" lon="127.2141824"><time>2026-09-10T06:08:39Z</time><extensions><accuracy>9.1</accuracy></extensions></trkpt>
<trkpt lat="37.8999894" lon="127.2141979"><time>2026-09-10T06:08:40Z</time><extensions><accuracy>6.7</accuracy></extensions></trkpt>
<trkpt lat="37.8999477" lon="127.2142249"><time>2026-09-10T06:08:41Z</time><extensions><accuracy>7.5</accuracy></extensions></trkpt>
<trkpt lat="37.8999217" lon="127.2142652"><time>2026-09-10T06:08:42Z</time><extensions><accuracy>7.5</accuracy></extensions></trkpt>
<trkpt lat="37.8998906" lon="127.2142902"><time>2026-09-10T06:08:43Z</time><extensions><accuracy>6.0</accuracy></extensions></trkpt>
<trkpt lat="37.8998603" lon="127.2143249"><time>2026-09-10T06:08:44Z</time><extensions><accuracy>8.0</accuracy></extensions></trkpt>
<trkpt lat="37.8998549" lon="127.2143916"><time>2026-09-10T06:08:45Z</time><extensions><accuracy>8.9</accuracy></extensions></trkpt>
<trkpt lat="37.8998410" lon="127.2144130"><time>2026-09-10T06:08:46Z</time><extensions><accuracy>6.5</accuracy></extensions></trkpt>
<trkpt lat="37.8998217" lon="127.2144472"><time>2026-09-10T06:08:47Z</time><extensions><accuracy>9.2</accuracy></extensions></trkpt>
<trkpt lat="37.8998142" lon="127.2144522"><time>2026-09-10T06:08:48Z</time><extensions><accuracy>8.2</accuracy></extensions></trkpt>
<trkpt lat="37.8997982" lon="127.2144812"><time>2026-09-10T06:08:49Z</time><extensions><accuracy>9.5</accuracy></extensions></trkpt>
<trkpt lat="37.8997930" lon="127.2145258"><time>2026-09-10T06:08:50Z</time><extensions><accuracy>7.5</accuracy></extensions></trkpt>
<trkpt lat="37.8997714" lon="127.2145295"><time>2026-09-10T06:08:51Z</time><extensions><accuracy>7.8</accuracy></extensions></trkpt>
<trkpt lat="37.8997405" lon="127.2145339"><time>2026-09-10T06:08:52Z</time><extensions><accuracy>10.0</accuracy></extensions></trkpt>
<trkpt lat="37.8997408" lon="127.2145802"><time>2026-09-10T06:08:53Z</time><extensions><accuracy>8.2</accuracy></extensions></trkpt>
<trkpt lat="37.8997375" lon="127.2146249"><time>2026-09-10T06:08:54Z</time><extensions><accuracy>6.4</accuracy></extensions></trkpt>
<trkpt lat="37.8997137" lon="127.2146522"><time>2026-09-10T06:08:55Z</time><extensions><accuracy>7.1</accuracy></extensions></trkpt>
<trkpt lat="37.8996907" lon="127.2146787"><time>2026-09-10T06:08:56Z</time><extensions><accuracy>6.8</accuracy></extensions></trkpt>
<trkpt lat="37.8996756" lon="127.2147055"><time>2026-09-10T06:08:57Z</time><extensions><accuracy>8.0</accuracy></extensions></trkpt>
<trkpt lat="37.8996524" lon="127.2147165"><time>2026-09-10T06:08:58Z</time><extensions><accuracy>8.8</accuracy></extensions></trkpt>
<trkpt lat="37.8996292" lon="127.2147459"><time>2026-09-10T06:08:59Z</time><extensions><accuracy>9.1</accuracy></extensions></trkpt>
<trkpt lat="37.8995777" lon="127.2147690"><time>2026-09-10T06:09:00Z</time><extensions><accuracy>6.8</accuracy></extensions></trkpt>
<trkpt lat="37.8995515" lon="127.2147972"><time>2026-09-10T06:09:01Z</time><extensions><accuracy>6.9</accuracy></extensions></trkpt>
<trkpt lat="37.8995177" lon="127.2148351"><time>2026-09-10T06:09:02Z</time><extensions><accuracy>9.4</accuracy></extensions></trkpt>
<trkpt lat="37.8995092" lon="127.2148842"><time>2026-09-10T06:09:03Z</time><extensions><accuracy>8.7</accuracy></extensions></trkpt>
<trkpt lat="37.8994939" lon="127.2149060"><time>2026-09-10T06:09:04Z</time><extensions><accuracy>9.2</accuracy></extensions></trkpt>
<trkpt lat="37.8994846" lon="127.2149633"><time>2026-09-10T06:09:05Z</time><extensions><accuracy>6.9</accuracy></extensions></trkpt>
<trkpt lat="37.8994519" lon="127.2150040"><time>2026-09-10T06:09:06Z</time><extensions><accuracy>7.8</accuracy></extensions></trkpt>
<trkpt lat="37.8994260" lon="127.2150448"><time>2026-09-10T06:09:07Z</time><extensions><accuracy>8.8</accuracy></extensions></trkpt>
<trkpt lat="37.8994059" lon="127.2150615"><time>2026-09-10T06:09:08Z</time><extensions><accuracy>9.1</accuracy></extensions></trkpt>
<trkpt lat="37.8994005" lon="127.2150805"><time>2026-09-10T06:09:09Z</time><extensions><accuracy>6.3</accuracy></extensions></trkpt>
<trkpt lat="37.8993544" lon="127.2151303"><time>2026-09-10T06:09:10Z</time><extensions><accuracy>8.4</accuracy></extensions></trkpt>
<trkpt lat="37.8993339" lon="127.2151651"><time>2026-09-10T06:09:11Z</time><extensions><accuracy>7.7</accuracy></extensions></trkpt>
<trkpt lat="37.8993035" lon="127.2151853"><time>2026-09-10T06:09:12Z</time><extensions><accuracy>7.4</accuracy></extensions></trkpt>
<trkpt lat="37.8992748" lon="127.2152011"><time>2026-09-10T06:09:13Z</time><extensions><accuracy>9.8</accuracy></extensions></trkpt>
<trkpt lat="37.8992411" lon="127.2152184"><time>2026-09-10T06:09:14Z</time><extensions><accuracy>8.6</accuracy></extensions></trkpt>
<trkpt lat="37.8992075" lon="127.2152457"><time>2026-09-10T06:09:15Z</time><extensions><accuracy>8.0</accuracy></extensions></trkpt>
<trkpt lat="37.8991943" lon="127.2152987"><time>2026-09-10T06:09:16Z</time><extensions><accuracy>9.3</accuracy></extensions></trkpt>
<trkpt lat="37.8991761" lon="127.2153226"><time>2026-09-10T06:09:17Z</time><extensions><accuracy>7.2</accuracy></extensions></trkpt>
<trkpt lat="37.8991384" lon="127.2153591"><time>2026-09-10T06:09:18Z</time><extensions><accuracy>7.9</accuracy></extensions></trkpt>
<trkpt lat="37.8991175" lon="127.2153948"><time>2026-09-10T06:09:19Z</time><extensions><accuracy>6.8</accuracy></extensions></trkpt>
<trkpt lat="37.8990966" lon="127.2154223"><time>2026-09-10T06:09:20Z</time><extensions><accuracy>8.2</accuracy></extensions></trkpt>
<trkpt lat="37.8990846" lon="127.2154839"><time>2026-09-10T06:09:21Z</time><extensions><accuracy>6.7</accuracy></extensions></trkpt>
<trkpt lat="37.8990546" lon="127.2155051"><time>2026-09-10T06:09:22Z</time><extensions><accuracy>7.8</accuracy></extensions></trkpt>
<trkpt lat="37.8990399" lon="127.2155118"><time>2026-09-10T06:09:23Z</time><extensions><accuracy>8.6</accuracy></extensions></trkpt>
<trkpt lat="37.8990061" lon="127.2155451"><time>2026-09-10T06:09:24Z</time><extensions><accuracy>6.0</accuracy></extensions></trkpt>
<trkpt lat="37.8989873" lon="127.2155599"><time>2026-09-10T06:09:25Z</time><extensions><accuracy>6.2</accuracy></extensions></trkpt>
<trkpt lat="37.8989552" lon="127.2155739"><time>2026-09-10T06:09:26Z</time><extensions><accuracy>7.2</accuracy></extensions></trkpt>
<trkpt lat="37.8989426" lon="127.2155886"><time>2026-09-10T06:09:27Z</time><extensions><accuracy>8.0</accuracy></extensions></trkpt>
<trkpt lat="37.8989338" lon="127.2156244"><time>2026-09-10T06:09:28Z</time><extensions><accuracy>7.4</accuracy></extensions></trkpt>
<trkpt lat="37.8989010" lon="127.2156495"><time>2026-09-10T06:09:29Z</time><extensions><accuracy>7.5</accuracy></extensions></trkpt>
<trkpt lat="37.8988850" lon="127.2156796"><time>2026-09-10T06:09:30Z</time><extensions><accuracy>6.0</accuracy></extensions></trkpt>
<trkpt lat="37.8988710" lon="127.2156924"><time>2026-09-10T06:09:31Z</time><extensions><accuracy>6.4</accuracy></extensions></trkpt>
<trkpt lat="37.8988437" lon="127.2157013"><time>2026-09-10T06:09:32Z</time><extensions><accuracy>7.0</accuracy></extensions></trkpt>
<trkpt lat="37.8988204" lon="127.2157204"><time>2026-09-10T06:09:33Z</time><extensions><accuracy>6.2</accuracy></extensions></trkpt>
<trkpt lat="37.8988028" lon="127.2157592"><time>2026-09-10T06:09:34Z</time><extensions><accuracy>10.0</accuracy></extensions></trkpt>
<trkpt lat="37.8987923" lon="127.2157681"><time>2026-09-10T06:09:35Z</time><extensions><accuracy>7.0</accuracy></extensions></trkpt>
<trkpt lat="37.8987747" lon="127.2158100"><time>2026-09-10T06:09:36Z</time><extensions><accuracy>8.3</accuracy></extensions></trkpt>
<trkpt lat="37.8987733" lon="127.2158503"><time>2026-09-10T06:09:37Z</time><extensions><accuracy>8.8</accuracy></extensions></trkpt>
<trkpt lat="37.8987627" lon="127.2158692"><time>2026-09-10T06:09:38Z</time><extensions><accuracy>9.4</accuracy></extensions></trkpt>
<trkpt lat="37.8987444" lon="127.2158958"><time>2026-09-10T06:09:39Z</time><extensions><accuracy>8.5</accuracy></extensions></trkpt>
<trkpt lat="37.8987219" lon="127.2159303"><time>2026-09-10T06:09:40Z</time><extensions><accuracy>7.2</accuracy></extensions></trkpt>
<trkpt lat="37.8987095" lon="127.2159713"><time>2026-09-10T06:09:41Z</time><extensions><accuracy>9.2</accuracy></extensions></trkpt>
<trkpt lat="37.8986947" lon="127.2159815"><time>2026-09-10T06:09:42Z</time><extensions><accuracy>7.6</accuracy></extensions></trkpt>
<trkpt lat="37.8986675" lon="127.2160056"><time>2026-09-10T06:09:43Z</time><extensions><accuracy>8.7</accuracy></extensions></trkpt>
<trkpt lat="37.8986304" lon="127.2160442"><time>2026-09-10T06:09:44Z</time><extensions><accuracy>7.1</accuracy></extensions></trkpt>
<trkpt lat="37.8986153" lon="127.2160548"><time>2026-09-10T06:09:45Z</time><extensions><accuracy>8.7</accuracy></extensions></trkpt>
<trkpt lat="37.8985827" lon="127.2160696"><time>2026-09-10T06:09:46Z</time><extensions><accuracy>9.7</accuracy></extensions></trkpt>
<trkpt lat="37.8985537" lon="127.2160713"><time>2026-09-10T06:09:47Z</time><extensions><accuracy>8.0</accuracy></extensions></trkpt>
<trkpt lat="37.8985154" lon="127.2161157"><time>2026-09-10T06:09:48Z</time><extensions><accuracy>7.5</accuracy></extensions></trkpt>
<trkpt lat="37.8984874" lon="127.2161434"><time>2026-09-10T06:09:49Z</time><extensions><accuracy>6.9</accuracy></extensions></trkpt>
<trkpt lat="37.8984519" lon="127.2161718"><time>2026-09-10T06:09:50Z</time><extensions><accuracy>8.6</accuracy></extensions></trkpt>
<trkpt lat="37.8983958" lon="127.2162049"><time>2026-09-10T06:09:51Z</time><extensions><accuracy>8.3</accuracy></extensions></trkpt>
<trkpt lat="37.8983500" lon="127.2162167"><time>2026-09-10T06:09:52Z</time><extensions><accuracy>9.5</accuracy></extensions></trkpt>
<trkpt lat="37.8983354" lon="127.2162669"><time>2026-09-10T06:09:53Z</time><extensions><accuracy>9.5</accuracy></extensions></trkpt>
<trkpt lat="37.8983283" lon="127.2162913"><time>2026-09-10T06:09:54Z</time><extensions><accuracy>9.3</accuracy></extensions></trkpt>
<trkpt lat="37.8983057" lon="127.2163370"><time>2026-09-10T06:09:55Z</time><extensions><accuracy>7.6</accuracy></extensions></trkpt>
<trkpt lat="37.8982790" lon="127.2163429"><time>2026-09-10T06:09:56Z</time><extensions><accuracy>6.8</accuracy></extensions></trkpt>
<trkpt lat="37.8982457" lon="127.2163776"><time>2026-09-10T06:09:57Z</time><extensions><accuracy>9.3</accuracy></extensions></trkpt>
<trkpt lat="37.8966086" lon="127.2175677"><time>2026-09-10T06:10:54Z</time><extensions><accuracy>6.4</accuracy></extensions></trkpt>
<trkpt lat="37.8965876" lon="127.2175754"><time>2026-09-10T06:10:55Z</time><extensions><accuracy>6.2</accuracy></extensions></trkpt>
<trkpt lat="37.8965568" lon="127.2175911"><time>2026-09-10T06:10:56Z</time><extensions><accuracy>6.3</accuracy></extensions></trkpt>
<trkpt lat="37.8965178" lon="127.2175620"><time>2026-09-10T06:10:57Z</time><extensions><accuracy>7.1</accuracy></extensions></trkpt>
<trkpt lat="37.8965002" lon="127.2175551"><time>2026-09-10T06:10:58Z</time><extensions><accuracy>8.5</accuracy></extensions></trkpt>
<trkpt lat="37.8964628" lon="127.2175774"><time>2026-09-10T06:10:59Z</time><extensions><accuracy>8.9</accuracy></extensions></trkpt>
<trkpt lat="37.8964249" lon="127.2175890"><time>2026-09-10T06:11:00Z</time><extensions><accuracy>6.6</accuracy></extensions></trkpt>
<trkpt lat="37.8963882" lon="127.2176203"><time>2026-09-10T06:11:01Z</time><extensions><accuracy>9.0</accuracy></extensions></trkpt>
<trkpt lat="37.8963535" lon="127.2176277"><time>2026-09-10T06:11:02Z</time><extensions><accuracy>8.2</accuracy></extensions></trkpt>
<trkpt lat="37.8963206" lon="127.2176320"><time>2026-09-10T06:11:03Z</time><extensions><accuracy>7.0</accuracy></extensions></trkpt>
<trkpt lat="37.8963016" lon="127.2176427"><time>2026-09-10T06:11:04Z</time><extensions><accuracy>8.7</accuracy></extensions></trkpt>
<trkpt lat="37.8962507" lon="127.2176339"><time>2026-09-10T06:11:05Z</time><extensions><accuracy>9.8</accuracy></extensions></trkpt>
<trkpt lat="37.8962215" lon="127.2176270"><time>2026-09-10T06:11:06Z</time><extensions><accuracy>8.1</accuracy></extensions></trkpt>
<trkpt lat="37.8961771" lon="127.2176404"><time>2026-09-10T06:11:07Z</time><extensions><accuracy>6.8</accuracy></extensions></trkpt>
<trkpt lat="37.8961348" lon="127.2176293"><time>2026-09-10T06:11:08Z</time><extensions><accuracy>7.9</accuracy></extensions></trkpt>
<trkpt lat="37.8961086" lon="127.2176382"><time>2026-09-10T06:11:09Z</time><extensions><accuracy>9.2</accuracy></extensions></trkpt>
<trkpt lat="37.8960614" lon="127.2176304"><time>2026-09-10T06:11:10Z</time><extensions><accuracy>8.8</accuracy></extensions></trkpt>
<trkpt lat="37.8960476" lon="127.2176818"><time>2026-09-10T06:11:11Z</time><extensions><accuracy>6.0</accuracy></extensions></trkpt>
<trkpt lat="37.8960145" lon="127.2176784"><time>2026-09-10T06:11:12Z</time><extensions><accuracy>7.5</accuracy></extensions></trkpt>
<trkpt lat="37.8959723" lon="127.2177008"><time>2026-09-10T06:11:13Z</time><extensions><accuracy>7.6</accuracy></extensions></trkpt>
<trkpt lat="37.8959244" lon="127.2177104"><time>2026-09-10T06:11:14Z</time><extensions><accuracy>9.9</accuracy></extensions></trkpt>
<trkpt lat="37.8958932" lon="127.2177063"><time>2026-09-10T06:11:15Z</time><extensions><accuracy>7.2</accuracy></extensions></trkpt>
<trkpt lat="37.8958689" lon="127.2177176"><time>2026-09-10T06:11:16Z</time><extensions><accuracy>9.0</accuracy></extensions></trkpt>
<trkpt lat="37.8958342" lon="127.2177257"><time>2026-09-10T06:11:17Z</time><extensions><accuracy>9.9</accuracy></extensions></trkpt>
<trkpt lat="37.8958130" lon="127.2177468"><time>2026-09-10T06:11:18Z</time><extensions><accuracy>7.9</accuracy></extensions></trkpt>
<trkpt lat="37.8957791" lon="127.2177335"><time>2026-09-10T06:11:19Z</time><extensions><accuracy>9.4</accuracy></extensions></trkpt>
<trkpt lat="37.8957593" lon="127.2177577"><time>2026-09-10T06:11:20Z</time><extensions><accuracy>6.6</accuracy></extensions></trkpt>
<trkpt lat="37.8957280" lon="127.2177606"><time>2026-09-10T06:11:21Z</time><extensions><accuracy>8.0</accuracy></extensions></trkpt>
<trkpt lat="37.8956910" lon="127.2177695"><time>2026-09-10T06:11:22Z</time><extensions><accuracy>8.9</accuracy></extensions></trkpt>
<trkpt lat="37.8956757" lon="127.2177926"><time>2026-09-10T06:11:23Z</time><extensions><accuracy>9.2</accuracy></extensions></trkpt>
<trkpt lat="37.8956584" lon="127.2178107"><time>2026-09-10T06:11:24Z</time><extensions><accuracy>6.8</accuracy></extensions></trkpt>
<trkpt lat="37.8956198" lon="127.2178150"><time>2026-09-10T06:11:25Z</time><extensions><accuracy>8.1</accuracy></extensions></trkpt>
<trkpt lat="37.8955911" lon="127.2178202"><time>2026-09-10T06:11:26Z</time><extensions><accuracy>9.7</accuracy></extensions></trkpt>
<trkpt lat="37.8955721" lon="127.2178299"><time>2026-09-10T06:11:27Z</time><extensions><accuracy>6.0</accuracy></extensions></trkpt>
<trkpt lat="37.8955489" lon="127.2178629"><time>2026-09-10T06:11:28Z</time><extensions><accuracy>6.4</accuracy></extensions></trkpt>
<trkpt lat="37.8955057" lon="127.2178900"><time>2026-09-10T06:11:29Z</time><extensions><accuracy>6.7</accuracy></extensions></trkpt>
<trkpt lat="37.8954593" lon="127.2178721"><time>2026-09-10T06:11:30Z</time><extensions><accuracy>7.4</accuracy></extensions></trkpt>
<trkpt lat="37.8954183" lon="127.2178695"><time>2026-09-10T06:11:31Z</time><extensions><accuracy>9.2</accuracy></extensions></trkpt>
<trkpt lat="37.8953783" lon="127.2178658"><time>2026-09-10T06:11:32Z</time><extensions><accuracy>7.2</accuracy></extensions></trkpt>
<trkpt lat="37.8953303" lon="127.2178797"><time>2026-09-10T06:11:33Z</time><extensions><accuracy>8.3</accuracy></extensions></trkpt>
<trkpt lat="37.8952947" lon="127.2178534"><time>2026-09-10T06:11:34Z</time><extensions><accuracy>6.8</accuracy></extensions></trkpt>
<trkpt lat="37.8952659" lon="127.2179086"><time>2026-09-10T06:11:35Z</time><extensions><accuracy>6.1</accuracy></extensions></trkpt>
<trkpt lat="37.8952435" lon="127.2179025"><time>2026-09-10T06:11:36Z</time><extensions><accuracy>6.3</accuracy></extensions></trkpt>
<trkpt lat="37.8952135" lon="127.2179128"><time>2026-09-10T06:11:37Z</time><extensions><accuracy>6.3</accuracy></extensions></trkpt>
<trkpt lat="37.8951761" lon="127.2179547"><time>2026-09-10T06:11:38Z</time><extensions><accuracy>9.4</accuracy></extensions></trkpt>
<trkpt lat="37.8951547" lon="127.2179749"><time>2026-09-10T06:11:39Z</time><extensions><accuracy>9.6</accuracy></extensions></trkpt>
<trkpt lat="37.8951255" lon="127.2179770"><time>2026-09-10T06:11:40Z</time><extensions><accuracy>6.6</accuracy></extensions></trkpt>
<trkpt lat="37.8951124" lon="127.2180044"><time>2026-09-10T06:11:41Z</time><extensions><accuracy>6.3</accuracy></extensions></trkpt>
<trkpt lat="37.8950764" lon="127.2180255"><time>2026-09-10T06:11:42Z</time><extensions><accuracy>7.0</accuracy></extensions></trkpt>
<trkpt lat="37.8950227" lon="127.2180499"><time>2026-09-10T06:11:43Z</time><extensions><accuracy>8.2</accuracy></extensions></trkpt>
<trkpt lat="37.8949712" lon="127.2180594"><time>2026-09-10T06:11:44Z</time><extensions><accuracy>7.4</accuracy></extensions></trkpt>
<trkpt lat="37.8949526" lon="127.2180884"><time>2026-09-10T06:11:45Z</time><extensions><accuracy>7.0</accuracy></extensions></trkpt>
<trkpt lat="37.8949397" lon="127.2180754"><time>2026-09-10T06:11:46Z</time><extensions><accuracy>7.3</accuracy></extensions></trkpt>
<trkpt lat="37.8949070" lon="127.2180855"><time>2026-09-10T06:11:47Z</time><extensions><accuracy>7.5</accuracy></extensions></trkpt>
<trkpt lat="37.8948673" lon="127.2180941"><time>2026-09-10T06:11:48Z</time><extensions><accuracy>9.5</accuracy></extensions></trkpt>
<trkpt lat="37.8948410" lon="127.2181263"><time>2026-09-10T06:11:49Z</time><extensions><accuracy>6.7</accuracy></extensions></trkpt>
<trkpt lat="37.8947961" lon="127.2181217"><time>2026-09-10T06:11:50Z</time><extensions><accuracy>6.5</accuracy></extensions></trkpt>
<trkpt lat="37.8947554" lon="127.2181239"><time>2026-09-10T06:11:51Z</time><extensions><accuracy>8.1</accuracy></extensions></trkpt>
<trkpt lat="37.8947367" lon="127.2180988"><time>2026-09-10T06:11:52Z</time><extensions><accuracy>6.8</accuracy></extensions></trkpt>
<trkpt lat="37.8947067" lon="127.2181338"><time>2026-09-10T06:11:53Z</time><extensions><accuracy>8.3</accuracy></extensions></trkpt>
<trkpt lat="37.8946843" lon="127.2181533"><time>2026-09-10T06:11:54Z</time><extensions><accuracy>6.8</accuracy></extensions></trkpt>
<trkpt lat="37.8946491" lon="127.2181512"><time>2026-09-10T06:11:55Z</time><extensions><accuracy>9.3</accuracy></extensions></trkpt>
<trkpt lat="37.8946246" lon="127.2181631"><time>2026-09-10T06:11:56Z</time><extensions><accuracy>9.9</accuracy></extensions></trkpt>
<trkpt lat="37.8945989" lon="127.2181406"><time>2026-09-10T06:11:57Z</time><extensions><accuracy>10.0</accuracy></extensions></trkpt>
<trkpt lat="37.8945747" lon="127.2181306"><time>2026-09-10T06:11:58Z</time><extensions><accuracy>6.3</accuracy></extensions></trkpt>
<trkpt lat="37.8945496" lon="127.2181009"><time>2026-09-10T06:11:59Z</time><extensions><accuracy>6.0</accuracy></extensions></trkpt>
<trkpt lat="37.8944946" lon="127.2181131"><time>2026-09-10T06:12:00Z</time><extensions><accuracy>6.2</accuracy></extensions></trkpt>
<trkpt lat="37.8944576" lon="127.2181394"><time>2026-09-10T06:12:01Z</time><extensions><accuracy>7.3</accuracy></extensions></trkpt>
<trkpt lat="37.8944492" lon="127.2181407"><time>2026-09-10T06:12:02Z</time><extensions><accuracy>7.8</accuracy></extensions></trkpt>
<trkpt lat="37.8944156" lon="127.2181331"><time>2026-09-10T06:12:03Z</time><extensions><accuracy>9.4</accuracy></extensions></trkpt>
<trkpt lat="37.8943726" lon="127.2181271"><time>2026-09-10T06:12:04Z</time><extensions><accuracy>8.7</accuracy></extensions></trkpt>
<trkpt lat="37.8943390" lon="127.2181380"><time>2026-09-10T06:12:05Z</time><extensions><accuracy>8.3</accuracy></extensions></trkpt>
<trkpt lat="37.8943044" lon="127.2181444"><time>2026-09-10T06:12:06Z</time><extensions><accuracy>9.6</accuracy></extensions></trkpt>
<trkpt lat="37.8942567" lon="127.2181440"><time>2026-09-10T06:12:07Z</time><extensions><accuracy>9.9</accuracy></extensions></trkpt>
<trkpt lat="37.8942325" lon="127.2181552"><time>2026-09-10T06:12:08Z</time><extensions><accuracy>7.4</accuracy></extensions></trkpt>
<trkpt lat="37.8941982" lon="127.2181865"><time>2026-09-10T06:12:09Z</time><extensions><accuracy>9.3</accuracy></extensions></trkpt>
<trkpt lat="37.8941733" lon="127.2181797"><time>2026-09-10T06:12:10Z</time><extensions><accuracy>7.2</accuracy></extensions></trkpt>
<trkpt lat="37.8941468" lon="127.2181843"><time>2026-09-10T06:12:11Z</time><extensions><accuracy>7.8</accuracy></extensions></trkpt>
<trkpt lat="37.8941064" lon="127.2181960"><time>2026-09-10T06:12:12Z</time><extensions><accuracy>8.1</accuracy></extensions></trkpt>
<trkpt lat="37.8940719" lon="127.2182053"><time>2026-09-10T06:12:13Z</time><extensions><accuracy>6.9</accuracy></extensions></trkpt>
<trkpt lat="37.8940514" lon="127.2182096"><time>2026-09-10T06:12:14Z</time><extensions><accuracy>9.6</accuracy></extensions></trkpt>
<trkpt lat="37.8940123" lon="127.2182015"><time>2026-09-10T06:12:15Z</time><extensions><accuracy>9.4</accuracy></extensions></trkpt>
<trkpt lat="37.8939861" lon="127.2182033"><time>2026-09-10T06:12:16Z</time><extensions><accuracy>10.0</accuracy></extensions></trkpt>
<trkpt lat="37.8939342" lon="127.2182105"><time>2026-09-10T06:12:17Z</time><extensions><accuracy>6.1</accuracy></extensions></trkpt>
<trkpt lat="37.8938995" lon="127.2182314"><time>2026-09-10T06:12:18Z</time><extensions><accuracy>7.1</accuracy></extensions></trkpt>
<trkpt lat="37.8938857" lon="127.2182286"><time>2026-09-10T06:12:19Z</time><extensions><accuracy>6.3</accuracy></extensions></trkpt>
<trkpt lat="37.8938484" lon="127.2182221"><time>2026-09-10T06:12:20Z</time><extensions><accuracy>6.4</accuracy></extensions></trkpt>
<trkpt lat="37.8938249" lon="127.2182044"><time>2026-09-10T06:12:21Z</time><extensions><accuracy>8.4</accuracy></extensions></trkpt>
<trkpt lat="37.8937811" lon="127.2181845"><time>2026-09-10T06:12:22Z</time><extensions><accuracy>7.1</accuracy></extensions></trkpt>
<trkpt lat="37.8937510" lon="127.2181947"><time>2026-09-10T06:12:23Z</time><extensions><accuracy>6.2</accuracy></extensions></trkpt>
<trkpt lat="37.8937177" lon="127.2182109"><time>2026-09-10T06:12:24Z</time><extensions><accuracy>8.0</accuracy></extensions></trkpt>
<trkpt lat="37.8936955" lon="127.2181980"><time>2026-09-10T06:12:25Z</time><extensions><accuracy>7.0</accuracy></extensions></trkpt>
<trkpt lat="37.8936693" lon="127.2181964"><time>2026-09-10T06:12:26Z</time><extensions><accuracy>6.9</accuracy></extensions></trkpt>
<trkpt lat="37.8936463" lon="127.2181811"><time>2026-09-10T06:12:27Z</time><extensions><accuracy>6.9</accuracy></extensions></trkpt>
<trkpt lat="37.8936426" lon="127.2181670"><time>2026-09-10T06:12:28Z</time><extensions><accuracy>7.8</accuracy></extensions></trkpt>
<trkpt lat="37.8936097" lon="127.2181753"><time>2026-09-10T06:12:29Z</time><extensions><accuracy>9.1</accuracy></extensions></trkpt>
<trkpt lat="37.8935756" lon="127.2181833"><time>2026-09-10T06:12:30Z</time><extensions><accuracy>8.0</accuracy></extensions></trkpt>
<trkpt lat="37.8935433" lon="127.2182011"><time>2026-09-10T06:12:31Z</time><extensions><accuracy>6.9</accuracy></extensions></trkpt>
<trkpt lat="37.8934979" lon="127.2181995"><time>2026-09-10T06:12:32Z</time><extensions><accuracy>8.4</accuracy></extensions></trkpt>
<trkpt lat="37.8934642" lon="127.2181894"><time>2026-09-10T06:12:33Z</time><extensions><accuracy>8.5</accuracy></extensions></trkpt>
<trkpt lat="37.8934215" lon="127.2181854"><time>2026-09-10T06:12:34Z</time><extensions><accuracy>9.4</accuracy></extensions></trkpt>
<trkpt lat="37.8933898" lon="127.2181649"><time>2026-09-10T06:12:35Z</time><extensions><accuracy>9.8</accuracy></extensions></trkpt>
<trkpt lat="37.8933465" lon="127.2181642"><time>2026-09-10T06:12:36Z</time><extensions><accuracy>6.1</accuracy></extensions></trkpt>
<trkpt lat="37.8933270" lon="127.2181681"><time>2026-09-10T06:12:37Z</time><extensions><accuracy>7.5</accuracy></extensions></trkpt>
<trkpt lat="37.8932958" lon="127.2181432"><time>2026-09-10T06:12:38Z</time><extensions><accuracy>7.0</accuracy></extensions></trkpt>
<trkpt lat="37.8932691" lon="127.2181228"><time>2026-09-10T06:12:39Z</time><extensions><accuracy>7.2</accuracy></extensions></trkpt>
<trkpt lat="37.8932359" lon="127.2181214"><time>2026-09-10T06:12:40Z</time><extensions><accuracy>6.3</accuracy></extensions></trkpt>
<trkpt lat="37.8932258" lon="127.2180967"><time>2026-09-10T06:12:41Z</time><extensions><accuracy>7.7</accuracy></extensions></trkpt>
<trkpt lat="37.8931970" lon="127.2180999"><time>2026-09-10T06:12:42Z</time><extensions><accuracy>8.6</accuracy></extensions></trkpt>
<trkpt lat="37.8931521" lon="127.2181084"><time>2026-09-10T06:12:43Z</time><extensions><accuracy>6.8</accuracy></extensions></trkpt>
<trkpt lat="37.8931072" lon="127.2181024"><time>2026-09-10T06:12:44Z</time><extensions><accuracy>6.1</accuracy></extensions></trkpt>
<trkpt lat="37.8930800" lon="127.2180827"><time>2026-09-10T06:12:45Z</time><extensions><accuracy>8.6</accuracy></extensions></trkpt>
<trkpt lat="37.8930457" lon="127.2180917"><time>2026-09-10T06:12:46Z</time><extensions><accuracy>8.4</accuracy></extensions></trkpt>
<trkpt lat="37.8930259" lon="127.2180897"><time>2026-09-10T06:12:47Z</time><extensions><accuracy>8.5</accuracy></extensions></trkpt>
<trkpt lat="37.8929962" lon="127.2180918"><time>2026-09-10T06:12:48Z</time><extensions><accuracy>8.0</accuracy></extensions></trkpt>
<trkpt lat="37.8929587" lon="127.2180909"><time>2026-09-10T06:12:49Z</time><extensions><accuracy>9.3</accuracy></extensions></trkpt>
<trkpt lat="37.8929146" lon="127.2180802"><time>2026-09-10T06:12:50Z</time><extensions><accuracy>7.1</accuracy></extensions></trkpt>
<trkpt lat="37.8928788" lon="127.2180803"><time>2026-09-10T06:12:51Z</time><extensions><accuracy>7.4</accuracy></extensions></trkpt>
<trkpt lat="37.8928428" lon="127.2180674"><time>2026-09-10T06:12:52Z</time><extensions><accuracy>8.0</accuracy></extensions></trkpt>
<trkpt lat="37.8927998" lon="127.2180952"><time>2026-09-10T06:12:53Z</time><extensions><accuracy>8.4</accuracy></extensions></trkpt>
<trkpt lat="37.8927803" lon="127.2181002"><time>2026-09-10T06:12:54Z</time><extensions><accuracy>9.8</accuracy></extensions></trkpt>
<trkpt lat="37.8927660" lon="127.2181071"><time>2026-09-10T06:12:55Z</time><extensions><accuracy>7.4</accuracy></extensions></trkpt>
<trkpt lat="37.8927368" lon="127.2180746"><time>2026-09-10T06:12:56Z</time><extensions><accuracy>9.6</accuracy></extensions></trkpt>
<trkpt lat="37.8926881" lon="127.2180557"><time>2026-09-10T06:12:57Z</time><extensions><accuracy>9.9</accuracy></extensions></trkpt>
<trkpt lat="37.8926701" lon="127.2180227"><time>2026-09-10T06:12:58Z</time><extensions><accuracy>8.6</accuracy></extensions></trkpt>
<trkpt lat="37.8926411" lon="127.2180298"><time>2026-09-10T06:12:59Z</time><extensions><accuracy>7.2</accuracy></extensions></trkpt>
<trkpt lat="37.8925949" lon="127.2180412"><time>2026-09-10T06:13:00Z</time><extensions><accuracy>8.4</accuracy></extensions></trkpt>
<trkpt lat="37.8925574" lon="127.2180127"><time>2026-09-10T06:13:01Z</time><extensions><accuracy>9.4</accuracy></extensions></trkpt>
<trkpt lat="37.8925326" lon="127.2180256"><time>2026-09-10T06:13:02Z</time><extensions><accuracy>8.8</accuracy></extensions></trkpt>
<trkpt lat="37.8925135" lon="127.2180015"><time>2026-09-10T06:13:03Z</time><extensions><accuracy>6.5</accuracy></extensions></trkpt>
<trkpt lat="37.8924864" lon="127.2180074"><time>2026-09-10T06:13:04Z</time><extensions><accuracy>7.1</accuracy></extensions></trkpt>
<trkpt lat="37.8924518" lon="127.2179883"><time>2026-09-10T06:13:05Z</time><extensions><accuracy>7.9</accuracy></extensions></trkpt>
<trkpt lat="37.8924082" lon="127.2179822"><time>2026-09-10T06:13:06Z</time><extensions><accuracy>9.5</accuracy></extensions></trkpt>
<trkpt lat="37.8923666" lon="127.2179596"><time>2026-09-10T06:13:07Z</time><extensions><accuracy>9.0</accuracy></extensions></trkpt>
<trkpt lat="37.8923323" lon="127.2179479"><time>2026-09-10T06:13:08Z</time><extensions><accuracy>7.2</accuracy></extensions></trkpt>
<trkpt lat="37.8923036" lon="127.2179289"><time>2026-09-10T06:13:09Z</time><extensions><accuracy>7.0</accuracy></extensions></trkpt>
<trkpt lat="37.8922784" lon="127.2179053"><time>2026-09-10T06:13:10Z</time><extensions><accuracy>6.3</accuracy></extensions></trkpt>
<trkpt lat="37.8922314" lon="127.2178817"><time>2026-09-10T06:13:11Z</time><extensions><accuracy>8.1</accuracy></extensions></trkpt>
<trkpt lat="37.8922005" lon="127.2178699"><time>2026-09-10T06:13:12Z</time><extensions><accuracy>7.3</accuracy></extensions></trkpt>
<trkpt lat="37.8921638" lon="127.2178770"><time>2026-09-10T06:13:13Z</time><extensions><accuracy>9.4</accuracy></extensions></trkpt>
<trkpt lat="37.8921332" lon="127.2178508"><time>2026-09-10T06:13:14Z</time><extensions><accuracy>7.2</accuracy></extensions></trkpt>
<trkpt lat="37.8920934" lon="127.2178632"><time>2026-09-10T06:13:15Z</time><extensions><accuracy>8.4</accuracy></extensions></trkpt>
<trkpt lat="37.8920689" lon="127.2178728"><time>2026-09-10T06:13:16Z</time><extensions><accuracy>9.1</accuracy></extensions></trkpt>
<trkpt lat="37.8920391" lon="127.2178676"><time>2026-09-10T06:13:17Z</time><extensions><accuracy>9.8</accuracy></extensions></trkpt>
<trkpt lat="37.8920143" lon="127.2178510"><time>2026-09-10T06:13:18Z</time><extensions><accuracy>9.7</accuracy></extensions></trkpt>
<trkpt lat="37.8919915" lon="127.2178315"><time>2026-09-10T06:13:19Z</time><extensions><accuracy>9.1</accuracy></extensions></trkpt>
<trkpt lat="37.8919546" lon="127.2178409"><time>2026-09-10T06:13:20Z</time><extensions><accuracy>9.1</accuracy></extensions></trkpt>
<trkpt lat="37.8919180" lon="127.2178263"><time>2026-09-10T06:13:21Z</time><extensions><accuracy>8.0</accuracy></extensions></trkpt>
<trkpt lat="37.8918847" lon="127.2177993"><time>2026-09-10T06:13:22Z</time><extensions><accuracy>8.6</accuracy></extensions></trkpt>
<trkpt lat="37.8918616" lon="127.2177899"><time>2026-09-10T06:13:23Z</time><extensions><accuracy>6.2</accuracy></extensions></trkpt>
<trkpt lat="37.8918300" lon="127.2177441"><time>2026-09-10T06:13:24Z</time><extensions><accuracy>10.0</accuracy></extensions></trkpt>
<trkpt lat="37.8918068" lon="127.2177405"><time>2026-09-10T06:13:25Z</time><extensions><accuracy>9.0</accuracy></extensions></trkpt>
<trkpt lat="37.8917965" lon="127.2176905"><time>2026-09-10T06:13:26Z</time><extensions><accuracy>9.8</accuracy></extensions></trkpt>
<trkpt lat="37.8917599" lon="127.2176540"><time>2026-09-10T06:13:27Z</time><extensions><accuracy>9.3</accuracy></extensions></trkpt>
<trkpt lat="37.8917256" lon="127.2176436"><time>2026-09-10T06:13:28Z</time><extensions><accuracy>9.7</accuracy></extensions></trkpt>
<trkpt lat="37.8917031" lon="127.2176322"><time>2026-09-10T06:13:29Z</time><extensions><accuracy>7.2</accuracy></extensions></trkpt>
<trkpt lat="37.8916700" lon="127.2176302"><time>2026-09-10T06:13:30Z</time><extensions><accuracy>8.4</accuracy></extensions></trkpt>
<trkpt lat="37.8916299" lon="127.2176302"><time>2026-09-10T06:13:31Z</time><extensions><accuracy>6.4</accuracy></extensions></trkpt>
<trkpt lat="37.8916029" lon="127.2176141"><time>2026-09-10T06:13:32Z</time><extensions><accuracy>8.4</accuracy></extensions></trkpt>
<trkpt lat="37.8915946" lon="127.2176151"><time>2026-09-10T06:13:33Z</time><extensions><accuracy>7.0</accuracy></extensions></trkpt>
<trkpt lat="37.8915510" lon="127.2175782"><time>2026-09-10T06:13:34Z</time><extensions><accuracy>8.5</accuracy></extensions></trkpt>
<trkpt lat="37.8915277" lon="127.2175567"><time>2026-09-10T06:13:35Z</time><extensions><accuracy>6.0</accuracy></extensions></trkpt>
<trkpt lat="37.8914805" lon="127.2175560"><time>2026-09-10T06:13:36Z</time><extensions><accuracy>8.5</accuracy></extensions></trkpt>
<trkpt lat="37.8914481" lon="127.2175517"><time>2026-09-10T06:13:37Z</time><extensions><accuracy>7.2</accuracy></extensions></trkpt>
<trkpt lat="37.8914110" lon="127.2175384"><time>2026-09-10T06:13:38Z</time><extensions><accuracy>8.9</accuracy></extensions></trkpt>
<trkpt lat="37.8913707" lon="127.2175168"><time>2026-09-10T06:13:39Z</time><extensions><accuracy>7.4</accuracy></extensions></trkpt>
<trkpt lat="37.8913497" lon="127.2174842"><time>2026-09-10T06:13:40Z</time><extensions><accuracy>8.4</accuracy></extensions></trkpt>
<trkpt lat="37.8913119" lon="127.2174963"><time>2026-09-10T06:13:41Z</time><extensions><accuracy>9.2</accuracy></extensions></trkpt>
<trkpt lat="37.8912797" lon="127.2174792"><time>2026-09-10T06:13:42Z</time><extensions><accuracy>9.8</accuracy></extensions></trkpt>
<trkpt lat="37.8912511" lon="127.2174340"><time>2026-09-10T06:13:43Z</time><extensions><accuracy>6.3</accuracy></extensions></trkpt>
<trkpt lat="37.8912074" lon="127.2174178"><time>2026-09-10T06:13:44Z</time><extensions><accuracy>8.9</accuracy></extensions></trkpt>
<trkpt lat="37.8911372" lon="127.2173651"><time>2026-09-10T06:13:45Z</time><extensions><accuracy>6.5</accuracy></extensions></trkpt>
<trkpt lat="37.8910935" lon="127.2173336"><time>2026-09-10T06:13:46Z</time><extensions><accuracy>6.8</accuracy></extensions></trkpt>
<trkpt lat="37.8910625" lon="127.2173288"><time>2026-09-10T06:13:47Z</time><extensions><accuracy>8.6</accuracy></extensions></trkpt>
<trkpt lat="37.8910572" lon="127.2173020"><time>2026-09-10T06:13:48Z</time><extensions><accuracy>8.9</accuracy></extensions></trkpt>
<trkpt lat="37.8910293" lon="127.2172624"><time>2026-09-10T06:13:49Z</time><extensions><accuracy>7.6</accuracy></extensions></trkpt>
<trkpt lat="37.8910025" lon="127.2172357"><time>2026-09-10T06:13:50Z</time><extensions><accuracy>7.5</accuracy></extensions></trkpt>
<trkpt lat="37.8909933" lon="127.2172234"><time>2026-09-10T06:13:51Z</time><extensions><accuracy>6.8</accuracy></extensions></trkpt>
<trkpt lat="37.8909690" lon="127.2172120"><time>2026-09-10T06:13:52Z</time><extensions><accuracy>9.0</accuracy></extensions></trkpt>
<trkpt lat="37.8909452" lon="127.2172211"><time>2026-09-10T06:13:53Z</time><extensions><accuracy>7.3</accuracy></extensions></trkpt>
<trkpt lat="37.8909044" lon="127.2171972"><time>2026-09-10T06:13:54Z</time><extensions><accuracy>6.8</accuracy></extensions></trkpt>
<trkpt lat="37.8908837" lon="127.2171706"><time>2026-09-10T06:13:55Z</time><extensions><accuracy>7.4</accuracy></extensions></trkpt>
<trkpt lat="37.8908496" lon="127.2171438"><time>2026-09-10T06:13:56Z</time><extensions><accuracy>8.0</accuracy></extensions></trkpt>
<trkpt lat="37.8908395" lon="127.2171228"><time>2026-09-10T06:13:57Z</time><extensions><accuracy>6.7</accuracy></extensions></trkpt>
<trkpt lat="37.8907949" lon="127.2171093"><time>2026-09-10T06:13:58Z</time><extensions><accuracy>8.2</accuracy></extensions></trkpt>
<trkpt lat="37.8907795" lon="127.2171028"><time>2026-09-10T06:13:59Z</time><extensions><accuracy>7.2</accuracy></extensions></trkpt>
<trkpt lat="37.8907765" lon="127.2171109"><time>2026-09-10T06:14:00Z</time><extensions><accuracy>9.6</accuracy></extensions></trkpt>
<trkpt lat="37.8907658" lon="127.2170940"><time>2026-09-10T06:14:01Z</time><extensions><accuracy>7.5</accuracy></extensions></trkpt>
<trkpt lat="37.8907404" lon="127.2171060"><time>2026-09-10T06:14:02Z</time><extensions><accuracy>7.1</accuracy></extensions></trkpt>
<trkpt lat="37.8907145" lon="127.2170696"><time>2026-09-10T06:14:03Z</time><extensions><accuracy>9.9</accuracy></extensions></trkpt>
<trkpt lat="37.8906877" lon="127.2170257"><time>2026-09-10T06:14:04Z</time><extensions><accuracy>8.2</accuracy></extensions></trkpt>
<trkpt lat="37.8906517" lon="127.2170347"><time>2026-09-10T06:14:05Z</time><extensions><accuracy>9.3</accuracy></extensions></trkpt>
<trkpt lat="37.8906197" lon="127.2170154"><time>2026-09-10T06:14:06Z</time><extensions><accuracy>9.8</accuracy></extensions></trkpt>
<trkpt lat="37.8905825" lon="127.2169846"><time>2026-09-10T06:14:07Z</time><extensions><accuracy>6.8</accuracy></extensions></trkpt>
<trkpt lat="37.8905417" lon="127.2169491"><time>2026-09-10T06:14:08Z</time><extensions><accuracy>9.7</accuracy></extensions></trkpt>
<trkpt lat="37.8904951" lon="127.2169280"><time>2026-09-10T06:14:09Z</time><extensions><accuracy>6.6</accuracy></extensions></trkpt>
<trkpt lat="37.8904741" lon="127.2169038"><time>2026-09-10T06:14:10Z</time><extensions><accuracy>9.7</accuracy></extensions></trkpt>
<trkpt lat="37.8904505" lon="127.2168853"><time>2026-09-10T06:14:11Z</time><extensions><accuracy>8.0</accuracy></extensions></trkpt>
<trkpt lat="37.8904295" lon="127.2168883"><time>2026-09-10T06:14:12Z</time><extensions><accuracy>6.3</accuracy></extensions></trkpt>
<trkpt lat="37.8903951" lon="127.2168432"><time>2026-09-10T06:14:13Z</time><extensions><accuracy>7.3</accuracy></extensions></trkpt>
<trkpt lat="37.8903832" lon="127.2168304"><time>2026-09-10T06:14:14Z</time><extensions><accuracy>9.2</accuracy></extensions></trkpt>
<trkpt lat="37.8903474" lon="127.2167844"><time>2026-09-10T06:14:15Z</time><extensions><accuracy>9.2</accuracy></extensions></trkpt>
<trkpt lat="37.8903016" lon="127.2167479"><time>2026-09-10T06:14:16Z</time><extensions><accuracy>9.3</accuracy></extensions></trkpt>
<trkpt lat="37.8902810" lon="127.2167381"><time>2026-09-10T06:14:17Z</time><extensions><accuracy>8.2</accuracy></extensions></trkpt>
<trkpt lat="37.8902464" lon="127.2167340"><time>2026-09-10T06:14:18Z</time><extensions><accuracy>9.7</accuracy></extensions></trkpt>
<trkpt lat="37.8902109" lon="127.2166920"><time>2026-09-10T06:14:19Z</time><extensions><accuracy>9.5</accuracy></extensions></trkpt>
<trkpt lat="37.8901793" lon="127.2166737"><time>2026-09-10T06:14:20Z</time><extensions><accuracy>7.9</accuracy></extensions></trkpt>
<trkpt lat="37.8901600" lon="127.2166701"><time>2026-09-10T06:14:21Z</time><extensions><accuracy>6.8</accuracy></extensions></trkpt>
<trkpt lat="37.8901471" lon="127.2166595"><time>2026-09-10T06:14:22Z</time><extensions><accuracy>8.1</accuracy></extensions></trkpt>
<trkpt lat="37.8901173" lon="127.2166415"><time>2026-09-10T06:14:23Z</time><extensions><accuracy>6.4</accuracy></extensions></trkpt>
<trkpt lat="37.8901060" lon="127.2166477"><time>2026-09-10T06:14:24Z</time><extensions><accuracy>7.9</accuracy></extensions></trkpt>
<trkpt lat="37.8900834" lon="127.2166120"><time>2026-09-10T06:14:25Z</time><extensions><accuracy>7.4</accuracy></extensions></trkpt>
<trkpt lat="37.8900597" lon="127.2165807"><time>2026-09-10T06:14:26Z</time><extensions><accuracy>7.3</accuracy></extensions></trkpt>
<trkpt lat="37.8900081" lon="127.2165244"><time>2026-09-10T06:14:27Z</time><extensions><accuracy>8.1</accuracy></extensions></trkpt>
<trkpt lat="37.8899926" lon="127.2165095"><time>2026-09-10T06:14:28Z</time><extensions><accuracy>8.8</accuracy></extensions></trkpt>
<trkpt lat="37.8899714" lon="127.2164783"><time>2026-09-10T06:14:29Z</time><extensions><accuracy>9.8</accuracy></extensions></trkpt>
<trkpt lat="37.8899411" lon="127.2164819"><time>2026-09-10T06:14:30Z</time><extensions><accuracy>6.5</accuracy></extensions></trkpt>
<trkpt lat="37.8899203" lon="127.2164532"><time>2026-09-10T06:14:31Z</time><extensions><accuracy>6.7</accuracy></extensions></trkpt>
<trkpt lat="37.8898895" lon="127.2164217"><time>2026-09-10T06:14:32Z</time><extensions><accuracy>8.8</accuracy></extensions></trkpt>
<trkpt lat="37.8898557" lon="127.2163922"><time>2026-09-10T06:14:33Z</time><extensions><accuracy>8.1</accuracy></extensions></trkpt>
<trkpt lat="37.8898089" lon="127.2163453"><time>2026-09-10T06:14:34Z</time><extensions><accuracy>8.1</accuracy></extensions></trkpt>
<trkpt lat="37.8897890" lon="127.2163401"><time>2026-09-10T06:14:35Z</time><extensions><accuracy>7.1</accuracy></extensions></trkpt>
<trkpt lat="37.8897380" lon="127.2163213"><time>2026-09-10T06:14:36Z</time><extensions><accuracy>8.4</accuracy></extensions></trkpt>
<trkpt lat="37.8897004" lon="127.2162988"><time>2026-09-10T06:14:37Z</time><extensions><accuracy>6.8</accuracy></extensions></trkpt>
<trkpt lat="37.8896642" lon="127.2162812"><time>2026-09-10T06:14:38Z</time><extensions><accuracy>6.8</accuracy></extensions></trkpt>
<trkpt lat="37.8896453" lon="127.2162174"><time>2026-09-10T06:14:39Z</time><extensions><accuracy>7.5</accuracy></extensions></trkpt>
<trkpt lat="37.8896235" lon="127.2162102"><time>2026-09-10T06:14:40Z</time><extensions><accuracy>9.9</accuracy></extensions></trkpt>
<trkpt lat="37.8896036" lon="127.2161915"><time>2026-09-10T06:14:41Z</time><extensions><accuracy>9.8</accuracy></extensions></trkpt>
<trkpt lat="37.8895923" lon="127.2161652"><time>2026-09-10T06:14:42Z</time><extensions><accuracy>6.3</accuracy></extensions></trkpt>
<trkpt lat="37.8895864" lon="127.2161600"><time>2026-09-10T06:14:43Z</time><extensions><accuracy>7.7</accuracy></extensions></trkpt>
<trkpt lat="37.8895511" lon="127.2161076"><time>2026-09-10T06:14:44Z</time><extensions><accuracy>10.0</accuracy></extensions></trkpt>
<trkpt lat="37.8895232" lon="127.2160936"><time>2026-09-10T06:14:45Z</time><extensions><accuracy>8.3</accuracy></extensions></trkpt>
<trkpt lat="37.8895046" lon="127.2160817"><time>2026-09-10T06:14:46Z</time><extensions><accuracy>7.2</accuracy></extensions></trkpt>
<trkpt lat="37.8895025" lon="127.2160656"><time>2026-09-10T06:14:47Z</time><extensions><accuracy>6.2</accuracy></extensions></trkpt>
<trkpt lat="37.8894803" lon="127.2160290"><time>2026-09-10T06:14:48Z</time><extensions><accuracy>9.4</accuracy></extensions></trkpt>
<trkpt lat="37.8894349" lon="127.2159983"><time>2026-09-10T06:14:49Z</time><extensions><accuracy>7.8</accuracy></extensions></trkpt>
<trkpt lat="37.8893955" lon="127.2159729"><time>2026-09-10T06:14:50Z</time><extensions><accuracy>7.2</accuracy></extensions></trkpt>
<trkpt lat="37.8893706" lon="127.2159497"><time>2026-09-10T06:14:51Z</time><extensions><accuracy>9.4</accuracy></extensions></trkpt>
<trkpt lat="37.8893514" lon="127.2159194"><time>2026-09-10T06:14:52Z</time><extensions><accuracy>7.6</accuracy></extensions></trkpt>
<trkpt lat="37.8893329" lon="127.2159033"><time>2026-09-10T06:14:53Z</time><extensions><accuracy>8.5</accuracy></extensions></trkpt>
<trkpt lat="37.8893181" lon="127.2158876"><time>2026-09-10T06:14:54Z</time><extensions><accuracy>8.5</accuracy></extensions></trkpt>
<trkpt lat="37.8892785" lon="127.2158773"><time>2026-09-10T06:14:55Z</time><extensions><accuracy>8.3</accuracy></extensions></trkpt>
<trkpt lat="37.8892508" lon="127.2158742"><time>2026-09-10T06:14:56Z</time><extensions><accuracy>9.4</accuracy></extensions></trkpt>
<trkpt lat="37.8892144" lon="127.2158353"><time>2026-09-10T06:14:57Z</time><extensions><accuracy>9.0</accuracy></extensions></trkpt>
<trkpt lat="37.8891900" lon="127.2157858"><time>2026-09-10T06:14:58Z</time><extensions><accuracy>8.3</accuracy></extensions></trkpt>
<trkpt lat="37.8891564" lon="127.2157410"><time>2026-09-10T06:14:59Z</time><extensions><accuracy>7.1</accuracy></extensions></trkpt>
<trkpt lat="37.8891416" lon="127.2157074"><time>2026-09-10T06:15:00Z</time><extensions><accuracy>7.8</accuracy></extensions></trkpt>
<trkpt lat="37.8891047" lon="127.2156735"><time>2026-09-10T06:15:01Z</time><extensions><accuracy>8.2</accuracy></extensions></trkpt>
<trkpt lat="37.8890797" lon="127.2156417"><time>2026-09-10T06:15:02Z</time><extensions><accuracy>6.7</accuracy></extensions></trkpt>
<trkpt lat="37.8890412" lon="127.2156227"><time>2026-09-10T06:15:03Z</time><extensions><accuracy>8.1</accuracy></extensions></trkpt>
<trkpt lat="37.8890280" lon="127.2155954"><time>2026-09-10T06:15:04Z</time><extensions><accuracy>9.4</accuracy></extensions></trkpt>
<trkpt lat="37.8889933" lon="127.2155720"><time>2026-09-10T06:15:05Z</time><extensions><accuracy>9.6</accuracy></extensions></trkpt>
<trkpt lat="37.8889775" lon="127.2155372"><time>2026-09-10T06:15:06Z</time><extensions><accuracy>6.2</accuracy></extensions></trkpt>
<trkpt lat="37.8889534" lon="127.2155204"><time>2026-09-10T06:15:07Z</time><extensions><accuracy>7.1</accuracy></extensions></trkpt>
<trkpt lat="37.8889290" lon="127.2155101"><time>2026-09-10T06:15:08Z</time><extensions><accuracy>7.2</accuracy></extensions></trkpt>
<trkpt lat="37.8889092" lon="127.2154486"><time>2026-09-10T06:15:09Z</time><extensions><accuracy>7.4</accuracy></extensions></trkpt>
<trkpt lat="37.8888761" lon="127.2154369"><time>2026-09-10T06:15:10Z</time><extensions><accuracy>9.7</accuracy></extensions></trkpt>
<trkpt lat="37.8888539" lon="127.2153948"><time>2026-09-10T06:15:11Z</time><extensions><accuracy>8.9</accuracy></extensions></trkpt>
<trkpt lat="37.8888344" lon="127.2153466"><time>2026-09-10T06:15:12Z</time><extensions><accuracy>6.8</accuracy></extensions></trkpt>
<trkpt lat="37.8888120" lon="127.2153154"><time>2026-09-10T06:15:13Z</time><extensions><accuracy>7.4</accuracy></extensions></trkpt>
<trkpt lat="37.8888156" lon="127.2152663"><time>2026-09-10T06:15:14Z</time><extensions><accuracy>9.1</accuracy></extensions></trkpt>
<trkpt lat="37.8887871" lon="127.2152173"><time>2026-09-10T06:15:15Z</time><extensions><accuracy>6.5</accuracy></extensions></trkpt>
<trkpt lat="37.8887604" lon="127.2151865"><time>2026-09-10T06:15:16Z</time><extensions><accuracy>6.6</accuracy></extensions></trkpt>
<trkpt lat="37.8887487" lon="127.2151635"><time>2026-09-10T06:15:17Z</time><extensions><accuracy>6.9</accuracy></extensions></trkpt>
<trkpt lat="37.8887104" lon="127.2151248"><time>2026-09-10T06:15:18Z</time><extensions><accuracy>9.4</accuracy></extensions></trkpt>
<trkpt lat="37.8887028" lon="127.2151220"><time>2026-09-10T06:15:19Z</time><extensions><accuracy>9.9</accuracy></extensions></trkpt>
<trkpt lat="37.8886759" lon="127.2150849"><time>2026-09-10T06:15:20Z</time><extensions><accuracy>9.6</accuracy></extensions></trkpt>
<trkpt lat="37.8886454" lon="127.2150636"><time>2026-09-10T06:15:21Z</time><extensions><accuracy>6.7</accuracy></extensions></trkpt>
<trkpt lat="37.8886181" lon="127.2150185"><time>2026-09-10T06:15:22Z</time><extensions><accuracy>7.0</accuracy></extensions></trkpt>
<trkpt lat="37.8886048" lon="127.2150068"><time>2026-09-10T06:15:23Z</time><extensions><accuracy>7.0</accuracy></extensions></trkpt>
<trkpt lat="37.8885768" lon="127.2149616"><time>2026-09-10T06:15:24Z</time><extensions><accuracy>8.8</accuracy></extensions></trkpt>
<trkpt lat="37.8885580" lon="127.2149193"><time>2026-09-10T06:15:25Z</time><extensions><accuracy>9.6</accuracy></extensions></trkpt>
<trkpt lat="37.8885333" lon="127.2148815"><time>2026-09-10T06:15:26Z</time><extensions><accuracy>9.0</accuracy></extensions></trkpt>
<trkpt lat="37.8885013" lon="127.2148709"><time>2026-09-10T06:15:27Z</time><extensions><accuracy>6.7</accuracy></extensions></trkpt>
<trkpt lat="37.8884782" lon="127.2148602"><time>2026-09-10T06:15:28Z</time><extensions><accuracy>9.0</accuracy></extensions></trkpt>
<trkpt lat="37.8884499" lon="127.2148226"><time>2026-09-10T06:15:29Z</time><extensions><accuracy>6.3</accuracy></extensions></trkpt>
<trkpt lat="37.8884345" lon="127.2147905"><time>2026-09-10T06:15:30Z</time><extensions><accuracy>9.1</accuracy></extensions></trkpt>
<trkpt lat="37.8884302" lon="127.2147943"><time>2026-09-10T06:15:31Z</time><extensions><accuracy>9.9</accuracy></extensions></trkpt>
<trkpt lat="37.8884132" lon="127.2147755"><time>2026-09-10T06:15:32Z</time><extensions><accuracy>9.9</accuracy></extensions></trkpt>
<trkpt lat="37.8884105" lon="127.2147315"><time>2026-09-10T06:15:33Z</time><extensions><accuracy>6.6</accuracy></extensions></trkpt>
<trkpt lat="37.8883947" lon="127.2146881"><time>2026-09-10T06:15:34Z</time><extensions><accuracy>9.9</accuracy></extensions></trkpt>
<trkpt lat="37.8883689" lon="127.2146678"><time>2026-09-10T06:15:35Z</time><extensions><accuracy>9.1</accuracy></extensions></trkpt>
<trkpt lat="37.8883467" lon="127.2146250"><time>2026-09-10T06:15:36Z</time><extensions><accuracy>7.7</accuracy></extensions></trkpt>
<trkpt lat="37.8883095" lon="127.2145840"><time>2026-09-10T06:15:37Z</time><extensions><accuracy>8.2</accuracy></extensions></trkpt>
<trkpt lat="37.8882790" lon="127.2145624"><time>2026-09-10T06:15:38Z</time><extensions><accuracy>7.9</accuracy></extensions></trkpt>
<trkpt lat="37.8882610" lon="127.2145247"><time>2026-09-10T06:15:39Z</time><extensions><accuracy>7.8</accuracy></extensions></trkpt>
<trkpt lat="37.8882550" lon="127.2144974"><time>2026-09-10T06:15:40Z</time><extensions><accuracy>6.7</accuracy></extensions></trkpt>
<trkpt lat="37.8882241" lon="127.2144543"><time>2026-09-10T06:15:41Z</time><extensions><accuracy>9.4</accuracy></extensions></trkpt>
<trkpt lat="37.8882110" lon="127.2144128"><time>2026-09-10T06:15:42Z</time><extensions><accuracy>9.7</accuracy></extensions></trkpt>
<trkpt lat="37.8881857" lon="127.2143799"><time>2026-09-10T06:15:43Z</time><extensions><accuracy>6.9</accuracy></extensions></trkpt>
<trkpt lat="37.8881786" lon="127.2143561"><time>2026-09-10T06:15:44Z</time><extensions><accuracy>8.4</accuracy></extensions></trkpt>
<trkpt lat="37.8881609" lon="127.2143330"><time>2026-09-10T06:15:45Z</time><extensions><accuracy>8.9</accuracy></extensions></trkpt>
<trkpt lat="37.8881519" lon="127.2143299"><time>2026-09-10T06:15:46Z</time><extensions><accuracy>9.0</accuracy></extensions></trkpt>
<trkpt lat="37.8881448" lon="127.2142852"><time>2026-09-10T06:15:47Z</time><extensions><accuracy>8.5</accuracy></extensions></trkpt>
<trkpt lat="37.8881264" lon="127.2142571"><time>2026-09-10T06:15:48Z</time><extensions><accuracy>8.0</accuracy></extensions></trkpt>
<trkpt lat="37.8881091" lon="127.2142295"><time>2026-09-10T06:15:49Z</time><extensions><accuracy>9.8</accuracy></extensions></trkpt>
<trkpt lat="37.8880766" lon="127.2141914"><time>2026-09-10T06:15:50Z</time><extensions><accuracy>9.7</accuracy></extensions></trkpt>
<trkpt lat="37.8880584" lon="127.2141467"><time>2026-09-10T06:15:51Z</time><extensions><accuracy>9.7</accuracy></extensions></trkpt>
<trkpt lat="37.8880319" lon="127.2140956"><time>2026-09-10T06:15:52Z</time><extensions><accuracy>7.1</accuracy></extensions></trkpt>
<trkpt lat="37.8880153" lon="127.2140800"><time>2026-09-10T06:15:53Z</time><extensions><accuracy>6.9</accuracy></extensions></trkpt>
<trkpt lat="37.8880043" lon="127.2140269"><time>2026-09-10T06:15:54Z</time><extensions><accuracy>6.2</accuracy></extensions></trkpt>
<trkpt lat="37.8879743" lon="127.2139850"><time>2026-09-10T06:15:55Z</time><extensions><accuracy>6.6</accuracy></extensions></trkpt>
<trkpt lat="37.8879403" lon="127.2139633"><time>2026-09-10T06:15:56Z</time><extensions><accuracy>6.4</accuracy></extensions></trkpt>
<trkpt lat="37.8879240" lon="127.2139199"><time>2026-09-10T06:15:57Z</time><extensions><accuracy>7.8</accuracy></extensions></trkpt>
<trkpt lat="37.8879019" lon="127.2138712"><time>2026-09-10T06:15:58Z</time><extensions><accuracy>10.0</accuracy></extensions></trkpt>
<trkpt lat="37.8878868" lon="127.2138397"><time>2026-09-10T06:15:59Z</time><extensions><accuracy>6.0</accuracy></extensions></trkpt>
<trkpt lat="37.8878759" lon="127.2138167"><time>2026-09-10T06:16:00Z</time><extensions><accuracy>7.8</accuracy></extensions></trkpt>
<trkpt lat="37.8878667" lon="127.2137927"><time>2026-09-10T06:16:01Z</time><extensions><accuracy>7.2</accuracy></extensions></trkpt>
<trkpt lat="37.8878611" lon="127.2137725"><time>2026-09-10T06:16:02Z</time><extensions><accuracy>8.0</accuracy></extensions></trkpt>
<trkpt lat="37.8878406" lon="127.2137030"><time>2026-09-10T06:16:03Z</time><extensions><accuracy>9.8</accuracy></extensions></trkpt>
<trkpt lat="37.8878209" lon="127.2136610"><time>2026-09-10T06:16:04Z</time><extensions><accuracy>6.4</accuracy></extensions></trkpt>
<trkpt lat="37.8877879" lon="127.2136288"><time>2026-09-10T06:16:05Z</time><extensions><accuracy>9.7</accuracy></extensions></trkpt>
<trkpt lat="37.8877774" lon="127.2136005"><time>2026-09-10T06:16:06Z</time><extensions><accuracy>9.1</accuracy></extensions></trkpt>
<trkpt lat="37.8877682" lon="127.2135532"><time>2026-09-10T06:16:07Z</time><extensions><accuracy>9.2</accuracy></extensions></trkpt>
<trkpt lat="37.8877738" lon="127.2135240"><time>2026-09-10T06:16:08Z</time><extensions><accuracy>6.1</accuracy></extensions></trkpt>
<trkpt lat="37.8877465" lon="127.2135059"><time>2026-09-10T06:16:09Z</time><extensions><accuracy>8.8</accuracy></extensions></trkpt>
<trkpt lat="37.8877504" lon="127.2134725"><time>2026-09-10T06:16:10Z</time><extensions><accuracy>9.2</accuracy></extensions></trkpt>
<trkpt lat="37.8877507" lon="127.2134162"><time>2026-09-10T06:16:11Z</time><extensions><accuracy>9.9</accuracy></extensions></trkpt>
<trkpt lat="37.8877302" lon="127.2133781"><time>2026-09-10T06:16:12Z</time><extensions><accuracy>7.8</accuracy></extensions></trkpt>
<trkpt lat="37.8877082" lon="127.2133322"><time>2026-09-10T06:16:13Z</time><extensions><accuracy>9.2</accuracy></extensions></trkpt>
<trkpt lat="37.8876977" lon="127.2133119"><time>2026-09-10T06:16:14Z</time><extensions><accuracy>6.2</accuracy></extensions></trkpt>
<trkpt lat="37.8876600" lon="127.2132827"><time>2026-09-10T06:16:15Z</time><extensions><accuracy>9.7</accuracy></extensions></trkpt>
<trkpt lat="37.8876456" lon="127.2132585"><time>2026-09-10T06:16:16Z</time><extensions><accuracy>6.7</accuracy></extensions></trkpt>
<trkpt lat="37.8876344" lon="127.2132101"><time>2026-09-10T06:16:17Z</time><extensions><accuracy>7.1</accuracy></extensions></trkpt>
<trkpt lat="37.8876150" lon="127.2131612"><time>2026-09-10T06:16:18Z</time><extensions><accuracy>7.3</accuracy></extensions></trkpt>
<trkpt lat="37.8875941" lon="127.2131016"><time>2026-09-10T06:16:19Z</time><extensions><accuracy>9.5</accuracy></extensions></trkpt>
<trkpt lat="37.8875709" lon="127.2130779"><time>2026-09-10T06:16:20Z</time><extensions><accuracy>7.7</accuracy></extensions></trkpt>
<trkpt lat="37.8875717" lon="127.2130376"><time>2026-09-10T06:16:21Z</time><extensions><accuracy>10.0</accuracy></extensions></trkpt>
<trkpt lat="37.8875781" lon="127.2130161"><time>2026-09-10T06:16:22Z</time><extensions><accuracy>8.0</accuracy></extensions></trkpt>
<trkpt lat="37.8875579" lon="127.2129859"><time>2026-09-10T06:16:23Z</time><extensions><accuracy>8.4</accuracy></extensions></trkpt>
<trkpt lat="37.8875416" lon="127.2129398"><time>2026-09-10T06:16:24Z</time><extensions><accuracy>7.9</accuracy></extensions></trkpt>
<trkpt lat="37.8875147" lon="127.2129039"><time>2026-09-10T06:16:25Z</time><extensions><accuracy>7.1</accuracy></extensions></trkpt>
<trkpt lat="37.8875118" lon="127.2128742"><time>2026-09-10T06:16:26Z</time><extensions><accuracy>6.0</accuracy></extensions></trkpt>
<trkpt lat="37.8874970" lon="127.2128406"><time>2026-09-10T06:16:27Z</time><extensions><accuracy>8.8</accuracy></extensions></trkpt>
<trkpt lat="37.8874902" lon="127.2128277"><time>2026-09-10T06:16:28Z</time><extensions><accuracy>7.0</accuracy></extensions></trkpt>
<trkpt lat="37.8874860" lon="127.2127893"><time>2026-09-10T06:16:29Z</time><extensions><accuracy>6.9</accuracy></extensions></trkpt>
<trkpt lat="37.8874853" lon="127.2127543"><time>2026-09-10T06:16:30Z</time><extensions><accuracy>6.7</accuracy></extensions></trkpt>
<trkpt lat="37.8874743" lon="127.2126964"><time>2026-09-10T06:16:31Z</time><extensions><accuracy>8.1</accuracy></extensions></trkpt>
<trkpt lat="37.8874844" lon="127.2126708"><time>2026-09-10T06:16:32Z</time><extensions><accuracy>8.2</accuracy></extensions></trkpt>
<trkpt lat="37.8874699" lon="127.2126426"><time>2026-09-10T06:16:33Z</time><extensions><accuracy>7.0</accuracy></extensions></trkpt>
<trkpt lat="37.8874494" lon="127.2125949"><time>2026-09-10T06:16:34Z</time><extensions><accuracy>8.4</accuracy></extensions></trkpt>
<trkpt lat="37.8874499" lon="127.2125592"><time>2026-09-10T06:16:35Z</time><extensions><accuracy>7.0</accuracy></extensions></trkpt>
<trkpt lat="37.8874410" lon="127.2125292"><time>2026-09-10T06:16:36Z</time><extensions><accuracy>8.8</accuracy></extensions></trkpt>
<trkpt lat="37.8874245" lon="127.2124840"><time>2026-09-10T06:16:37Z</time><extensions><accuracy>9.0</accuracy></extensions></trkpt>
<trkpt lat="37.8874061" lon="127.2124245"><time>2026-09-10T06:16:38Z</time><extensions><accuracy>10.0</accuracy></extensions></trkpt>
<trkpt lat="37.8874037" lon="127.2123848"><time>2026-09-10T06:16:39Z</time><extensions><accuracy>7.3</accuracy></extensions></trkpt>
<trkpt lat="37.8874103" lon="127.2123455"><time>2026-09-10T06:16:40Z</time><extensions><accuracy>8.5</accuracy></extensions></trkpt>
<trkpt lat="37.8874002" lon="127.2123162"><time>2026-09-10T06:16:41Z</time><extensions><accuracy>6.7</accuracy></extensions></trkpt>
<trkpt lat="37.8873954" lon="127.2122675"><time>2026-09-10T06:16:42Z</time><extensions><accuracy>6.5</accuracy></extensions></trkpt>
<trkpt lat="37.8873709" lon="127.2122432"><time>2026-09-10T06:16:43Z</time><extensions><accuracy>7.9</accuracy></extensions></trkpt>
<trkpt lat="37.8873544" lon="127.2121913"><time>2026-09-10T06:16:44Z</time><extensions><accuracy>7.7</accuracy></extensions></trkpt>
<trkpt lat="37.8873528" lon="127.2121311"><time>2026-09-10T06:16:45Z</time><extensions><accuracy>9.5</accuracy></extensions></trkpt>
<trkpt lat="37.8873436" lon="127.2121086"><time>2026-09-10T06:16:46Z</time><extensions><accuracy>9.0</accuracy></extensions></trkpt>
<trkpt lat="37.8873199" lon="127.2120866"><time>2026-09-10T06:16:47Z</time><extensions><accuracy>9.4</accuracy></extensions></trkpt>
<trkpt lat="37.8873106" lon="127.2120377"><time>2026-09-10T06:16:48Z</time><extensions><accuracy>6.8</accuracy></extensions></trkpt>
<trkpt lat="37.8872988" lon="127.2119951"><time>2026-09-10T06:16:49Z</time><extensions><accuracy>7.4</accuracy></extensions></trkpt>
<trkpt lat="37.8872743" lon="127.2119653"><time>2026-09-10T06:16:50Z</time><extensions><accuracy>6.0</accuracy></extensions></trkpt>
<trkpt lat="37.8872465" lon="127.2119432"><time>2026-09-10T06:16:51Z</time><extensions><accuracy>6.5</accuracy></extensions></trkpt>
<trkpt lat="37.8872524" lon="127.2118930"><time>2026-09-10T06:16:52Z</time><extensions><accuracy>9.5</accuracy></extensions></trkpt>
<trkpt lat="37.8872318" lon="127.2118668"><time>2026-09-10T06:16:53Z</time><extensions><accuracy>6.3</accuracy></extensions></trkpt>
<trkpt lat="37.8872217" lon="127.2118170"><time>2026-09-10T06:16:54Z</time><extensions><accuracy>6.1</accuracy></extensions></trkpt>
<trkpt lat="37.8872061" lon="127.2117690"><time>2026-09-10T06:16:55Z</time><extensions><accuracy>9.1</accuracy></extensions></trkpt>
<trkpt lat="37.8871879" lon="127.2117343"><time>2026-09-10T06:16:56Z</time><extensions><accuracy>7.4</accuracy></extensions></trkpt>
<trkpt lat="37.8871701" lon="127.2117012"><time>2026-09-10T06:16:57Z</time><extensions><accuracy>6.0</accuracy></extensions></trkpt>
<trkpt lat="37.8871643" lon="127.2116401"><time>2026-09-10T06:16:58Z</time><extensions><accuracy>7.0</accuracy></extensions></trkpt>
<trkpt lat="37.8871730" lon="127.2116066"><time>2026-09-10T06:16:59Z</time><extensions><accuracy>7.6</accuracy></extensions></trkpt>
<trkpt lat="37.8871772" lon="127.2115830"><time>2026-09-10T06:17:00Z</time><extensions><accuracy>7.1</accuracy></extensions></trkpt>
<trkpt lat="37.8871653" lon="127.2115625"><time>2026-09-10T06:17:01Z</time><extensions><accuracy>9.6</accuracy></extensions></trkpt>
<trkpt lat="37.8871438" lon="127.2115214"><time>2026-09-10T06:17:02Z</time><extensions><accuracy>9.6</accuracy></extensions></trkpt>
<trkpt lat="37.8871568" lon="127.2114872"><time>2026-09-10T06:17:03Z</time><extensions><accuracy>6.6</accuracy></extensions></trkpt>
<trkpt lat="37.8871522" lon="127.2114660"><time>2026-09-10T06:17:04Z</time><extensions><accuracy>9.2</accuracy></extensions></trkpt>
<trkpt lat="37.8871406" lon="127.2114115"><time>2026-09-10T06:17:05Z</time><extensions><accuracy>6.8</accuracy></extensions></trkpt>
<trkpt lat="37.8871250" lon="127.2113702"><time>2026-09-10T06:17:06Z</time><extensions><accuracy>8.8</accuracy></extensions></trkpt>
<trkpt lat="37.8871125" lon="127.2113266"><time>2026-09-10T06:17:07Z</time><extensions><accuracy>8.3</accuracy></extensions></trkpt>
<trkpt lat="37.8871001" lon="127.2113093"><time>2026-09-10T06:17:08Z</time><extensions><accuracy>6.1</accuracy></extensions></trkpt>
<trkpt lat="37.8870692" lon="127.2112775"><time>2026-09-10T06:17:09Z</time><extensions><accuracy>9.9</accuracy></extensions></trkpt>
<trkpt lat="37.8870589" lon="127.2112514"><time>2026-09-10T06:17:10Z</time><extensions><accuracy>8.8</accuracy></extensions></trkpt>
<trkpt lat="37.8870374" lon="127.2112110"><time>2026-09-10T06:17:11Z</time><extensions><accuracy>9.4</accuracy></extensions></trkpt>
<trkpt lat="37.8870374" lon="127.2111814"><time>2026-09-10T06:17:12Z</time><extensions><accuracy>8.9</accuracy></extensions></trkpt>
<trkpt lat="37.8870140" lon="127.2111296"><time>2026-09-10T06:17:13Z</time><extensions><accuracy>8.1</accuracy></extensions></trkpt>
<trkpt lat="37.8869950" lon="127.2110899"><time>2026-09-10T06:17:14Z</time><extensions><accuracy>7.1</accuracy></extensions></trkpt>
<trkpt lat="37.8869956" lon="127.2110126"><time>2026-09-10T06:17:15Z</time><extensions><accuracy>6.4</accuracy></extensions></trkpt>
<trkpt lat="37.8869802" lon="127.2109793"><time>2026-09-10T06:17:16Z</time><extensions><accuracy>8.2</accuracy></extensions></trkpt>
<trkpt lat="37.8869685" lon="127.2109467"><time>2026-09-10T06:17:17Z</time><extensions><accuracy>7.8</accuracy></extensions></trkpt>
<trkpt lat="37.8869580" lon="127.2109127"><time>2026-09-10T06:17:18Z</time><extensions><accuracy>9.8</accuracy></extensions></trkpt>
<trkpt lat="37.8869636" lon="127.2108715"><time>2026-09-10T06:17:19Z</time><extensions><accuracy>8.6</accuracy></extensions></trkpt>
<trkpt lat="37.8869623" lon="127.2108188"><time>2026-09-10T06:17:20Z</time><extensions><accuracy>8.2</accuracy></extensions></trkpt>
<trkpt lat="37.8869585" lon="127.2107773"><time>2026-09-10T06:17:21Z</time><extensions><accuracy>6.2</accuracy></extensions></trkpt>
<trkpt lat="37.8869199" lon="127.2107332"><time>2026-09-10T06:17:22Z</time><extensions><accuracy>7.7</accuracy></extensions></trkpt>
<trkpt lat="37.8869167" lon="127.2107040"><time>2026-09-10T06:17:23Z</time><extensions><accuracy>7.4</accuracy></extensions></trkpt>
<trkpt lat="37.8869278" lon="127.2106866"><time>2026-09-10T06:17:24Z</time><extensions><accuracy>7.5</accuracy></extensions></trkpt>
<trkpt lat="37.8869225" lon="127.2106325"><time>2026-09-10T06:17:25Z</time><extensions><accuracy>8.1</accuracy></extensions></trkpt>
<trkpt lat="37.8869252" lon="127.2105851"><time>2026-09-10T06:17:26Z</time><extensions><accuracy>8.7</accuracy></extensions></trkpt>
<trkpt lat="37.8869169" lon="127.2105654"><time>2026-09-10T06:17:27Z</time><extensions><accuracy>9.8</accuracy></extensions></trkpt>
<trkpt lat="37.8868874" lon="127.2105300"><time>2026-09-10T06:17:28Z</time><extensions><accuracy>9.8</accuracy></extensions></trkpt>
<trkpt lat="37.8868610" lon="127.2104994"><time>2026-09-10T06:17:29Z</time><extensions><accuracy>7.6</accuracy></extensions></trkpt>
<trkpt lat="37.8868654" lon="127.2104584"><time>2026-09-10T06:17:30Z</time><extensions><accuracy>8.4</accuracy></extensions></trkpt>
<trkpt lat="37.8868615" lon="127.2104189"><time>2026-09-10T06:17:31Z</time><extensions><accuracy>8.1</accuracy></extensions></trkpt>
<trkpt lat="37.8868485" lon="127.2104025"><time>2026-09-10T06:17:32Z</time><extensions><accuracy>9.3</accuracy></extensions></trkpt>
<trkpt lat="37.8868520" lon="127.2103712"><time>2026-09-10T06:17:33Z</time><extensions><accuracy>7.5</accuracy></extensions></trkpt>
<trkpt lat="37.8868624" lon="127.2103154"><time>2026-09-10T06:17:34Z</time><extensions><accuracy>9.3</accuracy></extensions></trkpt>
<trkpt lat="37.8868517" lon="127.2102687"><time>2026-09-10T06:17:35Z</time><extensions><accuracy>7.0</accuracy></extensions></trkpt>
<trkpt lat="37.8868523" lon="127.2102244"><time>2026-09-10T06:17:36Z</time><extensions><accuracy>7.4</accuracy></extensions></trkpt>
<trkpt lat="37.8868515" lon="127.2101694"><time>2026-09-10T06:17:37Z</time><extensions><accuracy>9.7</accuracy></extensions></trkpt>
<trkpt lat="37.8868702" lon="127.2101326"><time>2026-09-10T06:17:38Z</time><extensions><accuracy>8.5</accuracy></extensions></trkpt>
<trkpt lat="37.8868653" lon="127.2100739"><time>2026-09-10T06:17:39Z</time><extensions><accuracy>8.5</accuracy></extensions></trkpt>
<trkpt lat="37.8868669" lon="127.2100195"><time>2026-09-10T06:17:40Z</time><extensions><accuracy>7.7</accuracy></extensions></trkpt>
<trkpt lat="37.8868831" lon="127.2099982"><time>2026-09-10T06:17:41Z</time><extensions><accuracy>6.3</accuracy></extensions></trkpt>
<trkpt lat="37.8868931" lon="127.2099620"><time>2026-09-10T06:17:42Z</time><extensions><accuracy>7.1</accuracy></extensions></trkpt>
<trkpt lat="37.8868719" lon="127.2099293"><time>2026-09-10T06:17:43Z</time><extensions><accuracy>6.5</accuracy></extensions></trkpt>
<trkpt lat="37.8868461" lon="127.2099008"><time>2026-09-10T06:17:44Z</time><extensions><accuracy>6.9</accuracy></extensions></trkpt>
<trkpt lat="37.8868466" lon="127.2098533"><time>2026-09-10T06:17:45Z</time><extensions><accuracy>9.5</accuracy></extensions></trkpt>
<trkpt lat="37.8868392" lon="127.2098059"><time>2026-09-10T06:17:46Z</time><extensions><accuracy>9.9</accuracy></extensions></trkpt>
<trkpt lat="37.8868613" lon="127.2097906"><time>2026-09-10T06:17:47Z</time><extensions><accuracy>9.9</accuracy></extensions></trkpt>
<trkpt lat="37.8868703" lon="127.2097529"><time>2026-09-10T06:17:48Z</time><extensions><accuracy>6.1</accuracy></extensions></trkpt>
<trkpt lat="37.8868499" lon="127.2096939"><time>2026-09-10T06:17:49Z</time><extensions><accuracy>8.4</accuracy></extensions></trkpt>
<trkpt lat="37.8868468" lon="127.2096369"><time>2026-09-10T06:17:50Z</time><extensions><accuracy>6.4</accuracy></extensions></trkpt>
<trkpt lat="37.8868333" lon="127.2095775"><time>2026-09-10T06:17:51Z</time><extensions><accuracy>9.8</accuracy></extensions></trkpt>
<trkpt lat="37.8868407" lon="127.2095285"><time>2026-09-10T06:17:52Z</time><extensions><accuracy>6.5</accuracy></extensions></trkpt>
<trkpt lat="37.8868225" lon="127.2094978"><time>2026-09-10T06:17:53Z</time><extensions><accuracy>6.8</accuracy></extensions></trkpt>
<trkpt lat="37.8868076" lon="127.2094582"><time>2026-09-10T06:17:54Z</time><extensions><accuracy>7.3</accuracy></extensions></trkpt>
<trkpt lat="37.8868169" lon="127.2094249"><time>2026-09-10T06:17:55Z</time><extensions><accuracy>7.0</accuracy></extensions></trkpt>
<trkpt lat="37.8868140" lon="127.2093725"><time>2026-09-10T06:17:56Z</time><extensions><accuracy>8.9</accuracy></extensions></trkpt>
<trkpt lat="37.8868238" lon="127.2093104"><time>2026-09-10T06:17:57Z</time><extensions><accuracy>8.6</accuracy></extensions></trkpt>
<trkpt lat="37.8868557" lon="127.2092793"><time>2026-09-10T06:17:58Z</time><extensions><accuracy>6.7</accuracy></extensions></trkpt>
<trkpt lat="37.8868519" lon="127.2092600"><time>2026-09-10T06:17:59Z</time><extensions><accuracy>8.8</accuracy></extensions></trkpt>
<trkpt lat="37.8868438" lon="127.2092066"><time>2026-09-10T06:18:00Z</time><extensions><accuracy>8.3</accuracy></extensions></trkpt>
<trkpt lat="37.8868354" lon="127.2091731"><time>2026-09-10T06:18:01Z</time><extensions><accuracy>8.7</accuracy></extensions></trkpt>
<trkpt lat="37.8868338" lon="127.2091016"><time>2026-09-10T06:18:02Z</time><extensions><accuracy>7.3</accuracy></extensions></trkpt>
<trkpt lat="37.8868419" lon="127.2090646"><time>2026-09-10T06:18:03Z</time><extensions><accuracy>7.2</accuracy></extensions></trkpt>
<trkpt lat="37.8868411" lon="127.2090242"><time>2026-09-10T06:18:04Z</time><extensions><accuracy>9.0</accuracy></extensions></trkpt>
<trkpt lat="37.8868377" lon="127.2089843"><time>2026-09-10T06:18:05Z</time><extensions><accuracy>9.4</accuracy></extensions></trkpt>
<trkpt lat="37.8868167" lon="127.2089408"><time>2026-09-10T06:18:06Z</time><extensions><accuracy>9.0</accuracy></extensions></trkpt>
<trkpt lat="37.8868290" lon="127.2088724"><time>2026-09-10T06:18:07Z</time><extensions><accuracy>9.3</accuracy></extensions></trkpt>
<trkpt lat="37.8868353" lon="127.2088162"><time>2026-09-10T06:18:08Z</time><extensions><accuracy>7.5</accuracy></extensions></trkpt>
<trkpt lat="37.8868400" lon="127.2087958"><time>2026-09-10T06:18:09Z</time><extensions><accuracy>8.6</accuracy></extensions></trkpt>
<trkpt lat="37.8868458" lon="127.2087480"><time>2026-09-10T06:18:10Z</time><extensions><accuracy>6.3</accuracy></extensions></trkpt>
<trkpt lat="37.8868586" lon="127.2086851"><time>2026-09-10T06:18:11Z</time><extensions><accuracy>8.3</accuracy></extensions></trkpt>
<trkpt lat="37.8868556" lon="127.2086481"><time>2026-09-10T06:18:12Z</time><extensions><accuracy>9.4</accuracy></extensions></trkpt>
<trkpt lat="37.8868492" lon="127.2086351"><time>2026-09-10T06:18:13Z</time><extensions><accuracy>9.9</accuracy></extensions></trkpt>
<trkpt lat="37.8868379" lon="127.2086005"><time>2026-09-10T06:18:14Z</time><extensions><accuracy>7.6</accuracy></extensions></trkpt>
<trkpt lat="37.8868432" lon="127.2085405"><time>2026-09-10T06:18:15Z</time><extensions><accuracy>8.2</accuracy></extensions></trkpt>
<trkpt lat="37.8868408" lon="127.2084987"><time>2026-09-10T06:18:16Z</time><extensions><accuracy>6.7</accuracy></extensions></trkpt>
<trkpt lat="37.8868485" lon="127.2084704"><time>2026-09-10T06:18:17Z</time><extensions><accuracy>9.4</accuracy></extensions></trkpt>
<trkpt lat="37.8868382" lon="127.2084547"><time>2026-09-10T06:18:18Z</time><extensions><accuracy>8.4</accuracy></extensions></trkpt>
<trkpt lat="37.8868358" lon="127.2084255"><time>2026-09-10T06:18:19Z</time><extensions><accuracy>9.2</accuracy></extensions></trkpt>
<trkpt lat="37.8868238" lon="127.2083812"><time>2026-09-10T06:18:20Z</time><extensions><accuracy>9.0</accuracy></extensions></trkpt>
<trkpt lat="37.8868149" lon="127.2083305"><time>2026-09-10T06:18:21Z</time><extensions><accuracy>7.3</accuracy></extensions></trkpt>
<trkpt lat="37.8868084" lon="127.2083089"><time>2026-09-10T06:18:22Z</time><extensions><accuracy>9.6</accuracy></extensions></trkpt>
<trkpt lat="37.8868125" lon="127.2082757"><time>2026-09-10T06:18:23Z</time><extensions><accuracy>6.9</accuracy></extensions></trkpt>
<trkpt lat="37.8868263" lon="127.2082388"><time>2026-09-10T06:18:24Z</time><extensions><accuracy>9.7</accuracy></extensions></trkpt>
<trkpt lat="37.8868280" lon="127.2081748"><time>2026-09-10T06:18:25Z</time><extensions><accuracy>7.9</accuracy></extensions></trkpt>
<trkpt lat="37.8868202" lon="127.2081467"><time>2026-09-10T06:18:26Z</time><extensions><accuracy>6.5</accuracy></extensions></trkpt>
<trkpt lat="37.8868420" lon="127.2081220"><time>2026-09-10T06:18:27Z</time><extensions><accuracy>6.6</accuracy></extensions></trkpt>
<trkpt lat="37.8868543" lon="127.2080824"><time>2026-09-10T06:18:28Z</time><extensions><accuracy>6.0</accuracy></extensions></trkpt>
<trkpt lat="37.8868531" lon="127.2080508"><time>2026-09-10T06:18:29Z</time><extensions><accuracy>9.3</accuracy></extensions></trkpt>
<trkpt lat="37.8868617" lon="127.2080037"><time>2026-09-10T06:18:30Z</time><extensions><accuracy>8.2</accuracy></extensions></trkpt>
<trkpt lat="37.8868546" lon="127.2079714"><time>2026-09-10T06:18:31Z</time><extensions><accuracy>6.8</accuracy></extensions></trkpt>
<trkpt lat="37.8868479" lon="127.2079343"><time>2026-09-10T06:18:32Z</time><extensions><accuracy>6.5</accuracy></extensions></trkpt>
<trkpt lat="37.8868533" lon="127.2078940"><time>2026-09-10T06:18:33Z</time><extensions><accuracy>6.3</accuracy></extensions></trkpt>
<trkpt lat="37.8868674" lon="127.2078500"><time>2026-09-10T06:18:34Z</time><extensions><accuracy>9.6</accuracy></extensions></trkpt>
<trkpt lat="37.8868764" lon="127.2078240"><time>2026-09-10T06:18:35Z</time><extensions><accuracy>8.5</accuracy></extensions></trkpt>
<trkpt lat="37.8868981" lon="127.2077777"><time>2026-09-10T06:18:36Z</time><extensions><accuracy>7.4</accuracy></extensions></trkpt>
<trkpt lat="37.8869099" lon="127.2077476"><time>2026-09-10T06:18:37Z</time><extensions><accuracy>7.4</accuracy></extensions></trkpt>
<trkpt lat="37.8869124" lon="127.2076805"><time>2026-09-10T06:18:38Z</time><extensions><accuracy>9.1</accuracy></extensions></trkpt>
<trkpt lat="37.8869293" lon="127.2076308"><time>2026-09-10T06:18:39Z</time><extensions><accuracy>8.1</accuracy></extensions></trkpt>
<trkpt lat="37.8869544" lon="127.2075803"><time>2026-09-10T06:18:40Z</time><extensions><accuracy>8.2</accuracy></extensions></trkpt>
<trkpt lat="37.8869650" lon="127.2075139"><time>2026-09-10T06:18:41Z</time><extensions><accuracy>7.9</accuracy></extensions></trkpt>
<trkpt lat="37.8869548" lon="127.2074863"><time>2026-09-10T06:18:42Z</time><extensions><accuracy>7.2</accuracy></extensions></trkpt>
<trkpt lat="37.8869526" lon="127.2074583"><time>2026-09-10T06:18:43Z</time><extensions><accuracy>7.5</accuracy></extensions></trkpt>
<trkpt lat="37.8869568" lon="127.2074572"><time>2026-09-10T06:18:44Z</time><extensions><accuracy>6.3</accuracy></extensions></trkpt>
<trkpt lat="37.8869641" lon="127.2074109"><time>2026-09-10T06:18:45Z</time><extensions><accuracy>7.0</accuracy></extensions></trkpt>
<trkpt lat="37.8869613" lon="127.2073653"><time>2026-09-10T06:18:46Z</time><extensions><accuracy>7.2</accuracy></extensions></trkpt>
<trkpt lat="37.8869780" lon="127.2073180"><time>2026-09-10T06:18:47Z</time><extensions><accuracy>9.8</accuracy></extensions></trkpt>
<trkpt lat="37.8870026" lon="127.2072621"><time>2026-09-10T06:18:48Z</time><extensions><accuracy>6.5</accuracy></extensions></trkpt>
<trkpt lat="37.8870105" lon="127.2072198"><time>2026-09-10T06:18:49Z</time><extensions><accuracy>8.1</accuracy></extensions></trkpt>
<trkpt lat="37.8870120" lon="127.2071624"><time>2026-09-10T06:18:50Z</time><extensions><accuracy>8.8</accuracy></extensions></trkpt>
<trkpt lat="37.8870171" lon="127.2071340"><time>2026-09-10T06:18:51Z</time><extensions><accuracy>7.3</accuracy></extensions></trkpt>
<trkpt lat="37.8870154" lon="127.2070820"><time>2026-09-10T06:18:52Z</time><extensions><accuracy>7.7</accuracy></extensions></trkpt>
<trkpt lat="37.8870257" lon="127.2070608"><time>2026-09-10T06:18:53Z</time><extensions><accuracy>7.4</accuracy></extensions></trkpt>
<trkpt lat="37.8870412" lon="127.2070405"><time>2026-09-10T06:18:54Z</time><extensions><accuracy>9.7</accuracy></extensions></trkpt>
<trkpt lat="37.8870493" lon="127.2070044"><time>2026-09-10T06:18:55Z</time><extensions><accuracy>8.6</accuracy></extensions></trkpt>
<trkpt lat="37.8870603" lon="127.2069663"><time>2026-09-10T06:18:56Z</time><extensions><accuracy>9.3</accuracy></extensions></trkpt>
<trkpt lat="37.8870721" lon="127.2069097"><time>2026-09-10T06:18:57Z</time><extensions><accuracy>6.4</accuracy></extensions></trkpt>
<trkpt lat="37.8870770" lon="127.2068836"><time>2026-09-10T06:18:58Z</time><extensions><accuracy>6.0</accuracy></extensions></trkpt>
<trkpt lat="37.8870979" lon="127.2068620"><time>2026-09-10T06:18:59Z</time><extensions><accuracy>7.9</accuracy></extensions></trkpt>
<trkpt lat="37.8871038" lon="127.2068298"><time>2026-09-10T06:19:00Z</time><extensions><accuracy>8.8</accuracy></extensions></trkpt>
<trkpt lat="37.8871266" lon="127.2067876"><time>2026-09-10T06:19:01Z</time><extensions><accuracy>7.0</accuracy></extensions></trkpt>
<trkpt lat="37.8871222" lon="127.2067200"><time>2026-09-10T06:19:02Z</time><extensions><accuracy>7.1</accuracy></extensions></trkpt>
<trkpt lat="37.8871276" lon="127.2066900"><time>2026-09-10T06:19:03Z</time><extensions><accuracy>7.3</accuracy></extensions></trkpt>
<trkpt lat="37.8871464" lon="127.2066504"><time>2026-09-10T06:19:04Z</time><extensions><accuracy>7.9</accuracy></extensions></trkpt>
<trkpt lat="37.8871704" lon="127.2066242"><time>2026-09-10T06:19:05Z</time><extensions><accuracy>7.3</accuracy></extensions></trkpt>
<trkpt lat="37.8871732" lon="127.2065804"><time>2026-09-10T06:19:06Z</time><extensions><accuracy>8.8</accuracy></extensions></trkpt>
<trkpt lat="37.8871639" lon="127.2065566"><time>2026-09-10T06:19:07Z</time><extensions><accuracy>8.9</accuracy></extensions></trkpt>
<trkpt lat="37.8871738" lon="127.2065357"><time>2026-09-10T06:19:08Z</time><extensions><accuracy>8.6</accuracy></extensions></trkpt>
<trkpt lat="37.8871703" lon="127.2065102"><time>2026-09-10T06:19:09Z</time><extensions><accuracy>8.4</accuracy></extensions></trkpt>
<trkpt lat="37.8871820" lon="127.2064674"><time>2026-09-10T06:19:10Z</time><extensions><accuracy>7.3</accuracy></extensions></trkpt>
<trkpt lat="37.8871906" lon="127.2064297"><time>2026-09-10T06:19:11Z</time><extensions><accuracy>8.5</accuracy></extensions></trkpt>
<trkpt lat="37.8872018" lon="127.2063723"><time>2026-09-10T06:19:12Z</time><extensions><accuracy>6.2</accuracy></extensions></trkpt>
<trkpt lat="37.8872279" lon="127.2063110"><time>2026-09-10T06:19:13Z</time><extensions><accuracy>9.4</accuracy></extensions></trkpt>
<trkpt lat="37.8872519" lon="127.2062602"><time>2026-09-10T06:19:14Z</time><extensions><accuracy>6.9</accuracy></extensions></trkpt>
<trkpt lat="37.8872688" lon="127.2062102"><time>2026-09-10T06:19:15Z</time><extensions><accuracy>9.4</accuracy></extensions></trkpt>
<trkpt lat="37.8872847" lon="127.2061606"><time>2026-09-10T06:19:16Z</time><extensions><accuracy>7.5</accuracy></extensions></trkpt>
<trkpt lat="37.8873070" lon="127.2061229"><time>2026-09-10T06:19:17Z</time><extensions><accuracy>6.4</accuracy></extensions></trkpt>
<trkpt lat="37.8873165" lon="127.2060802"><time>2026-09-10T06:19:18Z</time><extensions><accuracy>7.2</accuracy></extensions></trkpt>
<trkpt lat="37.8873210" lon="127.2060196"><time>2026-09-10T06:19:19Z</time><extensions><accuracy>7.6</accuracy></extensions></trkpt>
<trkpt lat="37.8873162" lon="127.2059557"><time>2026-09-10T06:19:20Z</time><extensions><accuracy>9.3</accuracy></extensions></trkpt>
<trkpt lat="37.8873356" lon="127.2059018"><time>2026-09-10T06:19:21Z</time><extensions><accuracy>9.9</accuracy></extensions></trkpt>
<trkpt lat="37.8873371" lon="127.2058615"><time>2026-09-10T06:19:22Z</time><extensions><accuracy>7.6</accuracy></extensions></trkpt>
<trkpt lat="37.8873351" lon="127.2058214"><time>2026-09-10T06:19:23Z</time><extensions><accuracy>7.0</accuracy></extensions></trkpt>
<trkpt lat="37.8873730" lon="127.2058037"><time>2026-09-10T06:19:24Z</time><extensions><accuracy>7.6</accuracy></extensions></trkpt>
<trkpt lat="37.8873722" lon="127.2057663"><time>2026-09-10T06:19:25Z</time><extensions><accuracy>7.3</accuracy></extensions></trkpt>
<trkpt lat="37.8873875" lon="127.2056943"><time>2026-09-10T06:19:26Z</time><extensions><accuracy>8.2</accuracy></extensions></trkpt>
<trkpt lat="37.8874078" lon="127.2056518"><time>2026-09-10T06:19:27Z</time><extensions><accuracy>8.4</accuracy></extensions></trkpt>
<trkpt lat="37.8874025" lon="127.2056463"><time>2026-09-10T06:19:28Z</time><extensions><accuracy>7.9</accuracy></extensions></trkpt>
<trkpt lat="37.8874165" lon="127.2056317"><time>2026-09-10T06:19:29Z</time><extensions><accuracy>6.5</accuracy></extensions></trkpt>
<trkpt lat="37.8874375" lon="127.2055975"><time>2026-09-10T06:19:30Z</time><extensions><accuracy>7.0</accuracy></extensions></trkpt>
<trkpt lat="37.8874404" lon="127.2055607"><time>2026-09-10T06:19:31Z</time><extensions><accuracy>7.9</accuracy></extensions></trkpt>
<trkpt lat="37.8874502" lon="127.2055295"><time>2026-09-10T06:19:32Z</time><extensions><accuracy>7.4</accuracy></extensions></trkpt>
<trkpt lat="37.8874629" lon="127.2054987"><time>2026-09-10T06:19:33Z</time><extensions><accuracy>8.0</accuracy></extensions></trkpt>
<trkpt lat="37.8874830" lon="127.2054493"><time>2026-09-10T06:19:34Z</time><extensions><accuracy>9.7</accuracy></extensions></trkpt>
<trkpt lat="37.8874965" lon="127.2054113"><time>2026-09-10T06:19:35Z</time><extensions><accuracy>8.1</accuracy></extensions></trkpt>
<trkpt lat="37.8875125" lon="127.2053698"><time>2026-09-10T06:19:36Z</time><extensions><accuracy>8.1</accuracy></extensions></trkpt>
<trkpt lat="37.8875247" lon="127.2053286"><time>2026-09-10T06:19:37Z</time><extensions><accuracy>7.8</accuracy></extensions></trkpt>
<trkpt lat="37.8875352" lon="127.2053134"><time>2026-09-10T06:19:38Z</time><extensions><accuracy>8.3</accuracy></extensions></trkpt>
<trkpt lat="37.8875619" lon="127.2052567"><time>2026-09-10T06:19:39Z</time><extensions><accuracy>9.3</accuracy></extensions></trkpt>
<trkpt lat="37.8875657" lon="127.2052025"><time>2026-09-10T06:19:40Z</time><extensions><accuracy>6.3</accuracy></extensions></trkpt>
<trkpt lat="37.8875819" lon="127.2051798"><time>2026-09-10T06:19:41Z</time><extensions><accuracy>7.2</accuracy></extensions></trkpt>
<trkpt lat="37.8875711" lon="127.2051606"><time>2026-09-10T06:19:42Z</time><extensions><accuracy>7.7</accuracy></extensions></trkpt>
<trkpt lat="37.8875887" lon="127.2051148"><time>2026-09-10T06:19:43Z</time><extensions><accuracy>6.9</accuracy></extensions></trkpt>
<trkpt lat="37.8875919" lon="127.2050808"><time>2026-09-10T06:19:44Z</time><extensions><accuracy>8.8</accuracy></extensions></trkpt>
<trkpt lat="37.8876116" lon="127.2050492"><time>2026-09-10T06:19:45Z</time><extensions><accuracy>7.9</accuracy></extensions></trkpt>
<trkpt lat="37.8876336" lon="127.2050357"><time>2026-09-10T06:19:46Z</time><extensions><accuracy>7.6</accuracy></extensions></trkpt>
<trkpt lat="37.8876357" lon="127.2049795"><time>2026-09-10T06:19:47Z</time><extensions><accuracy>8.8</accuracy></extensions></trkpt>
<trkpt lat="37.8876551" lon="127.2049406"><time>2026-09-10T06:19:48Z</time><extensions><accuracy>6.7</accuracy></extensions></trkpt>
<trkpt lat="37.8876396" lon="127.2049046"><time>2026-09-10T06:19:49Z</time><extensions><accuracy>9.5</accuracy></extensions></trkpt>
<trkpt lat="37.8876438" lon="127.2048792"><time>2026-09-10T06:19:50Z</time><extensions><accuracy>7.3</accuracy></extensions></trkpt>
<trkpt lat="37.8876492" lon="127.2048470"><time>2026-09-10T06:19:51Z</time><extensions><accuracy>9.4</accuracy></extensions></trkpt>
<trkpt lat="37.8876687" lon="127.2048383"><time>2026-09-10T06:19:52Z</time><extensions><accuracy>7.4</accuracy></extensions></trkpt>
<trkpt lat="37.8876806" lon="127.2048005"><time>2026-09-10T06:19:53Z</time><extensions><accuracy>9.6</accuracy></extensions></trkpt>
<trkpt lat="37.8876804" lon="127.2047651"><time>2026-09-10T06:19:54Z</time><extensions><accuracy>9.5</accuracy></extensions></trkpt>
<trkpt lat="37.8877155" lon="127.2047359"><time>2026-09-10T06:19:55Z</time><extensions><accuracy>7.7</accuracy></extensions></trkpt>
<trkpt lat="37.8877398" lon="127.2046918"><time>2026-09-10T06:19:56Z</time><extensions><accuracy>6.4</accuracy></extensions></trkpt>
<trkpt lat="37.8877654" lon="127.2046517"><time>2026-09-10T06:19:57Z</time><extensions><accuracy>7.4</accuracy></extensions></trkpt>
<trkpt lat="37.8877874" lon="127.2046154"><time>2026-09-10T06:19:58Z</time><extensions><accuracy>8.6</accuracy></extensions></trkpt>
<trkpt lat="37.8878180" lon="127.2045770"><time>2026-09-10T06:19:59Z</time><extensions><accuracy>6.2</accuracy></extensions></trkpt>
<trkpt lat="37.8878349" lon="127.2045159"><time>2026-09-10T06:20:00Z</time><extensions><accuracy>6.9</accuracy></extensions></trkpt>
<trkpt lat="37.8878784" lon="127.2044612"><time>2026-09-10T06:20:01Z</time><extensions><accuracy>8.0</accuracy></extensions></trkpt>
<trkpt lat="37.8878965" lon="127.2044023"><time>2026-09-10T06:20:02Z</time><extensions><accuracy>7.2</accuracy></extensions></trkpt>
<trkpt lat="37.8879127" lon="127.2043626"><time>2026-09-10T06:20:03Z</time><extensions><accuracy>6.7</accuracy></extensions></trkpt>
<trkpt lat="37.8879419" lon="127.2043154"><time>2026-09-10T06:20:04Z</time><extensions><accuracy>8.7</accuracy></extensions></trkpt>
<trkpt lat="37.8879509" lon="127.2042682"><time>2026-09-10T06:20:05Z</time><extensions><accuracy>8.8</accuracy></extensions></trkpt>
<trkpt lat="37.8879597" lon="127.2042425"><time>2026-09-10T06:20:06Z</time><extensions><accuracy>6.4</accuracy></extensions></trkpt>
<trkpt lat="37.8879975" lon="127.2041821"><time>2026-09-10T06:20:07Z</time><extensions><accuracy>9.2</accuracy></extensions></trkpt>
<trkpt lat="37.8880320" lon="127.2041299"><time>2026-09-10T06:20:08Z</time><extensions><accuracy>7.3</accuracy></extensions></trkpt>
<trkpt lat="37.8880418" lon="127.2040958"><time>2026-09-10T06:20:09Z</time><extensions><accuracy>6.1</accuracy></extensions></trkpt>
<trkpt lat="37.8880405" lon="127.2040715"><time>2026-09-10T06:20:10Z</time><extensions><accuracy>6.3</accuracy></extensions></trkpt>
<trkpt lat="37.8880512" lon="127.2040537"><time>2026-09-10T06:20:11Z</time><extensions><accuracy>6.7</accuracy></extensions></trkpt>
<trkpt lat="37.8880728" lon="127.2040265"><time>2026-09-10T06:20:12Z</time><extensions><accuracy>8.2</accuracy></extensions></trkpt>
<trkpt lat="37.8880750" lon="127.2040310"><time>2026-09-10T06:20:13Z</time><extensions><accuracy>6.1</accuracy></extensions></trkpt>
<trkpt lat="37.8880931" lon="127.2039751"><time>2026-09-10T06:20:14Z</time><extensions><accuracy>6.7</accuracy></extensions></trkpt>
<trkpt lat="37.8881121" lon="127.2039361"><time>2026-09-10T06:20:15Z</time><extensions><accuracy>9.4</accuracy></extensions></trkpt>
<trkpt lat="37.8881380" lon="127.2038846"><time>2026-09-10T06:20:16Z</time><extensions><accuracy>7.3</accuracy></extensions></trkpt>
<trkpt lat="37.8881766" lon="127.2038572"><time>2026-09-10T06:20:17Z</time><extensions><accuracy>9.4</accuracy></extensions></trkpt>
<trkpt lat="37.8881968" lon="127.2038059"><time>2026-09-10T06:20:18Z</time><extensions><accuracy>7.6</accuracy></extensions></trkpt>
<trkpt lat="37.8882110" lon="127.2037733"><time>2026-09-10T06:20:19Z</time><extensions><accuracy>7.4</accuracy></extensions></trkpt>
<trkpt lat="37.8882394" lon="127.2037267"><time>2026-09-10T06:20:20Z</time><extensions><accuracy>9.7</accuracy></extensions></trkpt>
<trkpt lat="37.8882551" lon="127.2036802"><time>2026-09-10T06:20:21Z</time><extensions><accuracy>8.6</accuracy></extensions></trkpt>
<trkpt lat="37.8882529" lon="127.2036168"><time>2026-09-10T06:20:22Z</time><extensions><accuracy>7.0</accuracy></extensions></trkpt>
<trkpt lat="37.8882731" lon="127.2035798"><time>2026-09-10T06:20:23Z</time><extensions><accuracy>9.5</accuracy></extensions></trkpt>
<trkpt lat="37.8882886" lon="127.2035693"><time>2026-09-10T06:20:24Z</time><extensions><accuracy>7.2</accuracy></extensions></trkpt>
<trkpt lat="37.8882963" lon="127.2035268"><time>2026-09-10T06:20:25Z</time><extensions><accuracy>9.6</accuracy></extensions></trkpt>
<trkpt lat="37.8883196" lon="127.2035078"><time>2026-09-10T06:20:26Z</time><extensions><accuracy>7.7</accuracy></extensions></trkpt>
<trkpt lat="37.8883524" lon="127.2034670"><time>2026-09-10T06:20:27Z</time><extensions><accuracy>9.9</accuracy></extensions></trkpt>
<trkpt lat="37.8883715" lon="127.2034410"><time>2026-09-10T06:20:28Z</time><extensions><accuracy>8.7</accuracy></extensions></trkpt>
<trkpt lat="37.8883978" lon="127.2034129"><time>2026-09-10T06:20:29Z</time><extensions><accuracy>6.1</accuracy></extensions></trkpt>
<trkpt lat="37.8884094" lon="127.2033789"><time>2026-09-10T06:20:30Z</time><extensions><accuracy>9.9</accuracy></extensions></trkpt>
<trkpt lat="37.8884304" lon="127.2033500"><time>2026-09-10T06:20:31Z</time><extensions><accuracy>6.4</accuracy></extensions></trkpt>
<trkpt lat="37.8884463" lon="127.2033279"><time>2026-09-10T06:20:32Z</time><extensions><accuracy>6.5</accuracy></extensions></trkpt>
<trkpt lat="37.8884617" lon="127.2032931"><time>2026-09-10T06:20:33Z</time><extensions><accuracy>6.9</accuracy></extensions></trkpt>
<trkpt lat="37.8884829" lon="127.2032524"><time>2026-09-10T06:20:34Z</time><extensions><accuracy>6.5</accuracy></extensions></trkpt>
<trkpt lat="37.8884991" lon="127.2032451"><time>2026-09-10T06:20:35Z</time><extensions><accuracy>8.5</accuracy></extensions></trkpt>
<trkpt lat="37.8885166" lon="127.2032435"><time>2026-09-10T06:20:36Z</time><extensions><accuracy>6.0</accuracy></extensions></trkpt>
<trkpt lat="37.8885322" lon="127.2032048"><time>2026-09-10T06:20:37Z</time><extensions><accuracy>7.2</accuracy></extensions></trkpt>
<trkpt lat="37.8885421" lon="127.2031813"><time>2026-09-10T06:20:38Z</time><extensions><accuracy>6.4</accuracy></extensions></trkpt>
<trkpt lat="37.8885522" lon="127.2031477"><time>2026-09-10T06:20:39Z</time><extensions><accuracy>6.1</accuracy></extensions></trkpt>
<trkpt lat="37.8885758" lon="127.2030871"><time>2026-09-10T06:20:40Z</time><extensions><accuracy>7.4</accuracy></extensions></trkpt>
<trkpt lat="37.8885916" lon="127.2030809"><time>2026-09-10T06:20:41Z</time><extensions><accuracy>7.6</accuracy></extensions></trkpt>
<trkpt lat="37.8885989" lon="127.2030492"><time>2026-09-10T06:20:42Z</time><extensions><accuracy>9.0</accuracy></extensions></trkpt>
<trkpt lat="37.8886201" lon="127.2030006"><time>2026-09-10T06:20:43Z</time><extensions><accuracy>7.4</accuracy></extensions></trkpt>
<trkpt lat="37.8886425" lon="127.2029765"><time>2026-09-10T06:20:44Z</time><extensions><accuracy>9.4</accuracy></extensions></trkpt>
<trkpt lat="37.8886489" lon="127.2029340"><time>2026-09-10T06:20:45Z</time><extensions><accuracy>9.5</accuracy></extensions></trkpt>
<trkpt lat="37.8886749" lon="127.2028921"><time>2026-09-10T06:20:46Z</time><extensions><accuracy>9.0</accuracy></extensions></trkpt>
<trkpt lat="37.8886909" lon="127.2028544"><time>2026-09-10T06:20:47Z</time><extensions><accuracy>9.5</accuracy></extensions></trkpt>
<trkpt lat="37.8887226" lon="127.2028328"><time>2026-09-10T06:20:48Z</time><extensions><accuracy>6.7</accuracy></extensions></trkpt>
<trkpt lat="37.8887395" lon="127.2028225"><time>2026-09-10T06:20:49Z</time><extensions><accuracy>7.3</accuracy></extensions></trkpt>
<trkpt lat="37.8887492" lon="127.2027857"><time>2026-09-10T06:20:50Z</time><extensions><accuracy>9.8</accuracy></extensions></trkpt>
<trkpt lat="37.8887702" lon="127.2027411"><time>2026-09-10T06:20:51Z</time><extensions><accuracy>6.0</accuracy></extensions></trkpt>
<trkpt lat="37.8887866" lon="127.2027305"><time>2026-09-10T06:20:52Z</time><extensions><accuracy>9.1</accuracy></extensions></trkpt>
<trkpt lat="37.8888152" lon="127.2026875"><time>2026-09-10T06:20:53Z</time><extensions><accuracy>8.0</accuracy></extensions></trkpt>
<trkpt lat="37.8888507" lon="127.2026475"><time>2026-09-10T06:20:54Z</time><extensions><accuracy>9.3</accuracy></extensions></trkpt>
<trkpt lat="37.8888725" lon="127.2026044"><time>2026-09-10T06:20:55Z</time><extensions><accuracy>8.0</accuracy></extensions></trkpt>
<trkpt lat="37.8889103" lon="127.2025719"><time>2026-09-10T06:20:56Z</time><extensions><accuracy>9.9</accuracy></extensions></trkpt>
<trkpt lat="37.8889545" lon="127.2025655"><time>2026-09-10T06:20:57Z</time><extensions><accuracy>8.8</accuracy></extensions></trkpt>
<trkpt lat="37.8889802" lon="127.2025394"><time>2026-09-10T06:20:58Z</time><extensions><accuracy>8.5</accuracy></extensions></trkpt>
<trkpt lat="37.8890073" lon="127.2024937"><time>2026-09-10T06:20:59Z</time><extensions><accuracy>9.4</accuracy></extensions></trkpt>
<trkpt lat="37.8889399" lon="127.2024801"><time>2026-09-10T06:21:00Z</time><extensions><accuracy>41.1</accuracy></extensions></trkpt>
<trkpt lat="37.8889733" lon="127.2024757"><time>2026-09-10T06:21:01Z</time><extensions><accuracy>36.1</accuracy></extensions></trkpt>
<trkpt lat="37.8890415" lon="127.2024232"><time>2026-09-10T06:21:02Z</time><extensions><accuracy>56.2</accuracy></extensions></trkpt>
<trkpt lat="37.8890664" lon="127.2024464"><time>2026-09-10T06:21:03Z</time><extensions><accuracy>36.5</accuracy></extensions></trkpt>
<trkpt lat="37.8890811" lon="127.2023136"><time>2026-09-10T06:21:04Z</time><extensions><accuracy>43.5</accuracy></extensions></trkpt>
<trkpt lat="37.8890991" lon="127.2023313"><time>2026-09-10T06:21:05Z</time><extensions><accuracy>55.4</accuracy></extensions></trkpt>
<trkpt lat="37.8892437" lon="127.2023825"><time>2026-09-10T06:21:06Z</time><extensions><accuracy>37.2</accuracy></extensions></trkpt>
<trkpt lat="37.8892770" lon="127.2022425"><time>2026-09-10T06:21:07Z</time><extensions><accuracy>45.2</accuracy></extensions></trkpt>
<trkpt lat="37.8893586" lon="127.2023005"><time>2026-09-10T06:21:08Z</time><extensions><accuracy>55.1</accuracy></extensions></trkpt>
<trkpt lat="37.8893924" lon="127.2022752"><time>2026-09-10T06:21:09Z</time><extensions><accuracy>44.6</accuracy></extensions></trkpt>
<trkpt lat="37.8893344" lon="127.2020957"><time>2026-09-10T06:21:10Z</time><extensions><accuracy>37.9</accuracy></extensions></trkpt>
<trkpt lat="37.8893058" lon="127.2020388"><time>2026-09-10T06:21:11Z</time><extensions><accuracy>53.8</accuracy></extensions></trkpt>
<trkpt lat="37.8893422" lon="127.2019934"><time>2026-09-10T06:21:12Z</time><extensions><accuracy>47.1</accuracy></extensions></trkpt>
<trkpt lat="37.8893761" lon="127.2020132"><time>2026-09-10T06:21:13Z</time><extensions><accuracy>48.2</accuracy></extensions></trkpt>
<trkpt lat="37.8893502" lon="127.2019955"><time>2026-09-10T06:21:14Z</time><extensions><accuracy>50.9</accuracy></extensions></trkpt>
<trkpt lat="37.8893941" lon="127.2021004"><time>2026-09-10T06:21:15Z</time><extensions><accuracy>50.8</accuracy></extensions></trkpt>
<trkpt lat="37.8894038" lon="127.2019976"><time>2026-09-10T06:21:16Z</time><extensions><accuracy>54.5</accuracy></extensions></trkpt>
<trkpt lat="37.8894242" lon="127.2019449"><time>2026-09-10T06:21:17Z</time><extensions><accuracy>59.4</accuracy></extensions></trkpt>
<trkpt lat="37.8895318" lon="127.2019660"><time>2026-09-10T06:21:18Z</time><extensions><accuracy>45.7</accuracy></extensions></trkpt>
<trkpt lat="37.8895969" lon="127.2019799"><time>2026-09-10T06:21:19Z</time><extensions><accuracy>45.5</accuracy></extensions></trkpt>
<trkpt lat="37.8897017" lon="127.2019237"><time>2026-09-10T06:21:20Z</time><extensions><accuracy>55.5</accuracy></extensions></trkpt>
<trkpt lat="37.8897467" lon="127.2018867"><time>2026-09-10T06:21:21Z</time><extensions><accuracy>45.0</accuracy></extensions></trkpt>
<trkpt lat="37.8897259" lon="127.2019159"><time>2026-09-10T06:21:22Z</time><extensions><accuracy>49.1</accuracy></extensions></trkpt>
<trkpt lat="37.8897886" lon="127.2018988"><time>2026-09-10T06:21:23Z</time><extensions><accuracy>41.1</accuracy></extensions></trkpt>
<trkpt lat="37.8898042" lon="127.2019090"><time>2026-09-10T06:21:24Z</time><extensions><accuracy>55.4</accuracy></extensions></trkpt>
<trkpt lat="37.8898489" lon="127.2018270"><time>2026-09-10T06:21:25Z</time><extensions><accuracy>39.9</accuracy></extensions></trkpt>
<trkpt lat="37.8899014" lon="127.2018029"><time>2026-09-10T06:21:26Z</time><extensions><accuracy>52.5</accuracy></extensions></trkpt>
<trkpt lat="37.8900352" lon="127.2017313"><time>2026-09-10T06:21:27Z</time><extensions><accuracy>48.7</accuracy></extensions></trkpt>
<trkpt lat="37.8900605" lon="127.2016586"><time>2026-09-10T06:21:28Z</time><extensions><accuracy>44.5</accuracy></extensions></trkpt>
<trkpt lat="37.8900822" lon="127.2016415"><time>2026-09-10T06:21:29Z</time><extensions><accuracy>49.2</accuracy></extensions></trkpt>
<trkpt lat="37.8900828" lon="127.2016326"><time>2026-09-10T06:21:30Z</time><extensions><accuracy>9.6</accuracy></extensions></trkpt>
<trkpt lat="37.8900947" lon="127.2015835"><time>2026-09-10T06:21:31Z</time><extensions><accuracy>8.2</accuracy></extensions></trkpt>
<trkpt lat="37.8901065" lon="127.2015651"><time>2026-09-10T06:21:32Z</time><extensions><accuracy>6.3</accuracy></extensions></trkpt>
<trkpt lat="37.8901249" lon="127.2015325"><time>2026-09-10T06:21:33Z</time><extensions><accuracy>8.2</accuracy></extensions></trkpt>
<trkpt lat="37.8901493" lon="127.2014982"><time>2026-09-10T06:21:34Z</time><extensions><accuracy>7.5</accuracy></extensions></trkpt>
<trkpt lat="37.8901539" lon="127.2014786"><time>2026-09-10T06:21:35Z</time><extensions><accuracy>9.7</accuracy></extensions></trkpt>
<trkpt lat="37.8901685" lon="127.2014622"><time>2026-09-10T06:21:36Z</time><extensions><accuracy>8.8</accuracy></extensions></trkpt>
<trkpt lat="37.8901999" lon="127.2014403"><time>2026-09-10T06:21:37Z</time><extensions><accuracy>6.5</accuracy></extensions></trkpt>
<trkpt lat="37.8902158" lon="127.2013997"><time>2026-09-10T06:21:38Z</time><extensions><accuracy>6.1</accuracy></extensions></trkpt>
<trkpt lat="37.8902391" lon="127.2013836"><time>2026-09-10T06:21:39Z</time><extensions><accuracy>6.2</accuracy></extensions></trkpt>
<trkpt lat="37.8902525" lon="127.2013519"><time>2026-09-10T06:21:40Z</time><extensions><accuracy>8.0</accuracy></extensions></trkpt>
<trkpt lat="37.8902542" lon="127.2013395"><time>2026-09-10T06:21:41Z</time><extensions><accuracy>7.4</accuracy></extensions></trkpt>
<trkpt lat="37.8902976" lon="127.2012949"><time>2026-09-10T06:21:42Z</time><extensions><accuracy>9.8</accuracy></extensions></trkpt>
<trkpt lat="37.8903052" lon="127.2012825"><time>2026-09-10T06:21:43Z</time><extensions><accuracy>9.2</accuracy></extensions></trkpt>
<trkpt lat="37.8903326" lon="127.2012623"><time>2026-09-10T06:21:44Z</time><extensions><accuracy>9.6</accuracy></extensions></trkpt>
<trkpt lat="37.8903495" lon="127.2012517"><time>2026-09-10T06:21:45Z</time><extensions><accuracy>9.1</accuracy></extensions></trkpt>
<trkpt lat="37.8903803" lon="127.2012264"><time>2026-09-10T06:21:46Z</time><extensions><accuracy>7.9</accuracy></extensions></trkpt>
<trkpt lat="37.8904109" lon="127.2011904"><time>2026-09-10T06:21:47Z</time><extensions><accuracy>9.3</accuracy></extensions></trkpt>
<trkpt lat="37.8904344" lon="127.2011736"><time>2026-09-10T06:21:48Z</time><extensions><accuracy>7.2</accuracy></extensions></trkpt>
<trkpt lat="37.8904638" lon="127.2011668"><time>2026-09-10T06:21:49Z</time><extensions><accuracy>8.0</accuracy></extensions></trkpt>
<trkpt lat="37.8904972" lon="127.2011113"><time>2026-09-10T06:21:50Z</time><extensions><accuracy>9.5</accuracy></extensions></trkpt>
<trkpt lat="37.8905101" lon="127.2010977"><time>2026-09-10T06:21:51Z</time><extensions><accuracy>8.2</accuracy></extensions></trkpt>
<trkpt lat="37.8905391" lon="127.2010779"><time>2026-09-10T06:21:52Z</time><extensions><accuracy>7.9</accuracy></extensions></trkpt>
<trkpt lat="37.8905529" lon="127.2010895"><time>2026-09-10T06:21:53Z</time><extensions><accuracy>9.4</accuracy></extensions></trkpt>
<trkpt lat="37.8905796" lon="127.2010738"><time>2026-09-10T06:21:54Z</time><extensions><accuracy>6.8</accuracy></extensions></trkpt>
<trkpt lat="37.8905836" lon="127.2010488"><time>2026-09-10T06:21:55Z</time><extensions><accuracy>6.3</accuracy></extensions></trkpt>
<trkpt lat="37.8905915" lon="127.2010477"><time>2026-09-10T06:21:56Z</time><extensions><accuracy>8.8</accuracy></extensions></trkpt>
<trkpt lat="37.8906109" lon="127.2010436"><time>2026-09-10T06:21:57Z</time><extensions><accuracy>6.8</accuracy></extensions></trkpt>
<trkpt lat="37.8906428" lon="127.2010310"><time>2026-09-10T06:21:58Z</time><extensions><accuracy>6.9</accuracy></extensions></trkpt>
<trkpt lat="37.8906590" lon="127.2010077"><time>2026-09-10T06:21:59Z</time><extensions><accuracy>8.2</accuracy></extensions></trkpt>
<trkpt lat="37.8906740" lon="127.2010153"><time>2026-09-10T06:22:00Z</time><extensions><accuracy>8.4</accuracy></extensions></trkpt>
<trkpt lat="37.8907030" lon="127.2009689"><time>2026-09-10T06:22:01Z</time><extensions><accuracy>6.1</accuracy></extensions></trkpt>
<trkpt lat="37.8907079" lon="127.2009236"><time>2026-09-10T06:22:02Z</time><extensions><accuracy>8.3</accuracy></extensions></trkpt>
<trkpt lat="37.8907459" lon="127.2009199"><time>2026-09-10T06:22:03Z</time><extensions><accuracy>6.6</accuracy></extensions></trkpt>
<trkpt lat="37.8907599" lon="127.2009024"><time>2026-09-10T06:22:04Z</time><extensions><accuracy>8.9</accuracy></extensions></trkpt>
<trkpt lat="37.8907650" lon="127.2008959"><time>2026-09-10T06:22:05Z</time><extensions><accuracy>7.7</accuracy></extensions></trkpt>
<trkpt lat="37.8907908" lon="127.2008766"><time>2026-09-10T06:22:06Z</time><extensions><accuracy>6.3</accuracy></extensions></trkpt>
<trkpt lat="37.8908181" lon="127.2008880"><time>2026-09-10T06:22:07Z</time><extensions><accuracy>9.4</accuracy></extensions></trkpt>
<trkpt lat="37.8908382" lon="127.2008601"><time>2026-09-10T06:22:08Z</time><extensions><accuracy>7.3</accuracy></extensions></trkpt>
<trkpt lat="37.8908544" lon="127.2008484"><time>2026-09-10T06:22:09Z</time><extensions><accuracy>9.8</accuracy></extensions></trkpt>
<trkpt lat="37.8908846" lon="127.2008675"><time>2026-09-10T06:22:10Z</time><extensions><accuracy>8.0</accuracy></extensions></trkpt>
<trkpt lat="37.8909193" lon="127.2008590"><time>2026-09-10T06:22:11Z</time><extensions><accuracy>7.4</accuracy></extensions></trkpt>
<trkpt lat="37.8909617" lon="127.2008313"><time>2026-09-10T06:22:12Z</time><extensions><accuracy>8.9</accuracy></extensions></trkpt>
<trkpt lat="37.8909949" lon="127.2008445"><time>2026-09-10T06:22:13Z</time><extensions><accuracy>9.8</accuracy></extensions></trkpt>
<trkpt lat="37.8910254" lon="127.2008332"><time>2026-09-10T06:22:14Z</time><extensions><accuracy>9.1</accuracy></extensions></trkpt>
<trkpt lat="37.8910433" lon="127.2008237"><time>2026-09-10T06:22:15Z</time><extensions><accuracy>7.7</accuracy></extensions></trkpt>
<trkpt lat="37.8910745" lon="127.2008168"><time>2026-09-10T06:22:16Z</time><extensions><accuracy>8.9</accuracy></extensions></trkpt>
<trkpt lat="37.8911108" lon="127.2008117"><time>2026-09-10T06:22:17Z</time><extensions><accuracy>7.3</accuracy></extensions></trkpt>
<trkpt lat="37.8911397" lon="127.2008009"><time>2026-09-10T06:22:18Z</time><extensions><accuracy>8.4</accuracy></extensions></trkpt>
<trkpt lat="37.8911884" lon="127.2007969"><time>2026-09-10T06:22:19Z</time><extensions><accuracy>8.9</accuracy></extensions></trkpt>
<trkpt lat="37.8912175" lon="127.2007797"><time>2026-09-10T06:22:20Z</time><extensions><accuracy>8.5</accuracy></extensions></trkpt>
<trkpt lat="37.8912652" lon="127.2007642"><time>2026-09-10T06:22:21Z</time><extensions><accuracy>9.4</accuracy></extensions></trkpt>
<trkpt lat="37.8912906" lon="127.2007366"><time>2026-09-10T06:22:22Z</time><extensions><accuracy>8.1</accuracy></extensions></trkpt>
<trkpt lat="37.8913185" lon="127.2007377"><time>2026-09-10T06:22:23Z</time><extensions><accuracy>8.9</accuracy></extensions></trkpt>
<trkpt lat="37.8913417" lon="127.2007143"><time>2026-09-10T06:22:24Z</time><extensions><accuracy>9.9</accuracy></extensions></trkpt>
<trkpt lat="37.8913530" lon="127.2007109"><time>2026-09-10T06:22:25Z</time><extensions><accuracy>7.0</accuracy></extensions></trkpt>
<trkpt lat="37.8913714" lon="127.2007044"><time>2026-09-10T06:22:26Z</time><extensions><accuracy>9.2</accuracy></extensions></trkpt>
<trkpt lat="37.8913922" lon="127.2006864"><time>2026-09-10T06:22:27Z</time><extensions><accuracy>7.4</accuracy></extensions></trkpt>
<trkpt lat="37.8914166" lon="127.2006770"><time>2026-09-10T06:22:28Z</time><extensions><accuracy>9.8</accuracy></extensions></trkpt>
<trkpt lat="37.8914491" lon="127.2006653"><time>2026-09-10T06:22:29Z</time><extensions><accuracy>8.5</accuracy></extensions></trkpt>
<trkpt lat="37.8914856" lon="127.2006348"><time>2026-09-10T06:22:30Z</time><extensions><accuracy>7.8</accuracy></extensions></trkpt>
<trkpt lat="37.8915130" lon="127.2006361"><time>2026-09-10T06:22:31Z</time><extensions><accuracy>7.1</accuracy></extensions></trkpt>
<trkpt lat="37.8915313" lon="127.2006145"><time>2026-09-10T06:22:32Z</time><extensions><accuracy>7.1</accuracy></extensions></trkpt>
<trkpt lat="37.8915542" lon="127.2006207"><time>2026-09-10T06:22:33Z</time><extensions><accuracy>6.2</accuracy></extensions></trkpt>
<trkpt lat="37.8915867" lon="127.2005967"><time>2026-09-10T06:22:34Z</time><extensions><accuracy>6.8</accuracy></extensions></trkpt>
<trkpt lat="37.8916048" lon="127.2005886"><time>2026-09-10T06:22:35Z</time><extensions><accuracy>8.0</accuracy></extensions></trkpt>
<trkpt lat="37.8916461" lon="127.2005809"><time>2026-09-10T06:22:36Z</time><extensions><accuracy>6.0</accuracy></extensions></trkpt>
<trkpt lat="37.8916565" lon="127.2005627"><time>2026-09-10T06:22:37Z</time><extensions><accuracy>9.7</accuracy></extensions></trkpt>
<trkpt lat="37.8916947" lon="127.2005448"><time>2026-09-10T06:22:38Z</time><extensions><accuracy>8.1</accuracy></extensions></trkpt>
<trkpt lat="37.8917278" lon="127.2005377"><time>2026-09-10T06:22:39Z</time><extensions><accuracy>9.5</accuracy></extensions></trkpt>
<trkpt lat="37.8917292" lon="127.2005435"><time>2026-09-10T06:22:40Z</time><extensions><accuracy>8.1</accuracy></extensions></trkpt>
<trkpt lat="37.8917627" lon="127.2005150"><time>2026-09-10T06:22:41Z</time><extensions><accuracy>9.7</accuracy></extensions></trkpt>
<trkpt lat="37.8917883" lon="127.2005026"><time>2026-09-10T06:22:42Z</time><extensions><accuracy>6.9</accuracy></extensions></trkpt>
<trkpt lat="37.8918258" lon="127.2004966"><time>2026-09-10T06:22:43Z</time><extensions><accuracy>6.9</accuracy></extensions></trkpt>
<trkpt lat="37.8918680" lon="127.2004876"><time>2026-09-10T06:22:44Z</time><extensions><accuracy>7.2</accuracy></extensions></trkpt>
<trkpt lat="37.8919104" lon="127.2004539"><time>2026-09-10T06:22:45Z</time><extensions><accuracy>9.8</accuracy></extensions></trkpt>
<trkpt lat="37.8919487" lon="127.2004360"><time>2026-09-10T06:22:46Z</time><extensions><accuracy>9.8</accuracy></extensions></trkpt>
<trkpt lat="37.8919753" lon="127.2004361"><time>2026-09-10T06:22:47Z</time><extensions><accuracy>6.2</accuracy></extensions></trkpt>
<trkpt lat="37.8920262" lon="127.2004244"><time>2026-09-10T06:22:48Z</time><extensions><accuracy>10.0</accuracy></extensions></trkpt>
<trkpt lat="37.8920574" lon="127.2004333"><time>2026-09-10T06:22:49Z</time><extensions><accuracy>9.2</accuracy></extensions></trkpt>
<trkpt lat="37.8921040" lon="127.2004288"><time>2026-09-10T06:22:50Z</time><extensions><accuracy>9.5</accuracy></extensions></trkpt>
<trkpt lat="37.8921369" lon="127.2004045"><time>2026-09-10T06:22:51Z</time><extensions><accuracy>7.9</accuracy></extensions></trkpt>
<trkpt lat="37.8921719" lon="127.2003894"><time>2026-09-10T06:22:52Z</time><extensions><accuracy>8.7</accuracy></extensions></trkpt>
<trkpt lat="37.8921970" lon="127.2003869"><time>2026-09-10T06:22:53Z</time><extensions><accuracy>7.7</accuracy></extensions></trkpt>
<trkpt lat="37.8922408" lon="127.2003713"><time>2026-09-10T06:22:54Z</time><extensions><accuracy>6.8</accuracy></extensions></trkpt>
<trkpt lat="37.8922580" lon="127.2003794"><time>2026-09-10T06:22:55Z</time><extensions><accuracy>8.0</accuracy></extensions></trkpt>
<trkpt lat="37.8922971" lon="127.2003601"><time>2026-09-10T06:22:56Z</time><extensions><accuracy>6.7</accuracy></extensions></trkpt>
<trkpt lat="37.8923155" lon="127.2003538"><time>2026-09-10T06:22:57Z</time><extensions><accuracy>9.5</accuracy></extensions></trkpt>
<trkpt lat="37.8923516" lon="127.2003299"><time>2026-09-10T06:22:58Z</time><extensions><accuracy>6.9</accuracy></extensions></trkpt>
<trkpt lat="37.8923712" lon="127.2002905"><time>2026-09-10T06:22:59Z</time><extensions><accuracy>9.1</accuracy></extensions></trkpt>
<trkpt lat="37.8924066" lon="127.2002700"><time>2026-09-10T06:23:00Z</time><extensions><accuracy>10.0</accuracy></extensions></trkpt>
<trkpt lat="37.8924561" lon="127.2002741"><time>2026-09-10T06:23:01Z</time><extensions><accuracy>9.3</accuracy></extensions></trkpt>
<trkpt lat="37.8924904" lon="127.2002653"><time>2026-09-10T06:23:02Z</time><extensions><accuracy>9.7</accuracy></extensions></trkpt>
<trkpt lat="37.8925125" lon="127.2002709"><time>2026-09-10T06:23:03Z</time><extensions><accuracy>9.2</accuracy></extensions></trkpt>
<trkpt lat="37.8925578" lon="127.2002525"><time>2026-09-10T06:23:04Z</time><extensions><accuracy>9.3</accuracy></extensions></trkpt>
<trkpt lat="37.8926062" lon="127.2002280"><time>2026-09-10T06:23:05Z</time><extensions><accuracy>9.4</accuracy></extensions></trkpt>
<trkpt lat="37.8926475" lon="127.2002100"><time>2026-09-10T06:23:06Z</time><extensions><accuracy>7.5</accuracy></extensions></trkpt>
<trkpt lat="37.8926687" lon="127.2002111"><time>2026-09-10T06:23:07Z</time><extensions><accuracy>9.6</accuracy></extensions></trkpt>
<trkpt lat="37.8927203" lon="127.2002211"><time>2026-09-10T06:23:08Z</time><extensions><accuracy>6.1</accuracy></extensions></trkpt>
<trkpt lat="37.8927490" lon="127.2001943"><time>2026-09-10T06:23:09Z</time><extensions><accuracy>7.8</accuracy></extensions></trkpt>
<trkpt lat="37.8927734" lon="127.2001835"><time>2026-09-10T06:23:10Z</time><extensions><accuracy>8.9</accuracy></extensions></trkpt>
<trkpt lat="37.8928000" lon="127.2001679"><time>2026-09-10T06:23:11Z</time><extensions><accuracy>7.3</accuracy></extensions></trkpt>
<trkpt lat="37.8928446" lon="127.2001660"><time>2026-09-10T06:23:12Z</time><extensions><accuracy>9.8</accuracy></extensions></trkpt>
<trkpt lat="37.8928745" lon="127.2001493"><time>2026-09-10T06:23:13Z</time><extensions><accuracy>9.5</accuracy></extensions></trkpt>
<trkpt lat="37.8929022" lon="127.2001272"><time>2026-09-10T06:23:14Z</time><extensions><accuracy>6.4</accuracy></extensions></trkpt>
<trkpt lat="37.8929449" lon="127.2001350"><time>2026-09-10T06:23:15Z</time><extensions><accuracy>6.4</accuracy></extensions></trkpt>
<trkpt lat="37.8929689" lon="127.2001602"><time>2026-09-10T06:23:16Z</time><extensions><accuracy>6.1</accuracy></extensions></trkpt>
<trkpt lat="37.8930014" lon="127.2001486"><time>2026-09-10T06:23:17Z</time><extensions><accuracy>7.0</accuracy></extensions></trkpt>
<trkpt lat="37.8930496" lon="127.2001471"><time>2026-09-10T06:23:18Z</time><extensions><accuracy>6.8</accuracy></extensions></trkpt>
<trkpt lat="37.8930820" lon="127.2001125"><time>2026-09-10T06:23:19Z</time><extensions><accuracy>8.3</accuracy></extensions></trkpt>
<trkpt lat="37.8931219" lon="127.2001154"><time>2026-09-10T06:23:20Z</time><extensions><accuracy>8.9</accuracy></extensions></trkpt>
<trkpt lat="37.8931549" lon="127.2000950"><time>2026-09-10T06:23:21Z</time><extensions><accuracy>6.1</accuracy></extensions></trkpt>
<trkpt lat="37.8932115" lon="127.2000613"><time>2026-09-10T06:23:22Z</time><extensions><accuracy>7.9</accuracy></extensions></trkpt>
<trkpt lat="37.8932227" lon="127.2000756"><time>2026-09-10T06:23:23Z</time><extensions><accuracy>8.4</accuracy></extensions></trkpt>
<trkpt lat="37.8932551" lon="127.2000854"><time>2026-09-10T06:23:24Z</time><extensions><accuracy>9.4</accuracy></extensions></trkpt>
<trkpt lat="37.8933095" lon="127.2000764"><time>2026-09-10T06:23:25Z</time><extensions><accuracy>9.8</accuracy></extensions></trkpt>
<trkpt lat="37.8933503" lon="127.2000965"><time>2026-09-10T06:23:26Z</time><extensions><accuracy>7.9</accuracy></extensions></trkpt>
<trkpt lat="37.8933695" lon="127.2000814"><time>2026-09-10T06:23:27Z</time><extensions><accuracy>6.8</accuracy></extensions></trkpt>
<trkpt lat="37.8933910" lon="127.2000859"><time>2026-09-10T06:23:28Z</time><extensions><accuracy>9.4</accuracy></extensions></trkpt>
<trkpt lat="37.8934144" lon="127.2000294"><time>2026-09-10T06:23:29Z</time><extensions><accuracy>9.4</accuracy></extensions></trkpt>
<trkpt lat="37.8934557" lon="127.2000419"><time>2026-09-10T06:23:30Z</time><extensions><accuracy>6.5</accuracy></extensions></trkpt>
<trkpt lat="37.8934949" lon="127.2000281"><time>2026-09-10T06:23:31Z</time><extensions><accuracy>8.0</accuracy></extensions></trkpt>
<trkpt lat="37.8935156" lon="127.2000266"><time>2026-09-10T06:23:32Z</time><extensions><accuracy>6.2</accuracy></extensions></trkpt>
<trkpt lat="37.8935533" lon="127.1999970"><time>2026-09-10T06:23:33Z</time><extensions><accuracy>9.2</accuracy></extensions></trkpt>
<trkpt lat="37.8935758" lon="127.1999918"><time>2026-09-10T06:23:34Z</time><extensions><accuracy>6.4</accuracy></extensions></trkpt>
<trkpt lat="37.8936153" lon="127.2000073"><time>2026-09-10T06:23:35Z</time><extensions><accuracy>9.9</accuracy></extensions></trkpt>
<trkpt lat="37.8936494" lon="127.2000233"><time>2026-09-10T06:23:36Z</time><extensions><accuracy>8.9</accuracy></extensions></trkpt>
<trkpt lat="37.8936875" lon="127.2000244"><time>2026-09-10T06:23:37Z</time><extensions><accuracy>6.5</accuracy></extensions></trkpt>
<trkpt lat="37.8937010" lon="127.2000296"><time>2026-09-10T06:23:38Z</time><extensions><accuracy>6.3</accuracy></extensions></trkpt>
<trkpt lat="37.8937303" lon="127.2000429"><time>2026-09-10T06:23:39Z</time><extensions><accuracy>9.7</accuracy></extensions></trkpt>
<trkpt lat="37.8937567" lon="127.2000508"><time>2026-09-10T06:23:40Z</time><extensions><accuracy>8.8</accuracy></extensions></trkpt>
<trkpt lat="37.8937927" lon="127.2000354"><time>2026-09-10T06:23:41Z</time><extensions><accuracy>7.5</accuracy></extensions></trkpt>
<trkpt lat="37.8938290" lon="127.2000423"><time>2026-09-10T06:23:42Z</time><extensions><accuracy>9.1</accuracy></extensions></trkpt>
<trkpt lat="37.8938602" lon="127.2000475"><time>2026-09-10T06:23:43Z</time><extensions><accuracy>7.2</accuracy></extensions></trkpt>
<trkpt lat="37.8938970" lon="127.2000251"><time>2026-09-10T06:23:44Z</time><extensions><accuracy>7.6</accuracy></extensions></trkpt>
<trkpt lat="37.8939233" lon="127.2000343"><time>2026-09-10T06:23:45Z</time><extensions><accuracy>10.0</accuracy></extensions></trkpt>
<trkpt lat="37.8939479" lon="127.2000324"><time>2026-09-10T06:23:46Z</time><extensions><accuracy>7.0</accuracy></extensions></trkpt>
<trkpt lat="37.8939759" lon="127.2000323"><time>2026-09-10T06:23:47Z</time><extensions><accuracy>9.2</accuracy></extensions></trkpt>
<trkpt lat="37.8940003" lon="127.2000345"><time>2026-09-10T06:23:48Z</time><extensions><accuracy>8.0</accuracy></extensions></trkpt>
<trkpt lat="37.8940123" lon="127.1999880"><time>2026-09-10T06:23:49Z</time><extensions><accuracy>7.2</accuracy></extensions></trkpt>
</trkseg></trk>
</gpx>